net/minecraft/client/gui/narration/NarrationSupplier	0	0
net/minecraft/client/searchtree/SuffixArray	229	218
	20	22
	21	23
	23	24
	27	27
	36	35
	37	36
	38	37
	40	38
	41	40
	42	41
	43	42
	44	43
	46	46
	47	47
	48	48
	49	49
	52	52
	54	53
	56	54
	57	55
	58	56
	60	57
	61	57
	62	57
	64	57
	67	58
	68	59
	69	60
	70	61
	71	62
	73	63
	74	64
	75	65
	77	66
	78	67
	79	68
	81	70
	83	72
	84	73
	87	76
	89	78
	90	78
	91	79
	92	80
	93	81
	94	79
	97	84
	99	86
	100	87
	101	88
	103	90
	107	78
	110	95
	111	96
	113	97
	114	98
	115	100
	116	101
	117	102
	118	103
	120	106
	121	107
	123	109
	126	112
	127	113
	129	116
	130	117
	133	120
	134	121
	136	122
	137	124
	138	125
	139	126
	141	129
	142	130
	145	134
	147	137
	152	141
	153	142
	155	144
	156	145
	157	146
	158	147
	161	150
	162	151
	163	152
	164	153
	165	156
	166	157
	170	161
	174	165
	178	166
	179	167
	181	169
	182	170
	183	171
	184	172
	185	173
	187	176
	188	177
	190	179
	194	183
	195	218
	198	184
	200	185
	201	187
	202	188
	203	189
	204	190
	205	191
	207	194
	208	195
	210	197
	214	201
	217	202
	218	204
	219	205
	222	208
	223	209
	225	210
	226	212
	227	213
	229	216
net/minecraft/client/MouseHandler	365	345
	256	242
	258	245
	259	246
	262	250
	263	251
	264	252
	270	255
	271	256
	272	257
	274	260
	275	261
	276	262
	277	263
	22	22
	278	264
	279	265
	280	266
	281	267
	283	268
	284	269
	286	271
	287	272
	289	273
	290	274
	293	277
	294	278
	295	279
	298	282
	299	283
	300	284
	302	286
	305	289
	52	44
	53	45
	309	293
	56	48
	57	120
	313	297
	60	49
	61	50
	317	301
	64	53
	321	305
	67	54
	68	55
	69	56
	325	309
	70	57
	326	310
	71	58
	73	60
	74	61
	75	62
	331	313
	79	66
	335	317
	80	67
	336	332
	81	68
	82	69
	338	318
	339	332
	84	72
	85	73
	341	319
	86	74
	342	320
	87	75
	88	76
	344	323
	345	324
	90	79
	346	325
	347	326
	92	82
	348	327
	349	328
	94	83
	350	329
	351	332
	96	84
	97	85
	98	86
	354	335
	355	341
	101	89
	357	336
	102	90
	358	337
	103	91
	359	338
	360	339
	105	92
	361	341
	106	93
	107	94
	364	344
	109	96
	365	345
	112	101
	113	102
	114	103
	115	104
	116	105
	117	106
	118	107
	121	110
	122	111
	123	112
	124	113
	126	115
	130	120
	133	123
	134	124
	135	125
	136	126
	137	127
	138	128
	140	129
	141	130
	142	131
	143	132
	144	133
	145	134
	146	135
	147	136
	149	139
	150	140
	152	143
	153	144
	155	145
	156	146
	157	147
	158	148
	161	151
	162	152
	164	153
	165	154
	166	155
	167	156
	169	158
	170	159
	177	162
	181	167
	184	170
	185	171
	188	174
	189	175
	191	177
	194	181
	195	182
	196	183
	197	184
	199	186
	200	187
	201	189
	202	190
	204	193
	205	194
	206	195
	207	196
	210	200
	211	201
	212	202
	214	204
	216	206
	219	209
	220	224
	222	210
	223	211
	224	212
	225	213
	226	224
	229	215
	230	216
	231	217
	234	220
	235	221
	236	224
	240	227
	241	228
	242	229
	243	230
	244	231
	245	232
	246	233
	247	234
	249	235
	251	236
	252	237
	253	238
	254	239
net/minecraft/client/model/WitherBossModel	106	95
	64	62
	67	64
	68	65
	69	65
	72	67
	73	67
	74	68
	75	69
	77	70
	82	75
	87	79
	88	80
	90	81
	91	82
	93	83
	94	84
	95	85
	32	31
	33	32
	34	33
	99	88
	36	34
	100	89
	37	35
	101	90
	38	36
	39	37
	104	93
	105	94
	42	40
	106	95
	43	41
	45	42
	46	43
	47	43
	51	45
	53	46
	54	48
	55	49
	56	51
	57	53
	58	55
	59	57
	61	59
	62	61
	63	61
net/minecraft/client/renderer/entity/OminousItemSpawnerRenderer	49	46
	33	32
	34	46
	37	33
	38	34
	39	35
	40	36
	43	39
	44	40
	45	41
	46	42
	47	43
	48	44
	49	46
	20	22
	21	23
	22	24
	26	27
	31	31
com/mojang/realmsclient/client/RealmsClient	456	455
	256	228
	258	229
	259	230
	260	231
	264	235
	265	236
	266	237
	270	241
	271	242
	272	243
	273	244
	276	247
	277	248
	278	249
	279	250
	283	253
	284	254
	285	255
	289	259
	290	260
	291	261
	294	264
	295	267
	296	268
	300	272
	301	273
	302	274
	47	438
	48	439
	49	440
	306	278
	307	279
	308	280
	55	446
	312	284
	56	447
	313	285
	57	448
	314	286
	60	451
	61	452
	318	290
	62	453
	319	291
	63	454
	320	292
	64	455
	324	296
	69	47
	325	297
	70	48
	326	298
	71	49
	72	50
	74	51
	330	303
	331	305
	332	306
	333	307
	337	311
	338	312
	339	313
	340	314
	344	318
	345	319
	346	320
	351	324
	355	328
	356	329
	357	330
	358	331
	359	332
	363	336
	367	340
	368	341
	369	342
	372	345
	373	346
	374	347
	379	352
	380	353
	128	101
	384	357
	129	102
	385	358
	386	359
	133	106
	389	362
	134	107
	390	363
	135	108
	391	364
	394	367
	139	112
	395	368
	140	113
	396	369
	141	114
	143	115
	144	116
	400	373
	401	374
	402	375
	147	119
	148	120
	149	121
	405	378
	406	379
	151	124
	407	380
	152	125
	411	384
	156	129
	412	385
	157	130
	413	386
	158	131
	416	389
	162	135
	163	136
	164	137
	421	394
	422	395
	423	396
	168	141
	169	142
	170	143
	428	401
	429	402
	174	147
	430	403
	175	149
	431	404
	176	150
	177	151
	434	407
	180	155
	436	408
	437	421
	438	422
	184	159
	185	160
	441	409
	186	161
	443	410
	444	412
	189	164
	445	413
	190	165
	446	414
	191	166
	447	415
	194	169
	450	417
	195	170
	451	418
	196	171
	454	411
	455	424
	200	175
	456	425
	201	176
	202	177
	206	181
	207	182
	208	183
	212	187
	213	188
	214	189
	218	193
	219	194
	220	195
	221	196
	222	197
	225	200
	226	201
	227	202
	231	206
	232	207
	236	210
	237	211
	238	212
	241	210
	245	217
	246	218
	247	219
	250	222
	251	223
	252	224
	255	227
com/mojang/realmsclient/exception/RealmsServiceException	14	17
	9	12
	10	13
	14	17
net/minecraft/client/gui/components/toasts/ToastComponent	162	158
	130	132
	131	133
	132	134
	133	134
	135	134
	140	138
	142	139
	143	140
	144	141
	147	144
	148	145
	151	148
	152	149
	153	150
	26	26
	154	151
	27	27
	156	152
	157	153
	30	30
	158	154
	31	54
	159	155
	34	31
	162	158
	35	32
	36	33
	37	34
	38	35
	40	37
	43	40
	44	41
	45	42
	46	43
	47	44
	48	45
	49	46
	50	47
	52	49
	55	54
	58	57
	59	58
	60	60
	61	61
	62	62
	63	63
	64	64
	68	69
	72	73
	78	78
	79	79
	80	80
	83	84
	84	85
	85	86
	88	90
	92	94
	93	95
	94	96
	95	97
	98	100
	99	101
	102	104
	106	108
	120	122
	121	123
	122	124
	123	125
	126	128
net/minecraft/client/renderer/texture/OverlayTexture	73	64
	64	55
	34	25
	35	26
	68	59
	40	31
	72	63
	41	32
	73	64
	42	33
	43	34
	44	35
	48	39
	17	14
	49	40
	52	43
	53	44
	22	15
	23	18
	56	47
	27	20
	28	21
	60	51
	29	22
	31	23
net/minecraft/client/renderer/entity/layers/EnderEyesLayer	18	21
	18	21
	10	13
	13	16
	14	17
net/minecraft/client/gui/components/MultiLineLabel	124	130
	69	66
	70	67
	74	71
	75	73
	76	74
	77	75
	79	77
	18	19
	83	81
	84	83
	85	84
	22	23
	86	85
	88	87
	26	27
	92	91
	93	93
	30	31
	94	94
	95	95
	97	98
	35	36
	101	102
	102	103
	103	104
	40	41
	105	107
	106	108
	107	110
	108	111
	45	46
	110	114
	111	116
	112	117
	49	50
	114	120
	53	54
	119	125
	57	58
	58	58
	124	130
net/minecraft/client/gui/screens/BackupConfirmScreen	62	72
	21	23
	22	24
	23	25
	24	26
	25	27
	26	28
	30	32
	32	33
	34	34
	35	36
	36	41
	37	46
	38	48
	39	49
	40	50
	42	52
	46	56
	47	57
	48	58
	49	59
	53	63
	58	68
	59	69
	60	70
	62	72
net/minecraft/client/resources/metadata/texture/package-info	0	0
com/mojang/realmsclient/util/task/ResettingWorldTask	62	66
	11	14
	19	20
	20	21
	21	22
	22	23
	28	29
	29	30
	31	34
	32	35
	35	38
	37	39
	38	40
	41	43
	43	44
	44	45
	45	46
	46	47
	48	50
	49	52
	50	53
	51	54
	53	57
	54	58
	55	59
	56	51
	58	62
	62	66
net/minecraft/client/renderer/entity/layers/SlimeOuterLayer	44	43
	34	32
	35	33
	37	35
	40	38
	41	39
	42	40
	43	41
	44	43
	20	23
	21	24
	22	25
	26	28
	27	29
	29	30
	30	43
net/minecraft/client/renderer/entity/RabbitRenderer	37	39
	32	34
	33	35
	34	36
	35	37
	36	38
	37	39
	10	13
	11	14
	12	15
	13	16
	14	17
	15	18
	16	19
	17	20
	20	23
	21	24
	25	27
	26	28
	27	29
	30	32
	31	33
net/minecraft/client/renderer/texture/SimpleTexture	124	128
	19	21
	24	25
	25	26
	29	30
	32	31
	34	32
	35	35
	36	36
	37	37
	39	39
	40	40
	42	43
	43	44
	44	45
	45	45
	46	45
	48	47
	50	49
	53	52
	54	53
	55	54
	58	57
	70	70
	71	71
	72	72
	73	73
	76	76
	77	77
	78	78
	79	79
	83	83
	86	86
	87	87
	89	90
	91	93
	92	94
	93	95
	95	98
	96	99
	97	100
	103	106
	107	110
	108	111
	110	113
	115	119
	116	120
	118	122
	121	125
	122	126
	124	128
net/minecraft/client/gui/screens/options/MouseSettingsScreen	35	34
	33	32
	35	34
	13	15
	15	18
	16	19
	17	19
	18	19
	19	19
	20	19
	25	24
	26	25
	30	29
	31	30
net/minecraft/client/multiplayer/resolver/ResolvedServerAddress	33	36
	33	36
	18	21
	23	26
	28	31
	15	18
net/minecraft/client/particle/TrialSpawnerDetectionParticle	69	68
	64	64
	65	65
	69	68
	13	15
	14	16
	15	17
	16	18
	17	19
	19	20
	20	21
	21	22
	22	23
	23	24
	24	25
	26	26
	28	27
	29	28
	30	29
	31	30
	32	31
	36	35
	41	40
	46	45
	51	50
	52	51
	53	52
	57	56
net/minecraft/client/gui/font/FontOption	54	51
	33	31
	36	32
	39	35
	40	36
	11	14
	43	39
	12	15
	44	40
	45	41
	15	17
	48	45
	20	21
	52	49
	21	22
	53	50
	54	51
	25	25
	31	31
com/mojang/blaze3d/shaders/package-info	0	0
net/minecraft/client/particle/SculkChargeParticle	46	48
	33	33
	34	34
	35	35
	40	42
	41	43
	10	13
	42	44
	11	14
	43	45
	44	46
	13	15
	45	47
	14	16
	46	48
	16	17
	18	18
	19	19
	23	23
	28	28
net/minecraft/client/renderer/GameRenderer	1501	1640
	1024	1189
	1026	1191
	1027	1192
	1028	1193
	1032	1198
	1036	1202
	1037	1203
	1038	1204
	1039	1205
	1042	1208
	1044	1209
	1045	1210
	1047	1211
	1048	1212
	1049	1213
	1051	1214
	1052	1215
	1054	1216
	1056	1217
	1057	1218
	1059	1219
	1060	1220
	1061	1221
	1062	1222
	1064	1225
	1066	1226
	1067	1227
	1068	1228
	1069	1229
	1071	1230
	1072	1231
	1074	1232
	1075	1233
	1076	1234
	1077	1235
	1078	1236
	1081	1239
	1083	1240
	1084	1241
	1086	1242
	1087	1245
	1111	1246
	1112	1247
	1113	1248
	90	89
	1114	1249
	91	90
	1116	1252
	1117	1253
	94	92
	1120	1256
	1121	1257
	1122	1258
	1123	1259
	1124	1260
	1127	1263
	1131	1267
	1132	1268
	1133	1269
	1134	1270
	1135	1271
	1138	1274
	1139	1300
	1142	1275
	1143	1276
	1144	1277
	1145	1278
	1146	1279
	1147	1280
	1149	1281
	1150	1282
	1152	1283
	1153	1284
	1154	1285
	1155	1286
	1156	1287
	1157	1288
	1158	1289
	1159	1290
	1160	1291
	1161	1292
	1163	1298
	1164	1300
	1167	1303
	1168	1304
	1170	1305
	1171	1306
	1172	1307
	1173	1308
	1174	1309
	1176	1310
	1177	1311
	1178	1312
	1180	1313
	1181	1314
	1182	1315
	1183	1316
	1184	1317
	1185	1318
	1186	1319
	1187	1320
	1188	1321
	1189	1322
	1190	1323
	1192	1324
	1193	1325
	1196	1328
	1200	1332
	1204	1336
	1208	1340
	1212	1344
	1216	1348
	1221	1353
	1226	1358
	1231	1363
	1236	1368
	1241	1373
	1246	1378
	1251	1383
	1256	1388
	1261	1393
	1266	1398
	1271	1403
	1276	1408
	1281	1413
	1286	1418
	1291	1423
	1296	1428
	276	250
	277	251
	1301	1433
	278	252
	279	253
	280	254
	281	255
	1306	1438
	283	256
	284	257
	1311	1443
	288	261
	289	262
	290	263
	291	264
	292	265
	1316	1448
	293	266
	294	267
	296	270
	297	271
	1321	1453
	299	273
	302	276
	1326	1458
	303	277
	306	280
	307	281
	1331	1463
	310	284
	311	285
	1336	1468
	314	288
	1341	1473
	318	292
	319	293
	321	296
	322	297
	1346	1478
	325	300
	326	301
	1351	1483
	329	304
	330	305
	332	308
	1356	1488
	334	309
	335	310
	336	311
	337	312
	1361	1493
	338	313
	339	314
	341	316
	1366	1498
	344	319
	345	320
	1371	1503
	349	324
	350	325
	351	326
	352	327
	1376	1508
	353	328
	354	329
	355	330
	356	331
	357	332
	1381	1513
	359	334
	362	337
	1386	1518
	363	338
	367	342
	1391	1523
	368	343
	369	344
	370	345
	371	346
	372	347
	1396	1528
	374	349
	377	352
	1401	1533
	378	353
	379	354
	380	355
	382	357
	1406	1538
	1411	1543
	387	1639
	388	1640
	389	1640
	391	1640
	1416	1548
	396	360
	1421	1553
	400	362
	401	365
	402	366
	1426	1558
	404	372
	405	373
	406	374
	407	375
	1431	1563
	408	376
	409	377
	411	378
	1436	1568
	413	380
	414	381
	1441	1573
	419	385
	420	386
	421	387
	1446	1578
	423	390
	424	391
	425	392
	1451	1583
	429	395
	1456	1588
	435	401
	436	402
	1461	1593
	439	406
	440	407
	441	408
	1466	1598
	444	411
	445	412
	446	413
	447	414
	1471	1603
	448	415
	449	416
	452	417
	1476	1608
	453	418
	457	422
	1481	1613
	458	423
	459	424
	460	425
	461	426
	1486	1618
	466	431
	1491	1623
	470	432
	471	433
	472	434
	1496	1628
	473	435
	475	436
	1501	1633
	478	439
	479	440
	480	442
	481	447
	482	453
	483	457
	484	462
	486	466
	487	471
	488	475
	489	479
	490	485
	491	491
	492	497
	493	503
	494	509
	495	515
	496	521
	497	527
	498	533
	499	539
	500	545
	501	550
	502	556
	503	562
	504	568
	505	574
	506	578
	507	583
	508	589
	509	594
	510	600
	511	606
	512	612
	513	617
	514	623
	515	629
	516	635
	517	641
	518	647
	519	653
	520	659
	521	665
	522	671
	523	675
	524	679
	525	685
	526	691
	527	697
	528	702
	529	706
	530	711
	531	717
	532	723
	533	729
	534	732
	535	733
	536	734
	537	735
	540	738
	542	739
	543	740
	544	741
	545	742
	546	743
	547	744
	550	747
	551	748
	552	749
	553	750
	557	754
	558	754
	560	754
	564	758
	565	759
	567	760
	568	761
	570	764
	571	765
	572	766
	574	767
	575	786
	578	768
	580	769
	581	770
	582	771
	583	772
	584	773
	586	775
	587	776
	590	779
	591	780
	592	781
	593	782
	596	786
	600	790
	604	794
	605	795
	607	798
	608	799
	611	802
	612	803
	615	806
	616	807
	617	818
	619	808
	620	818
	623	809
	625	810
	626	811
	628	812
	629	813
	630	814
	632	815
	633	818
	637	821
	638	822
	640	823
	642	824
	643	825
	646	826
	647	827
	648	828
	651	831
	652	832
	654	833
	655	834
	656	835
	658	836
	659	837
	661	838
	666	842
	667	843
	668	844
	669	845
	670	846
	672	848
	676	853
	677	854
	679	855
	682	858
	683	859
	685	860
	686	861
	688	864
	689	865
	691	867
	694	870
	695	871
	698	874
	699	875
	700	876
	701	877
	703	880
	704	881
	706	882
	709	885
	710	886
	711	887
	714	890
	718	894
	720	895
	722	896
	723	897
	725	898
	728	901
	729	902
	731	905
	732	906
	734	907
	736	908
	737	909
	738	910
	739	911
	741	913
	744	916
	745	925
	747	917
	749	918
	750	919
	751	920
	752	921
	753	922
	754	923
	755	925
	758	928
	759	929
	760	930
	761	931
	762	932
	763	933
	764	934
	765	935
	768	938
	769	975
	772	939
	774	940
	775	941
	776	942
	777	943
	778	944
	779	945
	781	946
	782	947
	783	948
	786	951
	788	952
	789	956
	790	957
	791	965
	794	968
	795	969
	796	970
	797	971
	798	972
	800	975
	803	978
	804	979
	807	982
	808	983
	809	984
	810	985
	812	988
	816	994
	820	998
	821	999
	822	999
	824	999
	829	1003
	830	1010
	832	1006
	833	1007
	837	1013
	838	1126
	841	1014
	843	1015
	844	1016
	846	1017
	847	1018
	848	1019
	850	1020
	852	1021
	854	1022
	856	1023
	857	1024
	858	1025
	860	1026
	862	1027
	864	1030
	867	1033
	868	1034
	870	1036
	872	1037
	874	1038
	875	1039
	876	1040
	877	1041
	879	1042
	881	1043
	883	1044
	884	1045
	885	1046
	886	1048
	887	1050
	888	1051
	889	1052
	893	1056
	894	1057
	896	1060
	897	1061
	898	1062
	900	1065
	902	1067
	903	1068
	904	1069
	905	1070
	907	1071
	909	1072
	911	1074
	913	1076
	914	1077
	915	1078
	916	1079
	918	1080
	919	1083
	920	1088
	922	1097
	927	1101
	928	1102
	930	1104
	931	1105
	932	1106
	933	1107
	935	1108
	939	1112
	940	1113
	943	1116
	944	1117
	945	1118
	946	1119
	949	1122
	951	1123
	952	1124
	953	1126
	956	1129
	957	1145
	960	1130
	961	1131
	962	1145
	964	1132
	966	1133
	967	1134
	968	1145
	971	1135
	972	1136
	973	1137
	976	1139
	978	1141
	979	1145
	982	1148
	983	1149
	984	1150
	985	1151
	986	1152
	987	1153
	988	1154
	989	1155
	990	1156
	991	1157
	993	1159
	994	1160
	997	1163
	998	1164
	999	1165
	1000	1166
	1001	1167
	1003	1169
	1005	1171
	1007	1173
	1010	1176
	1011	1177
	1014	1180
	1015	1181
	1016	1182
	1018	1183
	1019	1184
	1020	1185
	1021	1186
	1022	1187
	1023	1188
net/minecraft/client/telemetry/events/GameLoadTimesEvent	76	89
	64	74
	65	76
	66	77
	68	79
	69	81
	72	84
	73	85
	76	89
	19	21
	21	22
	28	28
	29	29
	32	32
	33	33
	36	36
	37	37
	40	42
	41	43
	44	46
	45	47
	46	48
	47	54
	49	50
	50	51
	52	54
	55	57
	56	60
	57	61
	58	64
	59	65
	60	66
	62	68
net/minecraft/client/model/EntityModel	32	33
	16	18
	32	33
	19	21
	20	22
	25	27
	29	30
	30	31
	15	14
	31	32
net/minecraft/client/gui/screens/worldselection/OptimizeWorldScreen	127	153
	31	34
	33	35
	34	37
	35	38
	36	39
	37	40
	38	41
	46	51
	47	52
	48	61
	49	57
	50	58
	51	59
	52	77
	53	73
	54	78
	55	79
	56	80
	61	92
	62	93
	63	94
	64	95
	68	99
	70	100
	71	101
	72	102
	73	103
	74	104
	78	108
	79	109
	81	111
	85	115
	86	116
	90	120
	91	121
	95	125
	97	126
	99	127
	100	128
	101	129
	102	130
	104	131
	106	132
	107	133
	109	134
	110	135
	111	136
	113	139
	114	141
	115	142
	116	143
	117	144
	120	147
	122	148
	123	149
	124	150
	125	151
	127	153
net/minecraft/client/renderer/entity/ZombieVillagerRenderer	31	34
	16	18
	17	21
	18	22
	19	23
	21	26
	22	27
	26	30
	11	14
	14	17
	31	34
net/minecraft/client/resources/server/ServerPackManager	412	391
	256	166
	257	167
	258	168
	260	171
	262	173
	264	176
	267	179
	269	180
	270	181
	271	182
	272	183
	274	185
	280	191
	281	192
	282	193
	283	194
	284	195
	286	196
	287	197
	291	202
	292	203
	299	206
	300	207
	301	209
	302	210
	306	211
	307	212
	310	215
	55	35
	311	216
	56	36
	312	217
	57	37
	58	38
	59	39
	60	40
	316	222
	317	223
	318	225
	63	43
	319	226
	64	44
	321	229
	323	232
	327	236
	328	237
	329	238
	331	240
	332	241
	334	242
	79	349
	80	350
	337	245
	81	351
	338	246
	82	352
	339	247
	83	353
	340	248
	84	354
	343	251
	344	252
	345	253
	346	254
	91	360
	92	361
	349	256
	354	261
	355	262
	356	263
	357	264
	361	268
	362	269
	365	272
	368	275
	369	276
	370	277
	371	278
	115	379
	116	380
	117	381
	374	282
	118	382
	375	283
	377	286
	121	385
	378	287
	122	386
	124	388
	382	291
	127	391
	384	292
	385	294
	386	295
	387	304
	133	47
	389	300
	134	48
	390	301
	135	49
	391	302
	392	297
	138	52
	395	308
	141	55
	142	56
	398	310
	143	60
	399	311
	400	312
	146	58
	147	60
	404	316
	150	63
	151	64
	152	78
	408	320
	412	324
	157	68
	158	69
	159	70
	162	73
	163	74
	164	75
	165	76
	166	78
	170	81
	172	82
	174	83
	175	84
	178	87
	179	88
	182	91
	183	92
	184	93
	188	97
	189	98
	190	99
	193	103
	197	107
	198	108
	199	109
	200	110
	202	112
	205	115
	206	116
	208	119
	209	120
	212	123
	214	125
	215	126
	216	127
	220	131
	221	132
	224	135
	225	137
	226	138
	227	139
	230	143
	231	144
	234	147
	236	148
	239	151
	240	152
	241	153
	244	156
	245	157
	248	160
	249	161
	252	162
	255	165
net/minecraft/client/renderer/texture/StitcherException	22	18
	18	14
	19	15
	22	18
	10	13
	13	13
	14	13
	15	13
net/minecraft/client/renderer/entity/GlowSquidRenderer	28	25
	19	20
	24	24
	25	25
	26	25
	11	13
	28	25
	14	16
	15	17
net/minecraft/client/renderer/entity/layers/ArrowLayer	37	40
	32	35
	33	36
	34	37
	19	22
	35	38
	20	23
	36	39
	21	24
	37	40
	25	28
	30	33
	31	34
net/minecraft/client/renderer/debug/WaterDebugRenderer	54	58
	32	34
	33	34
	35	34
	36	35
	40	44
	41	45
	42	46
	43	47
	46	50
	47	51
	16	19
	48	52
	17	20
	49	53
	21	24
	22	25
	54	58
	24	27
	25	28
	26	29
	27	30
	29	31
	30	34
	31	34
net/minecraft/client/renderer/entity/PolarBearRenderer	25	26
	18	20
	23	24
	24	25
	25	26
	10	13
	13	16
	14	17
net/minecraft/client/model/SkullModelBase	8	11
	7	10
	8	11
net/minecraft/client/tutorial/CompletedTutorialStepInstance	5	9
	5	9
net/minecraft/client/gui/screens/recipebook/RecipeCollection	121	124
	64	66
	65	67
	66	68
	67	69
	69	71
	71	74
	72	75
	74	77
	77	80
	80	83
	84	87
	88	91
	25	26
	26	27
	28	28
	92	95
	29	29
	31	31
	96	99
	33	33
	97	100
	99	102
	36	36
	100	103
	37	37
	101	104
	38	39
	39	40
	40	41
	41	42
	105	108
	44	46
	109	112
	111	114
	48	50
	112	115
	113	116
	52	54
	117	120
	56	58
	57	59
	121	124
	58	60
	61	63
net/minecraft/client/gui/screens/package-info	0	0
net/minecraft/client/renderer/debug/ChunkDebugRenderer	111	134
	31	35
	32	36
	36	40
	37	41
	38	42
	40	43
	42	44
	43	45
	45	47
	49	51
	50	52
	51	53
	52	55
	53	56
	54	57
	55	58
	56	59
	58	62
	59	63
	60	65
	61	67
	62	79
	66	83
	73	91
	74	92
	75	93
	76	94
	78	95
	79	96
	80	98
	81	99
	82	100
	83	101
	84	102
	85	103
	86	104
	87	105
	89	107
	90	108
	92	111
	95	115
	96	116
	97	117
	98	118
	99	119
	101	122
	102	123
	103	125
	104	126
	105	127
	106	128
	109	132
	111	134
com/mojang/blaze3d/audio/ListenerTransform	9	12
	6	9
	9	12
net/minecraft/client/gui/components/spectator/package-info	0	0
net/minecraft/client/gui/narration/package-info	0	0
net/minecraft/client/color/block/BlockColors	141	135
	128	122
	131	125
	132	126
	134	128
	137	131
	138	132
	141	135
	31	32
	32	33
	35	36
	37	37
	38	38
	39	40
	41	39
	43	44
	45	45
	46	46
	47	48
	49	47
	52	54
	53	55
	54	56
	55	56
	57	56
	59	58
	63	61
	64	62
	66	63
	67	64
	68	66
	70	65
	73	74
	74	75
	75	77
	77	76
	80	83
	81	86
	83	87
	84	88
	85	90
	87	89
	90	93
	92	94
	93	95
	94	96
	96	98
	98	99
	99	99
	100	99
	102	99
	105	100
	109	104
	111	105
	112	106
	115	109
	116	110
	120	114
	121	115
	125	119
	126	120
net/minecraft/client/gui/screens/inventory/MerchantScreen	351	317
	256	227
	258	229
	261	232
	262	233
	263	234
	265	236
	266	237
	267	238
	268	239
	270	240
	271	241
	273	243
	19	22
	20	23
	276	246
	21	24
	22	25
	23	26
	24	27
	25	28
	281	251
	26	29
	282	252
	27	30
	283	253
	28	31
	284	254
	286	257
	291	262
	293	263
	294	264
	295	265
	296	266
	298	267
	299	268
	301	269
	303	270
	305	272
	52	50
	53	51
	310	278
	311	279
	312	280
	314	281
	61	58
	62	59
	318	282
	63	60
	64	61
	320	285
	67	64
	68	65
	69	66
	70	67
	327	293
	328	294
	329	295
	74	71
	330	296
	76	72
	77	73
	333	299
	79	74
	80	76
	81	77
	337	303
	82	78
	338	304
	83	79
	339	305
	84	80
	340	306
	341	307
	86	82
	342	308
	343	309
	88	83
	344	310
	90	85
	346	312
	347	313
	348	314
	94	89
	95	90
	351	317
	96	91
	97	92
	98	93
	99	94
	101	96
	103	99
	105	100
	106	101
	107	102
	111	106
	112	107
	114	108
	116	109
	117	110
	118	111
	119	112
	120	113
	123	116
	124	117
	125	118
	128	121
	131	124
	132	125
	134	126
	135	141
	139	127
	141	128
	142	129
	143	141
	146	130
	147	131
	148	132
	151	133
	152	134
	153	135
	154	136
	155	137
	157	141
	160	144
	161	145
	162	146
	163	147
	164	148
	165	149
	166	150
	168	151
	170	154
	173	156
	175	158
	179	162
	181	163
	182	164
	183	165
	184	166
	186	167
	187	168
	189	169
	191	170
	192	172
	193	173
	194	194
	198	174
	199	175
	200	176
	201	177
	203	178
	204	179
	206	180
	208	181
	210	182
	211	183
	212	184
	215	187
	217	188
	218	189
	219	190
	221	191
	222	192
	225	198
	226	199
	228	200
	229	201
	232	204
	233	205
	236	208
	237	209
	238	210
	240	213
	243	216
	246	219
	247	220
	250	223
	251	224
	253	225
net/minecraft/client/particle/FlyTowardsPositionParticle	156	150
	133	126
	134	127
	138	130
	139	131
	140	132
	18	19
	19	20
	148	141
	149	142
	22	25
	23	26
	24	27
	25	28
	153	146
	154	148
	27	29
	155	149
	28	30
	156	150
	29	31
	30	32
	31	33
	32	34
	33	35
	34	36
	35	37
	36	38
	37	39
	38	40
	40	41
	42	42
	43	43
	44	44
	45	45
	47	46
	49	47
	50	48
	54	52
	55	52
	57	52
	62	57
	63	58
	64	59
	68	63
	69	64
	71	67
	73	68
	74	69
	75	70
	77	71
	78	72
	79	73
	80	74
	81	75
	83	78
	88	83
	89	84
	90	85
	92	86
	93	87
	94	98
	97	89
	98	90
	100	91
	101	92
	102	93
	103	94
	104	95
	105	96
	106	98
	110	102
	111	103
	112	104
	118	111
	119	112
	123	115
	124	116
	125	117
net/minecraft/client/renderer/blockentity/BannerRenderer	140	143
	128	129
	130	131
	131	132
	132	133
	133	134
	135	136
	138	141
	139	142
	140	143
	42	45
	43	46
	44	47
	45	48
	46	49
	49	52
	50	53
	52	54
	53	54
	54	54
	57	55
	58	55
	59	55
	62	56
	63	56
	64	56
	67	57
	72	61
	73	62
	75	63
	78	65
	79	66
	80	67
	81	68
	83	70
	85	71
	86	72
	87	73
	89	74
	90	75
	92	76
	94	78
	95	79
	96	80
	97	81
	99	82
	102	86
	103	87
	104	88
	105	89
	106	90
	108	91
	110	92
	111	93
	113	94
	115	96
	117	98
	118	99
	119	100
	122	113
	123	114
	126	128
net/minecraft/client/telemetry/TelemetryEventSender	13	16
	10	13
	11	14
	12	15
	13	16
net/minecraft/client/resources/metadata/animation/VillagerMetadataSectionSerializer	15	16
	10	12
	15	16
net/minecraft/client/multiplayer/ClientCommonPacketListenerImpl	418	387
	259	217
	261	218
	262	219
	264	221
	266	223
	267	224
	268	225
	269	226
	273	230
	274	231
	279	234
	280	235
	282	236
	283	237
	286	240
	287	241
	288	242
	290	243
	291	245
	292	252
	296	255
	297	256
	300	259
	301	261
	302	262
	303	263
	304	264
	305	265
	306	266
	307	267
	310	270
	313	273
	314	274
	318	277
	319	278
	320	279
	321	280
	69	75
	325	283
	326	284
	71	76
	328	285
	329	286
	330	287
	332	289
	335	292
	336	293
	337	294
	339	295
	345	300
	349	304
	94	95
	350	305
	95	96
	96	97
	352	307
	97	98
	98	99
	354	309
	99	100
	100	101
	101	102
	102	103
	103	104
	104	105
	361	312
	362	313
	363	314
	108	108
	365	316
	113	109
	114	110
	116	111
	117	112
	118	112
	377	337
	123	114
	379	339
	380	340
	381	341
	382	342
	127	117
	383	343
	128	118
	385	346
	130	119
	387	348
	388	349
	389	350
	134	123
	390	351
	391	352
	136	124
	138	125
	139	126
	395	356
	140	127
	141	128
	397	357
	142	129
	143	129
	400	360
	145	129
	401	361
	403	363
	404	364
	405	366
	150	133
	406	371
	151	134
	407	372
	409	374
	154	135
	410	375
	411	376
	414	382
	159	139
	415	384
	160	140
	416	385
	417	386
	418	387
	164	143
	165	144
	166	145
	170	148
	171	149
	172	158
	175	150
	176	151
	177	152
	178	153
	180	155
	182	158
	188	163
	189	164
	190	165
	191	166
	192	167
	193	178
	196	169
	197	170
	199	171
	200	172
	201	175
	204	173
	206	178
	210	181
	211	182
	212	183
	213	183
	215	184
	218	187
	219	187
	221	187
	228	193
	229	194
	230	195
	231	195
	233	196
	234	197
	236	195
	241	202
	242	203
	243	204
	247	207
	248	208
	249	209
	253	212
	254	213
	255	214
net/minecraft/client/gui/screens/inventory/BrewingStandScreen	60	59
	14	14
	15	15
	16	16
	17	17
	18	18
	21	21
	22	22
	26	26
	27	27
	28	28
	32	32
	33	33
	34	34
	38	38
	39	39
	40	40
	42	41
	43	42
	44	43
	45	44
	48	47
	49	48
	50	49
	51	50
	52	51
	55	54
	56	55
	57	56
	60	59
net/minecraft/client/sounds/package-info	0	0
net/minecraft/client/renderer/block/model/multipart/OrCondition	25	25
	18	19
	19	20
	23	24
	25	25
net/minecraft/client/model/CamelModel	171	176
	129	136
	130	137
	132	138
	133	139
	135	140
	136	141
	139	144
	140	145
	141	146
	144	149
	145	150
	147	152
	148	153
	151	156
	152	157
	154	159
	158	163
	159	164
	160	165
	33	33
	161	166
	34	34
	162	167
	35	35
	163	168
	36	36
	37	37
	165	170
	38	38
	167	172
	41	41
	42	42
	171	176
	44	43
	46	44
	47	45
	48	45
	50	47
	51	48
	52	48
	54	50
	55	51
	56	51
	58	53
	59	56
	60	58
	61	60
	62	62
	64	64
	65	65
	66	65
	68	67
	69	68
	70	68
	72	70
	73	71
	74	71
	76	73
	77	74
	78	74
	80	76
	81	77
	82	77
	84	79
	85	80
	86	80
	88	82
	89	85
	90	87
	91	89
	92	91
	94	93
	95	96
	96	98
	97	100
	98	102
	100	104
	101	107
	102	109
	103	111
	104	113
	105	115
	106	118
	108	120
	113	124
	116	125
	117	126
	119	127
	121	128
	122	129
	123	130
	124	131
	125	132
	126	133
net/minecraft/client/renderer/entity/TippableArrowRenderer	16	18
	16	18
	7	10
	8	11
	11	14
	12	15
net/minecraft/client/renderer/MultiBufferSource	101	105
	64	66
	68	70
	69	71
	70	72
	72	74
	75	77
	77	79
	78	80
	80	82
	17	19
	83	85
	84	86
	21	23
	85	87
	87	89
	90	92
	91	93
	92	94
	93	95
	94	96
	96	99
	98	102
	35	37
	99	103
	36	38
	37	39
	101	105
	41	43
	42	44
	43	45
	44	46
	47	49
	48	50
	51	53
	52	54
	53	55
	55	57
	56	58
	58	61
	59	62
	62	65
net/minecraft/client/ClientRecipeBook	128	137
	128	137
	27	30
	29	31
	30	32
	33	35
	35	36
	36	37
	38	38
	39	40
	42	43
	43	48
	46	52
	47	53
	48	54
	51	57
	52	58
	54	60
	55	61
	56	62
	60	63
	61	64
	63	65
	65	66
	67	68
	68	69
	69	70
	70	71
	71	72
	73	75
	76	80
	80	84
	81	85
	82	86
	83	87
	84	88
	85	89
	86	90
	90	94
	91	95
	92	96
	93	97
	94	98
	95	99
	96	100
	97	101
	101	106
	102	107
	104	110
	105	111
	107	114
	108	115
	112	119
	113	120
	115	123
	116	124
	119	127
	120	128
	124	133
net/minecraft/client/model/AllayModel	117	138
	32	33
	33	34
	34	35
	35	36
	36	37
	37	38
	38	39
	39	40
	40	41
	44	45
	48	49
	49	50
	51	51
	52	52
	53	55
	54	60
	55	64
	56	69
	57	74
	58	79
	60	84
	65	88
	67	89
	68	90
	69	91
	70	92
	71	93
	72	94
	73	95
	75	96
	76	97
	77	98
	78	99
	79	100
	80	101
	81	102
	82	103
	83	104
	84	105
	86	107
	87	108
	90	111
	91	112
	92	113
	93	114
	94	115
	95	116
	96	117
	97	118
	98	119
	99	120
	100	121
	101	122
	102	123
	103	124
	104	125
	105	126
	109	130
	110	131
	111	132
	112	133
	113	134
	114	135
	115	136
	116	137
	117	138
net/minecraft/client/renderer/debug/ChunkBorderRenderer	112	102
	16	18
	17	19
	20	22
	21	23
	25	27
	27	28
	28	29
	30	30
	31	31
	32	32
	34	33
	36	34
	39	36
	40	37
	41	38
	42	39
	43	40
	44	41
	49	45
	50	46
	51	47
	52	48
	53	49
	54	50
	56	51
	57	52
	58	53
	59	54
	63	57
	64	58
	65	59
	66	60
	67	61
	68	62
	70	63
	71	64
	72	65
	73	66
	77	69
	78	70
	79	71
	80	72
	81	73
	82	74
	83	75
	84	76
	85	77
	86	78
	89	81
	92	83
	93	84
	94	85
	95	86
	96	87
	97	88
	102	92
	103	93
	104	94
	105	95
	106	96
	107	97
	108	98
	109	99
	110	100
	112	102
net/minecraft/client/renderer/texture/TextureAtlasSprite	124	120
	65	63
	66	64
	69	65
	73	69
	74	70
	78	74
	79	75
	83	79
	21	22
	22	23
	87	83
	24	24
	25	25
	27	26
	91	87
	28	27
	92	88
	29	28
	30	29
	31	30
	96	92
	97	93
	34	33
	101	97
	38	37
	42	41
	106	102
	46	45
	110	106
	111	107
	50	49
	114	110
	115	111
	116	112
	55	54
	56	55
	120	116
	60	58
	124	120
	61	59
net/minecraft/client/renderer/entity/layers/package-info	0	0
net/minecraft/client/server/LanServerDetection	105	107
	68	31
	69	32
	70	33
	71	34
	73	35
	74	36
	75	37
	76	38
	77	39
	82	43
	19	21
	20	22
	84	45
	85	46
	87	49
	23	73
	88	50
	89	51
	90	52
	91	53
	92	54
	28	78
	29	79
	30	80
	95	57
	31	81
	96	58
	97	59
	33	83
	101	63
	37	88
	102	64
	38	89
	39	90
	104	67
	40	107
	105	68
	43	91
	45	92
	46	94
	47	95
	48	96
	49	97
	50	98
	54	102
	55	103
	56	104
	58	107
net/minecraft/client/gui/screens/options/VideoSettingsScreen	188	202
	23	25
	25	26
	26	27
	27	28
	28	29
	29	30
	32	35
	33	36
	34	38
	35	40
	36	42
	37	44
	38	46
	39	48
	40	50
	41	52
	42	54
	43	56
	44	58
	52	63
	53	64
	55	65
	56	66
	58	67
	61	70
	62	71
	66	75
	68	76
	69	77
	71	79
	72	80
	74	82
	75	83
	78	87
	80	88
	82	90
	83	91
	85	94
	86	95
	89	98
	90	100
	92	109
	93	110
	95	112
	96	115
	98	113
	99	115
	102	117
	103	118
	104	119
	105	120
	109	124
	110	125
	111	126
	116	130
	117	131
	118	132
	120	135
	121	136
	125	140
	126	141
	128	142
	130	143
	131	144
	132	145
	133	146
	136	149
	137	150
	138	151
	139	152
	142	155
	143	156
	144	157
	145	158
	148	161
	150	164
	151	165
	153	166
	154	167
	155	168
	158	169
	159	170
	160	171
	163	175
	165	177
	170	183
	171	184
	172	185
	173	186
	174	187
	175	188
	176	189
	177	190
	178	191
	179	192
	180	193
	181	194
	182	195
	186	200
	188	202
net/minecraft/client/renderer/entity/DolphinRenderer	20	21
	16	18
	20	21
	10	13
	13	16
	15	17
net/minecraft/client/multiplayer/resolver/ServerNameResolver	37	34
	32	28
	34	29
	37	32
	8	11
	16	19
	17	20
	18	21
	19	22
	23	25
	26	26
	27	26
	28	34
	31	27
net/minecraft/client/player/LocalPlayer	1261	1074
	1026	888
	1027	889
	1028	890
	1029	955
	1039	891
	1040	892
	1041	893
	1042	894
	1046	897
	1049	898
	1050	899
	1054	900
	1055	901
	1056	902
	1060	903
	1061	904
	1065	905
	1066	906
	1069	907
	1070	908
	1071	909
	1072	910
	1075	911
	1076	912
	1081	913
	1083	915
	1084	916
	1085	917
	1092	918
	1093	919
	1094	920
	1097	922
	1098	923
	1099	924
	1100	926
	1101	927
	1102	928
	1103	929
	1106	933
	1107	934
	1108	935
	1109	936
	1110	937
	1120	945
	1121	955
	99	103
	1129	946
	1130	947
	1131	955
	1135	948
	1136	955
	1140	958
	1141	959
	1142	960
	1143	961
	1144	962
	1145	963
	1146	964
	1147	965
	1148	970
	1150	966
	1151	967
	1152	968
	1156	975
	1158	977
	1159	978
	1160	979
	1161	980
	1162	981
	1166	985
	1167	986
	1171	990
	1172	991
	1173	992
	1174	993
	1175	994
	1176	995
	1177	996
	157	157
	1181	1000
	158	158
	159	159
	160	160
	161	161
	162	162
	163	163
	1187	1004
	164	164
	1188	1005
	165	165
	166	166
	167	167
	1192	1009
	171	170
	1196	1013
	1197	1014
	1199	1017
	1200	1018
	177	174
	1201	1019
	1202	1020
	1204	1023
	181	177
	1205	1024
	182	178
	1206	1025
	185	181
	1210	1029
	1212	1030
	189	182
	190	183
	1214	1032
	193	186
	1218	1035
	198	190
	199	191
	1223	1039
	200	192
	1224	1040
	1226	1041
	1227	1042
	204	195
	1230	1045
	1231	1046
	1232	1047
	209	199
	210	199
	1235	1050
	212	199
	1236	1051
	1239	1054
	217	204
	219	222
	1244	1058
	221	205
	1245	1059
	1246	1060
	223	206
	1247	1061
	224	207
	1248	1062
	225	208
	1249	1063
	226	209
	227	210
	1251	1065
	228	211
	229	212
	232	215
	1256	1070
	1257	1071
	235	218
	236	219
	1261	1074
	238	222
	241	225
	242	226
	243	227
	246	231
	250	235
	252	236
	253	237
	254	238
	255	239
	256	240
	259	243
	260	244
	261	245
	262	246
	264	247
	265	248
	267	249
	269	250
	270	251
	272	252
	273	253
	274	254
	275	255
	277	256
	278	257
	279	258
	280	259
	281	260
	282	261
	283	262
	284	263
	288	266
	289	267
	290	268
	291	269
	292	270
	294	273
	295	274
	296	275
	298	278
	300	279
	302	281
	305	284
	306	285
	307	286
	308	287
	309	288
	311	290
	314	293
	315	296
	316	297
	317	298
	322	302
	323	303
	324	304
	328	307
	329	308
	330	309
	334	312
	335	315
	337	313
	338	315
	342	318
	343	319
	344	320
	348	323
	349	324
	350	325
	353	328
	354	329
	355	330
	356	331
	357	332
	358	333
	361	336
	362	337
	363	338
	364	339
	365	340
	368	343
	369	344
	371	346
	375	349
	376	350
	380	353
	385	357
	390	361
	394	365
	395	366
	398	369
	399	370
	402	373
	406	377
	410	381
	411	382
	412	383
	414	385
	418	388
	422	392
	423	393
	427	396
	428	397
	431	400
	433	401
	434	426
	437	402
	438	403
	440	404
	441	405
	443	406
	444	408
	445	409
	446	410
	447	411
	448	412
	449	413
	453	417
	455	418
	456	419
	457	420
	459	422
	462	426
	466	429
	467	430
	468	431
	472	435
	473	436
	474	437
	475	438
	479	441
	480	442
	484	445
	485	446
	487	448
	489	450
	492	453
	493	454
	496	457
	500	461
	501	462
	504	465
	509	469
	510	470
	514	473
	515	474
	519	477
	524	481
	525	482
	526	487
	529	483
	531	484
	532	485
	533	487
	537	490
	542	494
	543	495
	544	496
	549	499
	554	503
	556	504
	557	505
	558	506
	560	507
	561	508
	562	509
	563	510
	566	514
	567	514
	568	515
	571	517
	575	521
	579	525
	584	529
	589	533
	590	534
	592	536
	594	538
	598	541
	599	542
	603	545
	604	546
	608	549
	609	550
	613	553
	614	554
	618	557
	619	558
	621	560
	625	563
	626	564
	630	567
	631	568
	635	571
	640	575
	644	579
	649	583
	651	584
	652	585
	653	586
	654	587
	655	588
	656	589
	657	590
	658	591
	660	593
	663	596
	667	600
	668	601
	669	602
	670	602
	671	603
	672	604
	675	602
	677	609
	678	610
	681	613
	682	614
	683	615
	687	618
	688	619
	691	622
	692	623
	693	624
	696	627
	697	628
	698	629
	700	630
	701	631
	703	636
	705	637
	706	638
	707	639
	708	640
	709	641
	710	642
	712	645
	713	646
	714	647
	715	648
	716	649
	719	652
	720	653
	721	654
	722	655
	723	656
	726	659
	727	660
	730	663
	731	664
	732	665
	734	666
	735	667
	736	670
	738	668
	741	674
	742	675
	744	678
	745	679
	746	680
	747	681
	748	682
	749	683
	751	685
	752	686
	756	690
	757	691
	758	692
	759	693
	760	694
	761	695
	762	696
	765	698
	766	699
	767	700
	768	701
	769	702
	771	703
	772	704
	774	707
	775	708
	776	709
	782	714
	783	715
	784	716
	785	716
	786	717
	790	721
	792	722
	793	723
	796	726
	797	727
	798	728
	799	729
	800	730
	801	731
	804	734
	806	735
	808	736
	809	737
	811	740
	812	741
	815	744
	816	745
	820	749
	821	750
	822	751
	823	752
	824	753
	826	754
	829	758
	831	759
	832	760
	833	761
	834	762
	836	763
	837	764
	838	765
	840	766
	841	767
	842	768
	844	770
	848	774
	851	777
	852	778
	853	779
	854	780
	856	782
	859	785
	865	789
	866	790
	867	791
	869	793
	872	796
	873	797
	875	798
	876	799
	877	803
	878	804
	880	807
	883	810
	884	811
	886	814
	887	815
	888	816
	889	817
	891	818
	892	819
	896	822
	897	823
	901	826
	902	827
	904	828
	905	829
	907	830
	909	832
	912	835
	918	840
	919	841
	920	842
	923	845
	928	849
	929	850
	930	851
	931	852
	932	853
	935	856
	939	860
	940	955
	974	861
	975	862
	976	863
	979	864
	980	865
	981	866
	986	867
	987	868
	988	869
	991	870
	992	871
	993	872
	995	873
	998	874
	999	875
	1004	879
	1005	880
	1009	881
	1010	882
	1011	883
	1012	955
	1015	884
	1020	885
	1021	886
	1022	887
	1023	955
net/minecraft/client/tutorial/TutorialStepInstance	33	36
	33	36
	18	21
	21	24
	24	27
	27	30
	12	15
	30	33
	15	18
net/minecraft/client/animation/package-info	0	0
com/mojang/blaze3d/platform/ClipboardManager	51	53
	32	34
	33	35
	34	36
	35	37
	38	40
	40	41
	41	42
	42	43
	44	45
	46	48
	16	17
	48	50
	19	20
	51	53
	20	21
	21	22
	22	23
	23	24
	24	25
	26	28
	30	32
	31	33
net/minecraft/client/animation/definitions/ArmadilloAnimation	489	686
	15	12
	16	13
	17	17
	18	18
	20	21
	21	25
	22	26
	23	27
	24	28
	25	29
	27	32
	28	36
	29	37
	31	40
	32	44
	33	45
	34	46
	35	47
	37	50
	38	54
	39	55
	40	56
	42	59
	43	63
	44	64
	45	65
	46	66
	47	67
	48	68
	50	71
	51	75
	52	76
	54	79
	55	83
	56	84
	57	85
	58	86
	59	87
	60	88
	62	91
	63	95
	64	96
	66	99
	67	103
	68	104
	69	105
	70	106
	71	107
	72	108
	74	111
	75	115
	76	116
	77	117
	78	118
	80	121
	81	125
	82	126
	83	127
	84	128
	85	129
	86	130
	88	133
	89	137
	90	138
	91	139
	92	140
	94	143
	95	147
	96	148
	97	149
	98	150
	99	151
	100	152
	102	155
	103	159
	104	160
	105	161
	106	162
	107	163
	109	166
	110	170
	111	171
	112	172
	113	173
	114	174
	115	175
	116	176
	117	177
	119	180
	121	181
	122	183
	123	187
	124	188
	125	189
	126	190
	127	191
	128	192
	129	193
	130	194
	131	195
	133	198
	134	202
	135	203
	136	204
	137	205
	138	206
	139	207
	140	208
	142	211
	143	215
	144	216
	145	217
	146	218
	147	219
	149	222
	150	226
	151	227
	152	228
	153	229
	154	230
	155	231
	156	232
	158	235
	159	239
	160	240
	161	241
	162	242
	163	243
	164	244
	166	247
	167	251
	168	252
	169	253
	170	254
	171	255
	172	256
	173	257
	175	260
	176	264
	177	265
	178	266
	179	267
	180	268
	181	269
	182	270
	184	273
	185	277
	186	278
	187	279
	188	280
	189	281
	190	282
	191	283
	193	286
	194	290
	195	291
	196	292
	197	293
	198	294
	199	295
	200	296
	202	299
	203	303
	204	304
	205	305
	206	306
	207	307
	208	308
	209	309
	211	312
	212	316
	213	317
	214	318
	215	319
	216	320
	217	321
	219	324
	220	328
	221	329
	222	330
	223	331
	224	332
	225	333
	226	334
	228	337
	230	338
	231	339
	232	343
	233	344
	234	345
	235	346
	236	347
	237	348
	238	349
	239	350
	240	351
	241	352
	242	353
	243	354
	245	357
	246	361
	247	362
	248	363
	249	364
	250	365
	251	366
	252	367
	253	368
	254	369
	255	370
	256	371
	257	372
	258	373
	259	374
	260	375
	262	378
	263	381
	265	384
	266	387
	268	390
	269	394
	270	395
	271	396
	272	397
	273	398
	274	399
	275	400
	277	403
	278	407
	279	408
	280	409
	281	410
	282	411
	283	412
	284	413
	285	414
	286	415
	288	418
	289	422
	290	423
	291	424
	292	425
	293	426
	294	427
	295	428
	297	431
	298	435
	299	436
	300	437
	301	438
	302	439
	303	440
	304	441
	305	442
	306	443
	308	446
	309	450
	310	451
	311	452
	312	453
	313	454
	314	455
	315	456
	316	457
	317	458
	318	459
	319	460
	321	463
	322	467
	323	468
	324	469
	325	470
	326	471
	327	472
	328	473
	329	474
	330	475
	331	476
	333	479
	335	480
	336	481
	337	485
	338	486
	339	487
	340	488
	341	489
	342	490
	343	491
	344	492
	345	493
	346	494
	347	495
	349	498
	350	502
	351	503
	352	504
	353	505
	354	506
	355	507
	356	508
	357	509
	358	510
	359	511
	360	512
	361	513
	362	514
	363	515
	364	516
	365	517
	366	518
	367	519
	369	522
	370	526
	371	527
	372	528
	373	529
	374	530
	376	533
	377	537
	378	538
	379	539
	380	540
	381	541
	382	542
	384	545
	385	549
	386	550
	387	551
	388	552
	389	553
	391	556
	392	560
	393	561
	394	562
	395	563
	396	564
	397	565
	398	566
	400	569
	401	573
	402	574
	403	575
	404	576
	405	577
	406	578
	407	579
	408	580
	409	581
	410	582
	412	585
	413	589
	414	590
	415	591
	416	592
	417	593
	418	594
	419	595
	420	596
	421	597
	422	598
	423	599
	425	602
	426	606
	427	607
	428	608
	429	609
	430	610
	431	611
	432	612
	433	613
	434	614
	435	615
	437	618
	438	622
	439	623
	440	624
	441	625
	442	626
	443	627
	444	628
	445	629
	446	630
	447	631
	448	632
	449	633
	450	634
	451	635
	453	638
	454	642
	455	643
	456	644
	457	645
	458	646
	459	647
	460	648
	461	649
	462	650
	463	651
	464	652
	466	655
	467	659
	468	660
	469	661
	470	662
	471	663
	472	664
	473	665
	474	666
	475	667
	476	668
	477	669
	478	670
	479	671
	481	674
	482	678
	483	679
	484	680
	485	681
	486	682
	487	683
	489	686
net/minecraft/client/renderer/entity/layers/SheepFurLayer	69	62
	65	56
	68	59
	69	62
	21	23
	26	27
	27	28
	28	29
	32	32
	33	62
	36	33
	37	34
	38	35
	39	36
	40	37
	41	38
	42	39
	44	40
	45	41
	48	62
	53	45
	55	46
	56	47
	57	48
	58	49
	59	50
	60	51
	61	52
	62	53
	63	54
net/minecraft/client/resources/sounds/Sound	107	108
	64	64
	66	66
	69	69
	73	73
	13	15
	77	77
	81	81
	85	91
	86	92
	25	26
	26	27
	27	28
	91	97
	28	29
	92	98
	29	30
	30	31
	31	32
	32	33
	96	102
	33	34
	97	103
	98	104
	36	37
	101	108
	40	41
	107	86
	44	45
	48	49
	53	54
	58	58
	63	63
net/minecraft/client/model/SnifferModel	99	127
	24	23
	25	24
	26	25
	27	25
	28	25
	29	25
	30	26
	33	29
	34	30
	36	31
	37	31
	39	32
	40	35
	41	37
	42	39
	44	43
	45	45
	46	48
	47	50
	48	53
	49	55
	50	58
	51	60
	52	63
	53	65
	54	68
	55	70
	57	73
	58	76
	59	78
	61	82
	62	84
	63	87
	64	89
	65	92
	66	94
	67	97
	68	99
	70	102
	75	106
	77	107
	78	108
	80	109
	81	110
	83	112
	86	115
	87	116
	88	117
	89	118
	90	119
	92	120
	93	121
	95	123
	99	127
net/minecraft/client/model/VillagerModel	128	114
	128	114
	24	26
	25	27
	26	28
	27	29
	28	30
	29	31
	30	32
	31	33
	34	36
	35	37
	37	38
	39	39
	40	40
	41	40
	44	42
	45	43
	46	43
	49	45
	50	46
	51	46
	52	46
	54	48
	55	49
	56	49
	57	49
	59	51
	60	52
	61	52
	64	54
	65	55
	66	55
	69	57
	70	59
	71	60
	72	62
	73	64
	74	66
	76	68
	77	69
	78	69
	79	69
	81	71
	82	72
	83	72
	84	72
	87	74
	92	79
	97	84
	98	85
	99	86
	102	89
	103	90
	105	91
	106	92
	107	93
	109	95
	112	98
	113	99
	114	100
	115	101
	116	102
	120	106
	125	111
	126	112
	127	113
net/minecraft/client/renderer/entity/IllagerRenderer	18	20
	16	18
	17	19
	18	20
	10	13
	11	14
	12	15
net/minecraft/client/GameNarrator	115	121
	66	68
	68	69
	70	70
	71	71
	72	72
	73	73
	75	76
	78	81
	15	18
	16	19
	80	87
	83	90
	22	24
	23	25
	87	94
	88	97
	26	28
	90	95
	27	29
	91	97
	28	30
	29	31
	94	100
	31	33
	95	101
	34	36
	98	104
	35	37
	99	107
	36	38
	37	39
	39	41
	42	44
	43	45
	107	113
	46	48
	110	115
	47	49
	48	50
	49	51
	50	52
	114	120
	115	121
	53	55
	56	58
	60	62
	61	63
	63	65
net/minecraft/client/model/LeashKnotModel	45	40
	33	28
	38	33
	43	38
	44	39
	45	40
	19	20
	20	21
	21	22
	24	25
	25	26
	27	27
	28	27
	29	27
com/mojang/blaze3d/shaders/Shader	0	0
net/minecraft/client/renderer/entity/layers/SkeletonClothingLayer	29	31
	21	24
	22	25
	23	26
	24	27
	28	30
	29	31
net/minecraft/client/renderer/blockentity/BellRenderer	75	69
	64	59
	65	60
	66	61
	70	65
	71	66
	73	67
	74	68
	75	69
	22	26
	28	32
	29	33
	30	34
	33	37
	34	38
	36	39
	37	40
	38	40
	39	40
	41	42
	42	43
	43	43
	44	43
	47	45
	52	49
	54	50
	55	51
	57	52
	58	53
	59	54
	60	55
	61	56
	62	57
	63	58
net/minecraft/client/resources/model/MultiPartBakedModel	115	120
	64	67
	65	68
	66	69
	69	73
	74	78
	79	83
	84	88
	89	93
	94	98
	33	34
	35	35
	99	103
	36	36
	37	37
	38	38
	39	39
	40	40
	104	108
	41	41
	42	42
	108	113
	46	46
	47	47
	111	116
	112	117
	50	50
	51	51
	115	120
	52	52
	53	54
	54	55
	55	56
	56	57
	59	61
	62	64
	63	65
com/mojang/blaze3d/vertex/ByteBufferBuilder	153	154
	132	133
	133	134
	134	135
	135	136
	138	139
	11	14
	139	140
	12	15
	141	142
	146	148
	147	154
	149	149
	150	150
	151	151
	153	154
	28	26
	29	27
	30	28
	31	29
	33	31
	36	34
	37	35
	38	36
	39	37
	40	38
	44	42
	45	43
	46	44
	47	45
	49	47
	52	50
	53	51
	54	52
	55	53
	57	56
	58	57
	62	61
	63	62
	64	63
	65	64
	66	65
	68	68
	69	69
	70	70
	74	74
	75	75
	77	78
	78	79
	81	82
	82	83
	83	84
	84	85
	86	87
	89	90
	93	94
	94	95
	96	97
	99	100
	101	101
	102	102
	104	105
	105	106
	106	107
	107	108
	111	112
	112	113
	113	114
	114	115
	116	117
	119	120
	120	121
	122	123
net/minecraft/client/model/RabbitModel	178	171
	39	39
	40	40
	41	41
	42	42
	43	43
	44	44
	45	45
	46	46
	47	47
	48	48
	49	49
	50	50
	51	51
	54	54
	55	55
	57	56
	58	57
	59	57
	60	57
	62	59
	63	60
	64	60
	65	60
	67	62
	68	64
	69	64
	70	65
	72	67
	73	69
	74	69
	75	70
	77	72
	78	74
	79	74
	80	75
	82	77
	83	79
	84	79
	85	80
	87	82
	88	84
	89	84
	90	85
	92	87
	93	88
	94	88
	95	88
	97	90
	98	92
	99	92
	100	93
	102	95
	103	97
	104	97
	105	98
	107	100
	108	102
	109	102
	110	103
	112	105
	113	106
	114	106
	115	106
	118	108
	125	113
	126	114
	127	115
	128	116
	129	117
	131	118
	132	119
	133	120
	134	121
	135	122
	136	124
	137	125
	139	127
	140	128
	141	129
	143	144
	145	145
	147	147
	151	150
	153	151
	154	152
	155	153
	156	154
	158	155
	159	156
	161	157
	162	158
	163	159
	165	160
	166	161
	167	162
	168	163
	169	164
	170	165
	171	166
	175	169
	177	170
	178	171
net/minecraft/client/renderer/culling/package-info	0	0
net/minecraft/client/resources/DefaultPlayerSkin	45	45
	33	33
	37	37
	9	12
	41	41
	10	12
	11	13
	12	14
	13	15
	45	45
	14	16
	15	17
	16	18
	17	19
	18	20
	20	21
	21	22
	22	23
	23	24
	24	25
	25	26
	26	27
	27	28
	28	29
net/minecraft/client/multiplayer/DebugSampleSubscriber	34	36
	32	34
	17	19
	18	20
	34	36
	19	21
	20	22
	23	25
	24	26
	26	28
	29	31
	30	32
	31	33
net/minecraft/client/renderer/entity/layers/PandaHoldsItemLayer	39	40
	32	31
	33	32
	35	35
	36	36
	37	37
	38	38
	39	40
	18	21
	19	22
	20	23
	24	26
	25	27
	26	40
	29	28
	30	29
	31	30
net/minecraft/client/gui/screens/PauseScreen	212	196
	29	31
	36	37
	37	38
	38	39
	39	40
	40	41
	41	42
	42	43
	43	44
	44	45
	45	46
	46	47
	47	48
	48	49
	49	50
	57	56
	58	57
	59	58
	62	61
	67	66
	68	67
	71	70
	72	71
	75	74
	76	75
	78	76
	80	77
	81	77
	82	78
	83	79
	84	80
	85	80
	88	81
	89	82
	91	83
	92	84
	93	85
	95	87
	96	88
	99	91
	101	92
	102	93
	104	95
	107	98
	108	99
	109	99
	111	100
	112	101
	113	102
	117	103
	118	104
	120	105
	121	106
	124	109
	125	112
	126	115
	129	118
	130	119
	132	120
	133	121
	134	122
	136	124
	139	127
	140	128
	141	129
	142	130
	143	131
	145	133
	147	135
	151	139
	152	140
	156	144
	158	145
	159	146
	161	148
	165	152
	166	153
	168	155
	171	158
	175	162
	179	167
	183	172
	184	173
	185	174
	191	178
	193	179
	194	180
	195	181
	196	182
	198	183
	200	184
	201	185
	202	186
	206	190
	207	191
	211	195
	212	196
net/minecraft/client/renderer/entity/EndermiteRenderer	22	23
	17	19
	22	23
	9	12
	12	15
	13	16
com/mojang/realmsclient/gui/RealmsNewsManager	45	46
	34	36
	35	37
	37	38
	38	39
	39	40
	40	41
	43	44
	44	45
	13	15
	45	46
	14	16
	15	17
	16	18
	17	19
	20	22
	24	26
	28	30
	29	31
	30	32
	31	33
net/minecraft/client/profiling/package-info	0	0
net/minecraft/client/player/package-info	0	0
net/minecraft/client/renderer/entity/layers/SnowGolemHeadLayer	63	76
	26	31
	27	32
	28	33
	29	34
	33	37
	34	76
	37	38
	39	39
	40	76
	43	40
	44	41
	46	42
	47	43
	48	44
	49	45
	51	46
	52	47
	53	48
	54	49
	55	50
	57	51
	58	52
	60	58
	62	73
	63	76
net/minecraft/client/renderer/entity/LeashKnotRenderer	40	35
	33	30
	35	31
	36	32
	40	35
	13	16
	18	20
	19	21
	20	22
	24	25
	26	26
	28	27
	30	28
	31	29
net/minecraft/client/renderer/RunningTrimmedMean	38	38
	32	36
	35	38
	36	38
	38	38
	9	13
	10	14
	13	17
	14	18
	16	21
	17	22
	19	23
	20	24
	22	25
	23	27
	24	28
	25	29
	26	30
	27	31
	30	34
	31	35
com/mojang/realmsclient/dto/ServerActivityList	34	35
	32	32
	34	35
	15	15
	18	18
	19	19
	21	22
	22	23
	23	24
	24	25
	25	26
	26	27
	27	27
	28	28
	29	29
net/minecraft/client/renderer/entity/ArmadilloRenderer	18	19
	18	19
	10	12
	13	15
	14	16
net/minecraft/client/gui/screens/inventory/AbstractFurnaceScreen	137	132
	132	127
	133	128
	137	132
	24	36
	25	37
	27	38
	28	39
	29	40
	30	41
	34	45
	36	46
	37	47
	38	48
	40	49
	41	50
	42	51
	44	52
	45	53
	47	54
	48	55
	52	59
	54	60
	55	61
	59	65
	60	66
	61	67
	63	69
	64	70
	65	71
	68	74
	69	75
	70	76
	74	80
	75	81
	76	82
	77	83
	78	84
	79	85
	80	86
	83	89
	84	90
	85	91
	86	92
	90	96
	91	97
	94	99
	95	99
	98	99
	103	105
	105	106
	106	107
	110	111
	111	111
	113	111
	118	116
	119	117
	124	122
	125	122
	127	122
net/minecraft/client/model/ChickenModel	107	90
	27	28
	28	29
	29	30
	30	31
	31	32
	32	33
	33	34
	34	35
	35	36
	38	39
	39	40
	41	41
	42	42
	43	43
	44	43
	45	43
	47	45
	48	46
	49	46
	50	46
	52	48
	53	49
	54	49
	55	49
	57	51
	58	53
	59	53
	60	54
	62	56
	63	56
	65	57
	66	58
	68	59
	69	60
	70	60
	71	60
	73	62
	74	63
	75	63
	76	63
	79	65
	84	70
	89	75
	94	80
	95	81
	97	82
	98	83
	100	84
	101	85
	103	86
	104	87
	105	88
	106	89
	107	90
net/minecraft/client/gui/screens/advancements/package-info	0	0
net/minecraft/client/particle/Particle	256	258
	256	258
	19	21
	20	22
	57	54
	59	55
	60	56
	61	57
	62	58
	63	59
	65	60
	66	61
	69	64
	71	65
	72	66
	73	67
	74	68
	76	69
	77	70
	78	71
	79	72
	80	73
	83	76
	84	77
	85	78
	86	79
	90	83
	91	84
	92	85
	93	86
	96	89
	97	90
	101	94
	102	95
	103	96
	104	97
	107	100
	108	101
	111	104
	112	105
	115	108
	119	112
	120	113
	121	114
	123	115
	124	116
	125	133
	128	118
	129	119
	130	120
	131	121
	132	122
	134	125
	135	126
	136	127
	138	128
	139	129
	140	130
	142	133
	150	141
	154	161
	155	162
	158	165
	159	166
	160	167
	161	168
	162	169
	163	170
	164	171
	166	173
	169	176
	170	177
	171	178
	172	179
	173	180
	174	181
	175	182
	178	185
	179	214
	182	186
	183	187
	184	188
	186	189
	187	190
	188	191
	189	192
	190	193
	193	196
	194	197
	195	198
	198	201
	199	202
	202	205
	204	206
	205	207
	207	210
	208	211
	210	214
	213	217
	214	218
	215	219
	216	220
	217	221
	220	224
	221	225
	222	225
	224	225
	228	229
	232	233
	236	237
	237	238
	240	241
	244	246
	247	249
	251	253
	252	254
	255	257
net/minecraft/client/renderer/block/model/BlockElementFace	48	43
	32	28
	48	43
	34	29
	38	33
	42	37
	27	24
	29	25
	30	26
	31	27
	47	42
net/minecraft/client/gui/screens/options/SkinCustomizationScreen	30	35
	17	19
	18	20
	22	24
	23	26
	24	27
	25	29
	28	33
	29	34
	14	16
	30	35
com/mojang/blaze3d/audio/Listener	33	36
	33	36
	7	10
	8	11
	11	14
	12	15
	13	16
	14	17
	15	18
	16	19
	17	20
	20	23
	21	24
	22	25
	25	28
	29	32
	30	33
net/minecraft/client/CameraType	28	30
	16	18
	17	19
	4	8
	20	22
	5	9
	6	10
	24	26
	9	12
	28	30
	15	17
net/minecraft/client/resources/model/BuiltInModel	65	67
	65	67
	35	37
	40	42
	45	47
	50	52
	22	24
	23	25
	55	57
	24	26
	25	27
	26	28
	60	62
	30	32
net/minecraft/client/resources/sounds/SoundInstance	60	54
	48	46
	52	50
	60	54
net/minecraft/client/gui/layouts/CommonLayouts	23	25
	16	18
	20	22
	21	23
	22	24
	23	25
	13	15
net/minecraft/client/gui/screens/inventory/AbstractCommandBlockEditScreen	184	169
	129	124
	130	125
	133	128
	134	129
	137	132
	138	136
	139	137
	142	133
	19	20
	147	142
	20	21
	148	142
	21	22
	151	142
	156	147
	157	147
	32	31
	160	147
	33	32
	37	36
	165	152
	38	37
	167	153
	40	39
	168	154
	169	155
	171	156
	172	157
	173	158
	174	159
	175	160
	48	48
	49	51
	50	53
	178	163
	51	54
	179	164
	52	56
	53	57
	54	58
	55	59
	183	168
	56	60
	184	169
	57	61
	58	62
	61	64
	64	67
	67	70
	68	71
	69	72
	71	73
	72	74
	73	75
	74	76
	75	77
	77	78
	78	79
	79	80
	81	81
	82	82
	86	86
	87	87
	91	91
	92	91
	94	91
	99	96
	100	97
	101	98
	103	99
	104	100
	107	103
	108	104
	111	107
	112	108
	114	109
	115	110
	117	113
	118	114
	123	119
	124	120
net/minecraft/client/gui/screens/options/controls/KeyBindsScreen	100	103
	64	65
	65	66
	67	68
	72	74
	73	75
	74	76
	76	78
	79	81
	80	82
	81	83
	18	20
	82	84
	84	86
	89	92
	27	28
	91	93
	28	29
	92	95
	93	96
	94	97
	95	98
	32	33
	33	34
	99	102
	100	103
	38	38
	42	42
	43	43
	44	44
	46	47
	47	48
	48	49
	49	50
	50	51
	51	52
	55	56
	56	57
	57	58
	61	62
	62	63
	63	64
net/minecraft/client/AttackIndicatorStatus	35	34
	35	34
	20	21
	21	22
	22	23
	9	12
	10	13
	26	26
	11	14
	14	16
	31	30
net/minecraft/client/renderer/blockentity/ChestRenderer	199	156
	128	101
	129	102
	130	102
	131	102
	133	104
	134	105
	135	105
	136	105
	139	107
	144	112
	145	113
	147	114
	148	115
	149	116
	150	116
	151	148
	153	116
	154	117
	156	118
	158	119
	159	120
	160	121
	161	122
	164	124
	165	125
	167	127
	170	130
	172	131
	173	132
	175	133
	176	134
	178	135
	179	136
	180	137
	53	52
	181	138
	54	53
	55	54
	183	140
	58	57
	186	143
	59	58
	60	59
	61	60
	189	146
	190	148
	63	61
	64	62
	65	63
	193	151
	66	64
	194	152
	68	65
	196	153
	69	66
	197	154
	70	67
	198	155
	71	68
	199	156
	72	69
	75	72
	76	73
	78	74
	79	74
	80	74
	83	75
	84	76
	85	76
	86	76
	88	78
	89	79
	90	79
	91	79
	94	81
	98	85
	99	86
	101	87
	102	87
	103	87
	106	88
	107	89
	108	89
	109	89
	111	91
	112	92
	113	92
	114	92
	116	94
	120	98
	121	99
	123	100
	124	100
	125	100
com/mojang/blaze3d/platform/GLX	167	163
	128	118
	129	119
	131	122
	132	123
	133	124
	135	127
	136	128
	137	129
	139	132
	140	133
	141	134
	142	135
	143	136
	144	137
	146	140
	147	141
	148	142
	150	145
	151	146
	152	147
	154	150
	156	151
	157	152
	158	153
	159	155
	33	34
	162	158
	36	38
	37	39
	38	40
	166	162
	167	163
	40	41
	44	45
	45	46
	46	47
	47	48
	49	51
	50	52
	54	56
	58	60
	59	61
	62	63
	64	64
	65	65
	66	66
	67	67
	70	68
	71	72
	73	74
	74	75
	77	69
	80	78
	81	79
	85	83
	86	84
	87	85
	89	87
	93	90
	101	95
	102	96
	103	98
	106	101
	107	102
	110	105
	114	109
	115	155
	118	110
	119	111
	120	112
	122	113
	124	114
	125	115
	126	116
	127	117
com/mojang/realmsclient/dto/RealmsServerList	35	39
	32	35
	33	36
	35	39
	15	17
	20	21
	21	22
	23	25
	24	26
	25	27
	26	28
	27	29
	28	31
	29	32
net/minecraft/client/resources/metadata/animation/FrameSize	0	0
net/minecraft/client/resources/sounds/SimpleSoundInstance	67	103
	64	100
	65	101
	66	102
	67	103
	13	16
	14	17
	17	20
	21	24
	25	29
	29	35
	33	41
	37	47
	41	52
	45	56
	49	60
	50	61
	53	76
	54	77
	57	93
	58	94
	59	95
	60	96
	61	97
	62	98
	63	99
net/minecraft/client/renderer/block/model/BlockElement	176	193
	129	133
	130	134
	131	136
	132	137
	133	138
	135	141
	139	145
	140	146
	141	147
	143	149
	147	154
	148	155
	149	158
	151	163
	153	161
	157	168
	158	169
	159	172
	33	37
	161	177
	34	38
	35	39
	163	175
	36	40
	37	41
	39	42
	167	182
	40	43
	168	183
	169	184
	43	46
	44	47
	172	187
	45	48
	173	189
	174	190
	47	50
	176	193
	50	53
	52	55
	54	57
	57	60
	59	62
	61	64
	63	66
	72	75
	73	76
	74	77
	75	78
	76	79
	77	80
	78	81
	80	84
	82	85
	87	90
	88	91
	89	92
	90	93
	91	94
	92	95
	93	96
	94	97
	96	98
	98	101
	102	105
	103	106
	104	107
	106	109
	110	114
	111	115
	112	116
	113	117
	115	119
	119	124
	121	125
	122	126
	125	128
net/minecraft/client/gui/font/glyphs/EmptyGlyph	17	20
	17	20
	12	15
	13	16
net/minecraft/client/gui/screens/recipebook/SmeltingRecipeBookComponent	19	21
	19	21
	10	12
	14	16
net/minecraft/client/renderer/blockentity/TheEndGatewayRenderer	49	52
	34	37
	39	42
	12	15
	44	47
	15	18
	16	19
	49	52
	20	22
	21	23
	22	24
	23	25
	24	26
	25	27
	26	28
	27	29
	29	32
	30	33
net/minecraft/client/gui/screens/DatapackLoadFailureScreen	38	45
	32	39
	33	40
	34	41
	38	45
	16	18
	17	19
	18	20
	19	21
	23	25
	25	26
	26	28
	27	33
	28	35
net/minecraft/client/renderer/chunk/SectionRenderDispatcher	659	644
	512	556
	513	557
	514	558
	516	559
	517	560
	518	561
	520	564
	521	565
	524	568
	525	569
	531	578
	532	579
	533	580
	535	582
	542	590
	543	591
	544	592
	548	596
	553	601
	554	602
	557	605
	558	606
	559	607
	562	610
	563	611
	566	614
	567	615
	568	637
	571	616
	572	617
	573	618
	574	619
	577	620
	578	621
	579	622
	582	627
	584	628
	585	629
	586	630
	75	80
	76	81
	588	633
	77	82
	78	83
	79	84
	80	85
	81	86
	594	643
	83	87
	595	644
	84	88
	87	91
	88	92
	92	95
	604	496
	93	122
	605	497
	606	498
	96	96
	97	97
	98	122
	100	98
	101	99
	103	101
	104	101
	616	507
	105	103
	106	104
	107	105
	108	106
	109	119
	111	108
	112	109
	113	110
	115	112
	117	115
	118	116
	630	257
	119	117
	120	119
	121	122
	636	263
	125	126
	126	127
	127	128
	128	129
	640	266
	129	130
	641	267
	133	134
	134	135
	135	136
	647	273
	136	137
	138	139
	139	140
	651	277
	143	145
	655	281
	147	149
	659	285
	151	153
	155	157
	159	161
	160	162
	163	165
	168	170
	169	171
	171	173
	174	176
	175	177
	178	180
	180	181
	183	184
	184	198
	186	185
	187	186
	188	196
	190	187
	191	188
	193	190
	195	193
	196	194
	197	196
	198	198
	201	201
	202	201
	204	201
	205	202
	206	203
	207	209
	209	205
	210	206
	211	207
	212	209
	216	213
	217	213
	219	213
	220	214
	221	215
	222	221
	224	217
	225	218
	226	219
	227	221
	231	225
	232	226
	233	227
	234	228
	237	232
	238	233
	239	234
	240	235
	243	239
	244	240
	247	243
	251	247
	252	248
	254	249
	255	250
	269	302
	277	307
	278	308
	280	310
	285	314
	286	315
	287	316
	290	319
	294	325
	296	326
	297	328
	298	329
	299	330
	300	331
	302	327
	306	335
	310	339
	314	343
	315	344
	316	345
	318	347
	319	348
	321	350
	324	353
	325	354
	326	355
	327	356
	328	357
	332	361
	336	365
	337	366
	338	367
	339	368
	342	371
	343	372
	344	373
	347	376
	351	380
	352	381
	353	382
	354	383
	357	386
	358	387
	359	388
	362	391
	366	395
	370	399
	374	403
	375	404
	376	405
	378	408
	379	409
	381	412
	382	413
	383	414
	387	418
	388	419
	389	420
	390	421
	391	422
	393	425
	394	426
	395	427
	397	430
	401	434
	402	435
	403	436
	404	437
	405	438
	407	441
	408	444
	412	448
	413	449
	414	450
	417	453
	419	455
	420	456
	421	457
	422	458
	423	459
	424	460
	425	461
	426	463
	427	464
	430	467
	433	468
	434	469
	437	472
	438	473
	439	474
	440	475
	444	479
	445	480
	446	481
	447	482
	450	485
	451	486
	452	486
	453	486
	454	486
	463	517
	464	518
	465	519
	469	523
	474	528
	475	529
	478	530
	479	531
	480	532
	483	533
	484	534
	487	536
	488	537
	489	538
	490	539
	491	540
	494	542
	496	543
	497	545
	499	546
	500	547
	501	548
	504	550
	505	551
	506	552
	507	553
	509	554
	511	555
net/minecraft/client/gui/font/FontManager	357	362
	257	185
	258	186
	261	189
	265	193
	267	194
	269	195
	271	196
	272	197
	274	198
	275	199
	277	200
	279	201
	280	202
	281	203
	282	204
	283	205
	284	206
	286	207
	288	208
	289	209
	291	210
	293	211
	295	213
	298	216
	299	218
	300	219
	302	221
	49	53
	305	224
	51	55
	307	226
	52	56
	308	227
	309	228
	54	57
	310	229
	311	232
	313	234
	314	235
	315	236
	317	238
	318	239
	65	66
	321	243
	66	67
	67	67
	68	67
	325	247
	70	68
	73	71
	329	251
	333	255
	79	280
	337	259
	338	260
	339	261
	341	264
	85	288
	86	290
	343	265
	344	266
	88	292
	89	293
	90	294
	91	296
	349	271
	93	298
	350	272
	351	273
	352	274
	355	312
	100	305
	356	312
	357	313
	110	326
	115	327
	118	330
	119	331
	120	332
	123	335
	124	336
	127	339
	131	343
	132	345
	133	346
	134	347
	135	351
	137	348
	140	354
	145	358
	146	359
	151	362
	159	82
	160	83
	162	84
	163	85
	164	86
	168	90
	170	92
	171	93
	172	94
	173	95
	175	96
	176	98
	177	99
	178	100
	179	101
	180	101
	181	102
	182	103
	183	104
	184	104
	186	107
	190	111
	191	114
	192	117
	193	118
	195	119
	196	122
	198	125
	199	127
	200	128
	201	129
	208	147
	210	142
	211	143
	212	144
	214	145
	219	151
	221	152
	222	153
	224	155
	225	157
	230	161
	232	162
	233	164
	234	165
	238	168
	239	169
	240	176
	242	170
	243	171
	247	176
	248	177
	251	180
	253	181
	254	182
net/minecraft/client/resources/SkinManager	149	172
	128	144
	130	147
	134	151
	135	152
	136	153
	137	154
	138	160
	139	162
	140	163
	144	167
	145	168
	146	169
	147	170
	149	172
	32	35
	41	43
	42	44
	43	45
	44	46
	45	47
	46	48
	47	49
	50	52
	51	53
	52	54
	53	55
	55	58
	56	59
	57	60
	59	63
	60	64
	61	65
	64	69
	67	72
	68	73
	69	74
	73	78
	74	79
	75	79
	77	79
	81	83
	82	84
	86	88
	89	91
	90	92
	91	93
	93	95
	94	96
	95	97
	97	100
	99	101
	100	102
	102	105
	103	106
	105	109
	106	112
	118	134
	119	135
	120	136
	121	137
	124	140
	125	141
	126	142
	127	143
com/mojang/realmsclient/dto/RealmsDescriptionDto	15	17
	13	15
	14	16
	15	17
net/minecraft/client/gui/components/tabs/TabNavigationBar	224	221
	128	101
	133	106
	134	106
	135	107
	136	108
	137	109
	138	110
	139	111
	140	112
	142	114
	145	117
	146	118
	147	119
	148	120
	151	123
	155	127
	156	128
	157	129
	158	130
	159	131
	160	133
	161	134
	35	36
	163	136
	167	140
	172	144
	173	145
	46	44
	174	147
	47	45
	175	148
	48	46
	177	151
	50	47
	178	152
	179	153
	52	48
	180	154
	53	50
	54	51
	56	54
	184	157
	57	55
	185	158
	187	160
	189	162
	192	165
	193	166
	65	211
	194	167
	66	212
	195	168
	67	213
	196	169
	70	216
	199	173
	71	217
	203	177
	75	221
	204	178
	205	181
	206	182
	207	183
	80	58
	208	184
	209	185
	84	62
	212	189
	85	63
	216	193
	89	67
	217	194
	90	68
	218	195
	91	69
	93	71
	223	200
	224	201
	97	75
	98	76
	99	77
	101	79
	106	84
	107	85
	108	86
	109	87
	112	91
	113	91
	115	91
	120	96
	125	101
	126	101
	127	101
net/minecraft/client/model/ElytraModel	99	94
	22	23
	23	24
	24	25
	27	28
	28	29
	30	30
	31	31
	32	33
	33	33
	34	34
	36	36
	37	38
	38	38
	39	39
	42	41
	47	46
	52	51
	57	55
	58	56
	59	57
	60	58
	62	59
	64	60
	65	61
	66	62
	67	63
	68	64
	71	67
	72	68
	73	69
	74	70
	75	71
	76	72
	77	73
	80	76
	82	77
	83	78
	84	79
	85	80
	86	81
	87	82
	88	83
	90	85
	91	86
	92	87
	95	90
	96	91
	97	92
	98	93
	99	94
net/minecraft/client/model/AbstractZombieModel	15	17
	8	11
	9	12
	13	15
	14	16
	15	17
net/minecraft/client/gui/components/toasts/Toast	46	48
	18	20
	34	37
	35	38
	22	24
	41	43
	26	28
	42	44
	45	47
	30	32
	46	48
net/minecraft/client/model/HorseModel	335	291
	256	229
	257	230
	258	231
	259	232
	260	233
	262	234
	263	235
	264	236
	266	237
	267	238
	269	239
	270	240
	271	241
	274	242
	275	243
	276	244
	278	245
	279	246
	281	247
	283	248
	284	249
	286	250
	287	251
	288	252
	289	253
	291	254
	292	255
	294	256
	295	257
	296	258
	297	259
	299	260
	300	261
	301	262
	303	263
	304	264
	306	266
	51	49
	52	50
	53	51
	309	269
	310	270
	55	52
	311	271
	56	53
	312	272
	57	54
	313	273
	58	55
	314	274
	315	275
	60	56
	316	276
	61	57
	317	277
	62	58
	318	278
	63	59
	319	279
	320	280
	65	60
	66	61
	322	281
	67	62
	68	63
	324	282
	69	64
	325	283
	70	65
	326	284
	71	66
	327	285
	72	67
	329	286
	74	68
	330	287
	75	69
	331	288
	76	70
	332	289
	334	290
	79	73
	335	291
	80	74
	82	75
	83	77
	84	77
	85	78
	89	80
	90	82
	91	82
	92	83
	95	85
	96	86
	97	86
	99	88
	100	89
	101	89
	104	91
	105	92
	106	92
	110	94
	111	96
	112	96
	113	97
	115	99
	116	101
	117	101
	118	102
	120	104
	121	106
	122	106
	123	107
	125	109
	126	111
	127	111
	128	112
	132	114
	133	115
	134	117
	135	117
	136	118
	138	120
	139	122
	140	122
	141	123
	143	125
	144	127
	145	127
	146	128
	148	130
	149	132
	150	132
	151	133
	154	135
	155	137
	156	137
	157	138
	159	140
	160	141
	161	141
	164	143
	165	144
	166	144
	169	146
	170	147
	171	147
	174	149
	175	151
	176	151
	177	152
	179	154
	180	156
	181	156
	182	157
	184	159
	185	160
	186	160
	189	162
	190	163
	191	163
	195	165
	196	166
	197	166
	200	168
	201	169
	202	169
	205	171
	210	175
	211	176
	213	178
	214	179
	217	182
	218	183
	220	186
	221	187
	225	191
	230	197
	235	210
	237	211
	238	212
	239	213
	240	214
	243	215
	244	216
	245	217
	247	220
	248	221
	251	224
	252	225
	255	228
net/minecraft/client/renderer/entity/layers/PlayerItemInHandLayer	56	63
	32	42
	33	43
	35	45
	37	47
	40	52
	42	53
	43	54
	44	55
	45	56
	46	57
	48	58
	50	59
	51	60
	53	61
	55	62
	56	63
	26	28
	27	29
	28	30
net/minecraft/client/renderer/texture/SpriteContents	365	332
	257	277
	261	282
	266	287
	267	288
	269	290
	277	231
	278	232
	279	233
	31	28
	288	193
	289	194
	290	195
	291	196
	299	199
	44	39
	45	40
	46	41
	47	42
	303	203
	49	43
	50	44
	51	45
	307	207
	52	46
	308	208
	53	47
	309	209
	310	210
	57	51
	313	213
	58	52
	59	53
	61	54
	317	217
	62	55
	318	218
	63	56
	65	57
	321	221
	66	58
	68	61
	70	62
	73	64
	74	65
	75	66
	76	67
	77	68
	334	302
	79	69
	335	303
	336	304
	81	71
	84	74
	340	308
	341	309
	342	310
	343	311
	344	312
	89	79
	345	313
	90	80
	91	81
	347	314
	348	315
	93	82
	349	316
	94	83
	351	318
	96	84
	352	319
	353	320
	98	85
	99	86
	355	322
	102	89
	358	325
	103	90
	105	92
	106	92
	362	329
	107	93
	363	330
	108	94
	109	95
	365	332
	110	96
	111	97
	113	100
	114	101
	115	102
	118	105
	119	106
	121	108
	123	92
	126	112
	127	113
	128	114
	132	118
	133	118
	136	118
	140	122
	141	123
	143	125
	147	129
	152	134
	157	139
	161	143
	166	148
	170	152
	175	157
	176	158
	178	160
	182	164
	186	168
	187	169
	188	170
	189	171
	190	172
	192	175
	196	179
	197	180
	199	182
	201	184
	209	241
	210	242
	211	243
	212	244
	214	246
	218	249
	219	250
	220	251
	221	252
	223	253
	224	254
	225	255
	226	256
	227	257
	228	258
	229	260
	230	261
	231	262
	232	263
	233	264
	234	265
	235	266
	237	267
	241	272
	254	274
net/minecraft/client/renderer/ViewArea	120	116
	22	24
	23	25
	25	26
	26	27
	27	28
	30	31
	31	32
	33	35
	34	36
	36	38
	37	39
	38	40
	39	41
	40	42
	44	46
	47	49
	48	50
	50	52
	53	55
	57	59
	58	60
	59	61
	60	62
	61	63
	62	64
	65	67
	69	71
	73	75
	74	76
	76	78
	77	79
	79	80
	80	81
	82	83
	83	84
	85	85
	86	86
	88	88
	89	89
	91	90
	93	91
	94	92
	95	93
	100	98
	103	101
	104	102
	105	103
	107	104
	108	105
	109	106
	113	110
	114	111
	115	116
	117	112
	118	113
	120	114
net/minecraft/realms/RealmsLabel	27	30
	16	19
	17	20
	18	21
	19	22
	23	26
	24	27
	27	30
	15	18
net/minecraft/client/model/CatModel	97	87
	13	15
	14	16
	18	19
	19	20
	20	21
	22	22
	24	23
	25	24
	26	25
	27	26
	28	27
	29	28
	30	29
	31	30
	32	31
	33	32
	34	33
	35	34
	38	37
	40	38
	41	39
	42	40
	43	41
	44	42
	45	43
	47	44
	48	45
	49	46
	50	47
	51	48
	52	49
	54	50
	55	51
	56	52
	58	53
	59	54
	60	55
	62	56
	63	57
	64	58
	66	59
	67	60
	68	61
	69	62
	71	64
	75	67
	77	68
	78	69
	79	70
	80	71
	81	72
	82	73
	83	74
	84	75
	85	76
	86	77
	87	78
	88	79
	90	80
	91	81
	94	84
	95	85
	97	87
net/minecraft/client/particle/ExplodeParticle	48	49
	35	36
	36	37
	37	38
	10	13
	11	14
	43	45
	12	15
	44	46
	13	16
	14	17
	15	18
	16	19
	48	49
	18	20
	19	21
	20	22
	21	23
	22	24
	24	25
	25	26
	26	27
	30	31
com/mojang/blaze3d/pipeline/RenderPipeline	104	97
	65	58
	69	62
	70	63
	72	64
	73	65
	74	66
	76	68
	80	73
	81	74
	83	76
	20	11
	86	79
	87	80
	88	81
	89	82
	27	21
	91	84
	28	22
	31	25
	96	89
	35	29
	36	30
	100	93
	39	31
	40	32
	104	97
	41	33
	42	34
	44	36
	48	41
	49	42
	52	45
	53	46
	54	47
	57	50
	58	51
	60	53
net/minecraft/client/renderer/debug/CollisionBoxRenderer	39	42
	32	34
	35	37
	36	39
	37	40
	23	25
	39	42
	24	26
	28	30
	29	31
	30	32
	31	33
com/mojang/realmsclient/gui/screens/RealmsBackupInfoScreen	141	148
	131	148
	137	84
	138	90
	139	93
	141	95
	18	20
	19	21
	29	28
	30	29
	31	30
	32	31
	36	35
	37	36
	38	37
	40	38
	41	40
	42	42
	46	46
	47	47
	48	48
	52	52
	53	53
	56	56
	57	57
	58	58
	59	60
	60	60
	62	60
	67	66
	68	67
	69	68
	75	74
	76	75
	77	76
	82	100
	83	101
	84	102
	85	103
	86	104
	87	105
	88	106
	89	107
	90	108
	91	109
	92	110
	98	115
	99	116
	100	117
	104	121
	105	122
	106	123
	109	126
	110	127
	111	128
	112	129
	113	130
	114	131
	115	132
	116	133
	117	134
	118	135
	119	136
	120	137
	126	143
net/minecraft/client/gui/narration/NarrationElementOutput	17	20
	16	19
	17	20
	8	11
	9	12
	12	15
	13	16
net/minecraft/client/renderer/entity/layers/BreezeWindLayer	36	36
	32	32
	33	33
	18	20
	36	36
	22	24
	23	25
	24	26
	28	29
	30	30
	31	31
net/minecraft/client/gui/screens/worldselection/EditGameRulesScreen	286	309
	258	269
	259	270
	260	271
	261	272
	262	273
	263	274
	265	276
	266	277
	269	280
	270	281
	273	283
	274	288
	275	297
	276	298
	277	300
	281	304
	282	305
	283	306
	284	307
	286	309
	38	47
	54	59
	55	60
	56	61
	57	62
	61	66
	63	67
	65	68
	66	69
	67	70
	68	72
	69	74
	70	75
	74	79
	75	80
	76	81
	78	83
	82	87
	83	88
	86	91
	87	92
	89	94
	92	97
	93	98
	94	99
	97	102
	98	103
	99	104
	106	234
	107	235
	114	133
	115	134
	116	135
	120	139
	121	140
	125	144
	130	149
	133	152
	138	157
	139	158
	154	175
	155	176
	156	177
	160	181
	165	186
	169	190
	170	191
	171	192
	172	193
	173	194
	175	196
	182	111
	183	112
	184	113
	185	114
	186	115
	187	116
	188	117
	192	121
	193	122
	194	123
	195	124
	196	125
	203	204
	205	205
	206	206
	207	207
	208	208
	209	209
	210	210
	212	212
	213	213
	215	215
	216	216
	217	217
	221	221
	222	222
	223	223
	224	224
	225	225
	232	244
	234	250
	236	251
	239	253
	240	254
	244	257
	245	258
	248	261
	249	262
	251	263
	252	264
	253	265
	254	266
net/minecraft/client/renderer/entity/PiglinRenderer	55	66
	32	42
	34	45
	37	48
	38	49
	39	50
	41	53
	46	57
	47	58
	48	59
	17	19
	18	21
	50	61
	19	23
	20	25
	55	66
	27	36
	29	37
	30	40
	31	41
net/minecraft/client/gui/spectator/SpectatorMenuCategory	0	0
net/minecraft/client/particle/CherryParticle	101	68
	65	46
	66	68
	70	47
	71	48
	73	49
	74	50
	76	51
	77	52
	80	53
	82	54
	84	55
	85	56
	88	57
	91	58
	28	19
	92	59
	29	20
	94	62
	95	68
	32	21
	33	22
	34	23
	98	63
	99	64
	100	65
	37	24
	101	68
	39	25
	42	26
	43	27
	44	28
	47	29
	48	30
	52	34
	58	39
	59	40
	60	41
	62	42
	63	43
com/mojang/blaze3d/font/package-info	0	0
net/minecraft/client/renderer/entity/NoopRenderer	14	17
	9	12
	10	13
	14	17
net/minecraft/client/ComponentCollector	34	34
	33	33
	18	20
	34	34
	19	21
	21	23
	22	23
	24	23
	10	12
	28	28
	13	15
	29	29
	14	16
net/minecraft/client/resources/metadata/gui/GuiSpriteScaling	123	120
	14	16
	21	76
	25	80
	30	87
	31	88
	32	89
	33	91
	37	96
	42	24
	43	25
	44	26
	45	27
	46	29
	49	34
	50	35
	51	36
	53	38
	54	39
	56	40
	61	46
	65	51
	66	52
	68	53
	69	54
	70	54
	72	54
	76	57
	77	58
	78	59
	79	60
	80	61
	81	63
	83	65
	84	66
	85	66
	86	66
	88	66
	93	69
	94	69
	96	69
	102	102
	103	103
	104	104
	107	106
	113	111
	114	112
	115	113
	119	116
	123	120
net/minecraft/client/gui/components/AbstractOptionSliderButton	12	15
	10	13
	11	14
	12	15
net/minecraft/client/model/OcelotModel	181	168
	129	118
	130	119
	131	120
	132	121
	134	122
	135	123
	137	125
	141	129
	145	133
	146	134
	147	135
	148	136
	149	137
	150	138
	151	139
	152	140
	153	141
	154	142
	155	143
	156	144
	157	145
	158	146
	159	147
	160	148
	161	149
	163	150
	164	151
	165	152
	166	153
	167	154
	168	155
	169	156
	170	157
	171	158
	172	159
	173	160
	174	161
	175	162
	176	163
	177	164
	179	166
	53	49
	181	168
	54	50
	55	51
	56	52
	57	53
	58	54
	59	55
	60	56
	61	57
	62	58
	65	61
	66	62
	67	63
	69	64
	70	66
	71	67
	72	68
	73	69
	74	70
	75	71
	77	73
	78	75
	79	75
	80	76
	82	78
	83	80
	84	80
	85	81
	87	83
	88	84
	89	84
	90	84
	92	86
	93	86
	94	87
	95	88
	97	89
	98	89
	99	90
	100	91
	102	92
	107	97
	112	102
	117	107
	118	108
	120	109
	121	110
	122	111
	123	112
	124	113
	125	114
	126	115
	127	116
com/mojang/realmsclient/gui/screens/package-info	0	0
net/minecraft/client/renderer/entity/VexRenderer	30	27
	16	18
	17	19
	18	20
	22	23
	27	27
	12	14
	28	27
	13	15
	30	27
net/minecraft/client/gui/screens/WinScreen	314	301
	257	241
	259	243
	260	244
	261	245
	262	246
	263	247
	266	251
	267	252
	268	253
	269	254
	271	256
	274	260
	276	263
	277	264
	280	267
	281	268
	282	269
	283	270
	284	271
	285	272
	289	276
	290	277
	35	35
	36	36
	292	279
	37	37
	294	281
	39	39
	298	285
	43	42
	299	286
	44	43
	300	287
	45	44
	304	291
	309	296
	310	297
	314	301
	63	59
	64	60
	65	61
	66	62
	67	63
	69	65
	71	68
	73	69
	74	70
	77	73
	78	74
	80	75
	85	80
	86	81
	87	82
	88	83
	89	84
	91	86
	95	90
	96	91
	97	92
	98	93
	99	94
	100	95
	102	98
	104	99
	109	104
	110	105
	112	108
	113	109
	114	110
	115	111
	117	114
	119	115
	124	120
	125	121
	128	124
	129	125
	133	129
	134	143
	137	130
	138	131
	139	132
	140	133
	142	136
	143	137
	144	138
	147	141
	148	143
	156	146
	157	147
	158	148
	159	149
	161	151
	164	154
	165	155
	168	158
	169	159
	172	162
	173	163
	174	164
	175	165
	177	168
	178	169
	181	172
	182	173
	184	175
	187	178
	188	178
	189	179
	190	180
	191	181
	192	182
	193	183
	194	184
	195	185
	197	187
	198	187
	199	188
	200	189
	201	190
	202	191
	203	192
	204	193
	207	196
	208	196
	209	197
	210	198
	211	199
	212	200
	213	202
	214	203
	215	204
	217	207
	218	208
	222	212
	225	215
	226	216
	229	219
	230	220
	233	223
	234	224
	236	227
	237	228
	241	232
	243	233
	245	234
	247	235
	248	236
	250	237
	252	238
	253	239
	255	240
net/minecraft/client/renderer/entity/DisplayRenderer	222	238
	128	132
	129	133
	134	137
	140	141
	141	142
	142	153
	149	161
	150	162
	151	163
	154	166
	155	167
	157	168
	158	170
	31	43
	159	171
	32	44
	160	172
	33	45
	161	173
	164	176
	37	48
	42	52
	170	181
	43	53
	44	70
	46	54
	47	55
	175	185
	48	70
	177	186
	50	56
	178	187
	179	188
	52	57
	180	189
	53	58
	181	190
	55	59
	183	192
	56	60
	184	193
	57	61
	185	194
	59	62
	187	196
	60	63
	61	64
	62	65
	190	199
	63	66
	64	67
	192	200
	65	70
	194	201
	195	202
	68	73
	196	203
	70	75
	199	204
	72	76
	201	205
	74	77
	202	206
	203	207
	76	78
	205	208
	78	79
	206	209
	207	210
	208	211
	209	212
	210	213
	83	85
	213	216
	214	217
	87	89
	215	218
	216	219
	217	220
	91	93
	219	223
	220	236
	222	238
	95	97
	107	110
	108	111
	109	112
	114	116
	119	122
	120	123
	127	131
net/minecraft/client/resources/metadata/animation/package-info	0	0
net/minecraft/client/gui/components/AbstractContainerWidget	77	80
	34	35
	66	69
	39	40
	71	74
	40	41
	42	44
	43	45
	76	79
	45	48
	77	80
	46	49
	18	19
	19	20
	51	54
	23	24
	56	59
	28	29
	29	30
	61	64
net/minecraft/client/gui/navigation/ScreenDirection	66	48
	32	34
	33	35
	66	48
	12	14
	44	40
	45	40
	15	17
	47	40
	16	18
	17	19
	22	24
	23	25
	24	26
	25	27
	26	28
	58	44
	59	44
	61	44
	31	33
com/mojang/realmsclient/util/TextRenderingUtils	176	178
	134	23
	138	27
	139	28
	14	15
	143	32
	144	33
	145	35
	146	36
	147	38
	148	38
	20	82
	149	39
	21	83
	150	40
	152	42
	24	86
	25	87
	155	46
	157	49
	29	91
	161	53
	162	54
	164	57
	36	96
	165	58
	37	97
	166	61
	167	62
	39	98
	168	63
	40	102
	170	66
	42	99
	171	67
	43	100
	173	70
	174	71
	176	74
	48	108
	60	121
	61	122
	62	123
	63	124
	66	127
	67	128
	68	129
	69	130
	73	134
	74	135
	76	136
	77	142
	79	137
	80	138
	81	139
	82	140
	87	148
	92	153
	100	157
	104	161
	108	165
	109	166
	111	168
	115	173
	120	178
	126	19
net/minecraft/client/renderer/debug/GameTestDebugRenderer	70	68
	64	35
	65	36
	66	37
	34	60
	67	38
	68	39
	70	41
	38	64
	42	68
	47	18
	16	15
	48	19
	52	23
	53	24
	24	50
	57	28
	25	51
	58	29
	26	52
	59	30
	27	53
	60	31
	30	56
	63	34
com/mojang/realmsclient/client/Request	292	295
	256	290
	257	291
	258	292
	259	293
	260	294
	261	295
	270	244
	271	245
	272	246
	277	250
	278	251
	281	254
	282	255
	283	256
	284	257
	285	258
	30	30
	286	259
	31	31
	287	260
	288	261
	33	32
	289	262
	34	33
	290	263
	291	264
	36	35
	292	265
	39	38
	40	39
	41	40
	42	41
	43	42
	44	43
	46	45
	49	48
	50	49
	53	52
	54	53
	55	54
	57	56
	59	58
	62	61
	63	62
	66	65
	70	69
	72	72
	73	73
	74	74
	80	80
	81	81
	82	82
	83	83
	89	89
	92	91
	93	92
	95	94
	98	97
	99	98
	100	99
	101	100
	106	105
	107	106
	109	109
	110	110
	111	112
	112	113
	115	116
	119	120
	121	123
	122	125
	125	128
	128	132
	129	133
	130	148
	133	134
	136	137
	140	144
	141	145
	144	129
	148	151
	149	152
	151	155
	152	156
	153	157
	160	163
	164	167
	168	171
	172	175
	176	179
	180	183
	184	187
	188	191
	193	196
	194	197
	195	198
	201	205
	202	206
	207	210
	208	211
	209	212
	210	213
	211	214
	212	215
	219	223
	220	224
	225	228
	226	229
	227	230
	228	231
	229	232
	230	233
	231	234
	240	275
	241	276
	242	277
	247	281
	248	282
	251	285
	252	286
	253	287
	254	288
	255	289
net/minecraft/client/Camera	257	252
	257	252
	27	30
	28	31
	29	32
	34	36
	36	38
	37	39
	38	40
	49	51
	50	52
	51	53
	52	54
	53	55
	55	56
	56	57
	58	62
	59	63
	60	64
	63	67
	64	68
	65	69
	66	70
	67	71
	68	72
	70	74
	73	77
	74	78
	75	79
	77	81
	80	84
	81	86
	82	87
	83	88
	84	89
	85	90
	86	91
	87	92
	88	93
	89	94
	90	95
	91	96
	95	101
	99	105
	100	106
	101	107
	104	110
	105	111
	107	112
	113	113
	114	114
	115	115
	116	116
	119	119
	120	120
	123	123
	124	124
	125	125
	128	128
	132	132
	136	136
	140	140
	144	144
	148	148
	152	152
	156	156
	160	160
	161	161
	162	162
	163	163
	165	164
	166	165
	167	166
	169	167
	173	171
	174	172
	177	175
	178	176
	179	176
	180	177
	184	180
	187	182
	188	182
	189	183
	190	184
	191	185
	192	186
	193	187
	194	188
	197	191
	198	192
	199	193
	204	198
	208	202
	212	206
	216	210
	220	214
	221	215
	222	216
	223	217
	226	220
	235	230
	236	231
	237	232
	238	233
	241	236
	245	240
	249	244
	253	248
net/minecraft/client/multiplayer/ClientLevel	1026	948
	1026	819
	96	100
	116	120
	117	123
	118	126
	119	128
	130	137
	131	138
	134	141
	135	142
	137	144
	140	147
	141	148
	142	149
	145	150
	146	151
	147	152
	150	155
	153	158
	158	162
	159	163
	160	164
	161	165
	162	166
	164	169
	166	171
	169	134
	172	187
	173	188
	174	189
	175	190
	176	191
	177	192
	178	193
	179	194
	181	195
	182	196
	183	197
	184	198
	187	201
	188	202
	191	205
	192	206
	193	208
	194	209
	195	210
	196	214
	201	216
	204	219
	208	223
	212	227
	213	228
	214	229
	217	232
	218	233
	221	236
	223	237
	225	238
	226	239
	229	242
	230	243
	231	244
	233	246
	236	249
	237	250
	240	253
	241	254
	242	255
	244	257
	246	260
	247	261
	250	264
	254	268
	255	269
	257	270
	258	271
	259	274
	261	272
	262	274
	263	275
	265	276
	266	277
	270	280
	274	284
	276	285
	277	286
	278	287
	279	288
	281	290
	282	291
	284	293
	287	296
	288	297
	289	307
	292	298
	293	307
	296	299
	298	300
	299	301
	301	303
	302	304
	304	307
	307	310
	308	311
	309	312
	310	313
	313	316
	314	317
	315	318
	316	319
	319	322
	320	323
	324	326
	328	330
	332	334
	333	335
	334	336
	337	339
	338	340
	339	341
	340	342
	342	344
	347	348
	352	352
	353	353
	356	356
	357	357
	359	358
	360	359
	361	361
	362	362
	363	363
	365	365
	369	369
	370	370
	371	371
	372	372
	373	373
	377	377
	381	381
	382	382
	383	383
	385	384
	386	385
	387	386
	389	387
	391	388
	392	389
	394	390
	395	391
	396	392
	397	393
	398	394
	402	398
	403	399
	406	402
	407	403
	408	407
	409	408
	411	418
	413	421
	416	424
	417	446
	420	425
	421	426
	422	427
	423	428
	424	429
	426	431
	427	432
	428	433
	429	434
	431	436
	432	437
	433	438
	434	439
	435	440
	436	441
	440	446
	443	449
	444	451
	445	452
	446	453
	449	457
	452	460
	453	461
	457	464
	459	465
	460	467
	461	469
	463	470
	468	476
	469	477
	471	479
	475	482
	476	483
	478	485
	482	488
	483	489
	487	492
	488	493
	491	496
	492	497
	494	498
	496	499
	497	500
	499	502
	501	504
	505	507
	507	508
	508	509
	511	512
	513	514
	517	517
	518	518
	522	521
	527	525
	532	529
	537	533
	542	537
	548	542
	552	546
	553	547
	558	550
	562	553
	567	557
	572	561
	573	562
	577	565
	578	566
	581	569
	582	570
	586	573
	587	574
	591	577
	592	578
	597	582
	598	583
	599	584
	600	585
	602	586
	603	587
	604	588
	605	589
	607	590
	609	592
	613	595
	614	596
	618	599
	619	600
	623	603
	624	604
	628	607
	629	608
	633	611
	638	615
	642	619
	644	620
	645	621
	647	622
	649	623
	650	624
	652	625
	656	629
	658	630
	659	631
	660	633
	662	635
	663	636
	665	637
	666	638
	667	639
	669	640
	670	641
	671	642
	673	643
	674	644
	675	645
	676	646
	678	649
	679	650
	680	651
	682	652
	683	653
	684	654
	685	655
	688	658
	689	659
	690	660
	691	661
	692	662
	694	665
	695	666
	696	667
	697	668
	700	671
	704	675
	706	676
	707	677
	709	678
	710	679
	711	680
	713	681
	714	682
	715	683
	717	684
	718	685
	719	686
	720	687
	723	690
	724	691
	725	692
	727	693
	728	694
	729	695
	731	696
	732	697
	733	698
	734	699
	737	702
	741	706
	743	707
	744	708
	746	709
	750	713
	755	717
	756	718
	760	721
	762	722
	763	723
	766	726
	768	728
	770	730
	773	733
	776	736
	778	738
	784	743
	785	744
	789	748
	790	749
	791	750
	794	753
	795	754
	796	755
	797	756
	799	757
	800	758
	801	760
	802	761
	803	762
	805	763
	806	764
	807	765
	810	768
	814	772
	815	773
	819	776
	824	780
	830	784
	833	787
	837	791
	838	792
	856	836
	857	837
	858	838
	859	839
	860	840
	863	843
	868	847
	873	851
	878	855
	882	859
	883	860
	886	863
	887	864
	891	867
	892	868
	893	869
	897	872
	902	876
	907	880
	908	881
	912	884
	917	888
	922	892
	927	896
	932	900
	933	901
	936	904
	937	905
	940	908
	941	909
	944	912
	945	912
	948	912
	952	916
	953	916
	955	916
	961	795
	967	923
	971	926
	975	929
	976	930
	980	933
	981	934
	985	937
	986	938
	988	940
	992	943
	993	944
	994	945
	998	948
	1003	799
	1008	803
	1009	804
	1012	807
	1013	808
	1016	811
	1021	815
net/minecraft/client/renderer/item/ItemProperties	256	248
	256	77
	36	37
	38	38
	39	39
	41	40
	42	42
	45	47
	46	48
	50	52
	51	53
	53	44
	56	56
	57	57
	60	82
	61	83
	64	86
	65	87
	68	91
	69	92
	70	93
	71	93
	73	93
	75	95
	77	96
	78	97
	81	99
	82	100
	83	101
	85	103
	86	103
	89	103
	92	107
	93	109
	94	111
	97	110
	100	114
	101	116
	104	118
	106	119
	113	126
	115	127
	116	128
	119	131
	120	132
	123	135
	124	136
	128	140
	129	141
	131	143
	134	146
	136	147
	140	151
	141	152
	143	153
	144	154
	146	155
	147	156
	148	157
	151	160
	155	163
	156	164
	157	165
	158	165
	160	165
	164	168
	165	171
	166	171
	168	171
	171	175
	172	178
	173	179
	176	181
	177	182
	180	183
	183	188
	184	190
	187	198
	188	200
	191	202
	192	203
	193	204
	196	207
	197	207
	200	209
	201	210
	202	211
	205	214
	206	215
	207	216
	208	217
	210	220
	213	223
	214	225
	217	228
	218	230
	221	233
	222	236
	223	239
	224	240
	225	240
	227	240
	230	244
	231	246
	233	248
	237	61
	238	62
	239	63
	241	66
	242	67
	246	71
	247	72
	248	73
	251	76
	252	77
	253	77
net/minecraft/realms/RealmsScreen	42	39
	33	30
	37	34
	38	35
	42	39
	29	26
	30	27
net/minecraft/client/gui/screens/recipebook/RecipeBookComponent	593	524
	512	447
	513	448
	514	449
	515	450
	516	451
	518	454
	519	455
	520	456
	521	457
	523	459
	526	462
	530	466
	532	467
	534	468
	536	470
	540	474
	541	475
	543	477
	546	480
	547	481
	548	482
	550	483
	551	486
	41	43
	42	43
	43	43
	555	489
	556	490
	557	491
	46	46
	47	46
	559	493
	48	47
	49	48
	50	49
	562	496
	563	497
	564	498
	53	51
	565	499
	54	52
	566	500
	568	502
	59	58
	60	59
	574	506
	579	511
	68	64
	580	512
	581	513
	582	514
	584	516
	585	517
	586	518
	587	519
	589	520
	78	72
	590	521
	591	522
	593	524
	93	82
	94	83
	95	84
	96	85
	97	86
	98	87
	99	88
	101	89
	103	90
	104	91
	105	92
	107	94
	110	97
	111	98
	112	99
	114	100
	115	101
	116	102
	118	103
	119	104
	120	105
	121	106
	122	107
	123	108
	124	109
	126	110
	127	111
	129	112
	130	113
	131	114
	133	115
	135	117
	136	118
	139	121
	140	124
	142	129
	143	130
	145	133
	147	134
	148	135
	149	136
	152	139
	153	140
	156	143
	157	144
	161	148
	162	149
	164	151
	167	154
	171	158
	172	159
	175	162
	179	166
	183	170
	184	171
	187	174
	188	175
	189	176
	190	177
	192	180
	193	181
	196	184
	197	185
	199	186
	200	187
	203	190
	206	193
	209	194
	211	195
	214	196
	217	197
	220	198
	221	199
	222	200
	223	201
	224	202
	225	203
	230	207
	231	208
	234	211
	235	212
	239	215
	240	216
	241	217
	243	218
	244	220
	245	221
	246	222
	247	223
	248	224
	252	225
	253	226
	254	227
	257	230
	261	233
	262	234
	263	235
	266	238
	267	244
	270	239
	271	240
	272	241
	274	244
	277	247
	278	248
	279	249
	281	250
	282	251
	286	255
	287	271
	290	256
	291	257
	293	258
	294	259
	295	260
	297	261
	299	263
	300	264
	303	267
	305	268
	307	269
	308	271
	311	274
	312	278
	315	275
	317	276
	318	278
	321	281
	325	285
	327	287
	328	288
	330	289
	331	290
	333	291
	334	292
	338	296
	339	297
	341	299
	344	302
	345	303
	349	307
	350	359
	354	308
	355	309
	356	310
	358	311
	359	312
	360	313
	363	316
	365	317
	367	318
	368	319
	372	323
	375	325
	376	326
	377	327
	379	330
	382	331
	383	332
	384	333
	385	334
	387	335
	389	336
	391	337
	394	340
	395	341
	396	342
	397	343
	398	344
	400	347
	401	348
	403	349
	406	352
	410	356
	414	364
	415	365
	416	366
	417	367
	421	371
	422	372
	425	375
	426	376
	428	377
	433	382
	434	383
	435	384
	438	385
	439	386
	440	387
	443	388
	444	389
	445	390
	447	391
	449	392
	452	393
	453	394
	454	395
	456	396
	459	398
	464	404
	465	405
	470	410
	471	411
	473	412
	474	413
	477	414
	478	415
	479	416
	482	418
	487	424
	493	429
	497	433
	501	437
	502	438
	504	439
	505	440
	506	441
	508	443
	511	446
net/minecraft/client/renderer/entity/BeeRenderer	28	25
	9	12
	10	13
	11	14
	12	15
	15	18
	16	19
	20	22
	21	23
	22	23
	24	23
	25	25
	26	25
	28	25
net/minecraft/client/renderer/item/CompassItemPropertyFunction	129	117
	128	116
	129	117
	67	59
	68	60
	69	61
	71	64
	73	66
	76	69
	81	74
	82	74
	83	74
	22	24
	86	74
	23	25
	90	78
	27	29
	91	78
	29	30
	30	31
	95	82
	96	83
	33	34
	35	35
	36	35
	100	87
	39	35
	104	91
	43	39
	44	40
	46	41
	47	42
	50	43
	54	47
	118	107
	55	48
	57	51
	58	52
	122	111
	123	112
	124	113
	62	56
	126	114
	63	57
	127	115
net/minecraft/client/gui/screens/inventory/CraftingScreen	128	114
	128	114
	15	19
	22	24
	23	25
	27	29
	29	30
	30	31
	31	32
	33	33
	34	34
	35	35
	37	36
	38	37
	39	38
	41	39
	42	40
	46	44
	48	45
	49	46
	53	50
	54	51
	55	52
	57	54
	58	55
	59	56
	62	59
	63	60
	64	61
	68	65
	69	66
	70	67
	71	68
	75	72
	76	72
	78	72
	83	77
	84	77
	86	77
	91	82
	96	87
	97	88
	98	89
	101	91
	102	91
	105	91
	110	97
	111	98
	116	103
	118	104
	119	105
	123	109
	124	110
net/minecraft/client/particle/HeartParticle	59	61
	36	55
	37	56
	9	12
	41	59
	10	13
	42	60
	11	14
	43	61
	12	15
	13	16
	14	17
	15	18
	17	19
	18	20
	19	21
	51	39
	20	22
	52	40
	24	26
	56	43
	57	44
	58	45
	59	46
	29	31
com/mojang/blaze3d/font/GlyphInfo	28	31
	16	18
	20	22
	12	14
	28	31
net/minecraft/client/renderer/entity/EvokerRenderer	29	33
	17	19
	20	24
	21	25
	23	27
	25	30
	12	15
	29	33
	15	18
com/mojang/realmsclient/gui/screens/AddRealmPopupScreen	164	155
	131	125
	132	126
	133	127
	136	128
	138	129
	139	130
	140	131
	141	132
	143	134
	146	137
	150	141
	154	145
	27	26
	28	27
	30	28
	158	149
	31	29
	33	31
	34	31
	35	31
	163	154
	164	155
	54	45
	66	54
	67	55
	68	56
	69	57
	72	61
	73	64
	74	65
	78	69
	80	70
	81	71
	82	72
	83	72
	84	73
	88	78
	89	79
	90	80
	92	84
	93	86
	95	87
	96	89
	97	91
	98	92
	100	95
	101	96
	105	100
	106	101
	107	102
	108	103
	110	105
	114	109
	116	110
	117	111
	119	113
	122	116
	123	117
	124	118
	125	119
	126	120
	127	121
net/minecraft/client/gui/Gui	1454	1387
	77	75
	78	76
	79	78
	80	81
	81	83
	82	84
	83	85
	84	86
	85	87
	86	88
	87	90
	88	92
	89	93
	90	94
	91	95
	92	96
	93	97
	94	98
	95	99
	96	100
	97	101
	98	102
	99	103
	100	104
	101	105
	102	106
	103	107
	104	108
	105	109
	106	110
	107	111
	108	112
	109	113
	110	114
	111	115
	113	116
	115	119
	116	120
	169	164
	170	165
	171	166
	172	167
	173	168
	174	169
	175	170
	177	171
	179	173
	180	173
	181	174
	182	175
	183	176
	184	177
	185	178
	187	180
	188	180
	189	181
	190	182
	191	183
	193	185
	194	186
	195	187
	196	188
	197	189
	198	190
	199	191
	201	192
	202	192
	203	192
	204	192
	205	193
	208	196
	209	197
	210	198
	211	199
	217	202
	218	203
	219	204
	220	205
	223	208
	224	209
	227	212
	229	213
	231	214
	232	215
	233	216
	235	218
	237	219
	238	220
	239	221
	244	226
	245	227
	248	231
	249	233
	250	234
	252	236
	255	239
	256	251
	259	240
	261	241
	262	242
	263	243
	265	244
	268	247
	269	248
	270	249
	271	251
	274	254
	275	255
	276	280
	278	256
	279	257
	280	258
	281	259
	282	260
	284	263
	285	264
	286	265
	289	267
	290	268
	292	270
	294	273
	295	274
	297	275
	299	278
	300	280
	303	283
	304	320
	307	284
	308	285
	309	286
	310	287
	311	288
	312	289
	313	290
	315	293
	316	294
	318	297
	319	298
	320	299
	321	300
	323	301
	324	302
	326	303
	327	304
	328	305
	330	306
	332	307
	333	308
	334	309
	336	310
	337	311
	338	312
	341	315
	343	318
	344	320
	347	323
	348	324
	349	325
	350	326
	351	327
	353	329
	356	332
	357	333
	358	334
	359	335
	360	336
	361	337
	362	338
	365	342
	366	343
	367	344
	369	346
	372	349
	373	350
	374	351
	375	355
	376	356
	378	353
	380	358
	383	361
	385	362
	386	412
	389	363
	390	363
	391	412
	395	364
	397	365
	398	366
	400	367
	401	368
	402	369
	403	370
	404	371
	405	372
	406	373
	407	374
	409	375
	411	376
	412	377
	414	380
	415	385
	416	386
	418	387
	419	388
	420	389
	421	390
	422	391
	423	392
	426	395
	427	396
	429	397
	430	398
	431	399
	432	400
	434	401
	435	402
	439	406
	442	409
	443	412
	446	415
	447	416
	450	417
	451	418
	452	419
	453	420
	454	421
	455	422
	458	424
	462	429
	464	430
	465	483
	468	432
	469	433
	470	434
	471	435
	474	436
	476	438
	477	439
	479	440
	480	441
	481	442
	482	443
	483	444
	486	447
	487	448
	488	449
	490	451
	491	452
	492	453
	495	456
	496	457
	497	458
	499	460
	501	461
	502	462
	503	463
	504	464
	508	468
	509	469
	510	470
	511	471
	512	472
	513	473
	514	474
	515	475
	516	476
	520	480
	522	481
	523	483
	526	486
	527	487
	529	489
	532	492
	533	493
	534	494
	535	495
	536	496
	537	497
	540	500
	541	501
	543	504
	545	505
	546	506
	547	507
	548	508
	550	510
	553	513
	554	514
	555	570
	558	515
	559	516
	560	517
	561	518
	562	519
	564	520
	566	521
	567	522
	569	523
	570	524
	572	525
	573	526
	574	527
	576	529
	580	533
	582	534
	584	535
	585	537
	586	538
	587	539
	588	540
	591	543
	592	544
	593	545
	594	546
	596	548
	600	552
	601	553
	602	554
	603	555
	604	556
	605	557
	606	558
	607	559
	610	562
	612	563
	613	564
	615	567
	617	570
	621	573
	622	574
	623	575
	625	576
	627	577
	629	578
	630	579
	631	580
	632	581
	633	582
	634	583
	636	586
	637	587
	638	588
	641	591
	642	592
	643	593
	644	594
	646	595
	648	596
	649	597
	650	598
	651	599
	652	600
	654	603
	656	606
	657	607
	660	610
	661	611
	662	612
	664	613
	665	614
	666	615
	668	616
	669	617
	670	618
	671	619
	672	620
	673	621
	675	623
	678	626
	682	630
	684	631
	685	632
	686	633
	687	634
	690	637
	691	638
	692	639
	693	640
	695	641
	698	644
	699	645
	700	646
	702	649
	703	650
	707	654
	708	655
	711	658
	712	676
	715	659
	718	661
	719	662
	721	665
	724	670
	725	671
	726	672
	727	673
	728	674
	729	676
	734	679
	735	680
	736	686
	737	688
	738	689
	739	690
	740	691
	741	692
	742	693
	743	694
	744	695
	745	696
	746	697
	748	699
	750	700
	751	701
	752	702
	754	703
	755	705
	756	706
	759	709
	760	710
	761	711
	762	712
	763	713
	764	714
	765	715
	766	716
	768	717
	769	718
	771	719
	773	720
	774	721
	776	722
	777	724
	778	725
	779	726
	781	727
	782	728
	784	730
	785	731
	789	735
	794	740
	795	741
	796	742
	797	743
	798	744
	800	747
	801	748
	804	752
	808	756
	809	765
	812	757
	813	758
	814	759
	815	760
	817	763
	821	770
	825	774
	826	775
	827	844
	829	776
	831	777
	832	778
	833	779
	834	780
	835	781
	836	782
	837	783
	838	784
	840	787
	841	788
	842	789
	843	790
	845	793
	846	794
	847	795
	849	796
	850	797
	852	798
	853	799
	854	800
	855	801
	856	802
	857	803
	858	804
	859	805
	860	806
	864	809
	865	810
	867	811
	868	812
	870	813
	871	814
	872	815
	873	816
	874	817
	875	818
	879	821
	881	822
	882	823
	883	824
	885	825
	886	826
	888	827
	889	828
	890	829
	891	831
	892	832
	893	833
	895	835
	898	839
	901	842
	902	844
	905	847
	906	848
	907	869
	909	849
	910	850
	911	852
	912	853
	913	854
	914	855
	916	858
	917	859
	919	862
	920	863
	923	867
	924	869
	927	1272
	928	1272
	929	1273
	930	1274
	931	1275
	932	1276
	933	1277
	934	1278
	935	1279
	937	1282
	938	1282
	939	1283
	940	1284
	941	1285
	942	1286
	943	1287
	944	1288
	945	1289
	947	1292
	948	1292
	949	1293
	950	1294
	951	1295
	952	1296
	953	1297
	954	1298
	955	1299
	957	1302
	958	1302
	959	1303
	960	1304
	961	1305
	962	1306
	963	1307
	964	1308
	965	1309
	967	1312
	968	1312
	969	1313
	970	1314
	971	1315
	972	1316
	973	1317
	974	1318
	975	1319
	977	1322
	978	1322
	979	1323
	980	1324
	981	1325
	982	1326
	983	1327
	984	1328
	985	1329
	999	1351
	1000	1352
	1001	1353
	1002	1354
	1003	1355
	1004	1356
	1005	1357
	1006	1358
	1007	1359
	1010	1362
	1011	1363
	1012	1364
	1014	1366
	1017	1368
	1018	1369
	1020	1371
	1027	1377
	1028	1378
	1029	1379
	1030	1380
	1031	1381
	1032	1382
	1034	1384
	1036	1387
	1041	872
	1042	873
	1044	874
	1045	875
	1046	876
	1048	878
	1049	879
	1050	880
	1052	881
	1053	882
	1055	883
	1056	884
	1058	887
	1059	888
	1062	891
	1064	892
	1066	893
	1067	894
	1068	895
	1069	896
	1070	897
	1071	898
	1074	902
	1075	903
	1076	904
	1078	907
	1079	908
	1080	909
	1083	912
	1086	915
	1087	916
	1088	917
	1089	918
	1092	921
	1093	922
	1094	923
	1095	925
	1096	926
	1101	930
	1102	931
	1103	932
	1104	933
	1106	935
	1107	936
	1108	937
	1111	940
	1112	940
	1113	941
	1117	944
	1118	945
	1119	946
	1120	947
	1122	950
	1123	951
	1126	955
	1127	956
	1130	959
	1131	960
	1132	994
	1134	961
	1135	962
	1136	994
	1138	963
	1141	964
	1144	965
	1145	966
	1146	967
	1147	968
	1149	969
	1150	971
	1151	972
	1152	973
	1154	975
	1155	976
	1156	977
	1157	978
	1158	979
	1160	982
	1161	983
	1164	987
	1165	988
	1167	991
	1168	994
	1171	997
	1172	998
	1173	999
	1175	1000
	1176	1001
	1178	1002
	1179	1003
	1180	1004
	1181	1005
	1182	1006
	1185	1009
	1186	1010
	1187	1011
	1189	1012
	1190	1013
	1192	1014
	1193	1015
	1194	1016
	1195	1017
	1198	1018
	1199	1019
	1200	1020
	1203	1021
	1205	1022
	1207	1023
	1209	1024
	1210	1025
	1213	1028
	1214	1029
	1215	1030
	1216	1031
	1217	1032
	1220	1035
	1222	1036
	1224	1037
	1225	1038
	1226	1039
	1227	1040
	1228	1041
	1229	1042
	1233	1046
	1234	1047
	1235	1048
	1236	1050
	1239	1052
	1240	1053
	1241	1054
	1243	1056
	1244	1057
	1245	1058
	1248	1061
	1250	1062
	1251	1063
	1252	1064
	1253	1065
	1254	1066
	1255	1067
	1258	1070
	1259	1071
	1260	1072
	1261	1073
	1264	1076
	1265	1077
	1266	1078
	1267	1079
	1269	1080
	1270	1081
	1272	1082
	1273	1083
	1274	1084
	1275	1085
	1276	1086
	1279	1089
	1280	1106
	1283	1090
	1284	1091
	1285	1092
	1287	1093
	1288	1094
	1289	1095
	1290	1096
	1293	1099
	1295	1100
	1296	1101
	1299	1104
	1300	1106
	1303	1109
	1304	1110
	1305	1111
	1307	1113
	1310	1116
	1311	1117
	1313	1120
	1314	1121
	1315	1122
	1316	1123
	1317	1124
	1320	1128
	1322	1129
	1323	1130
	1324	1131
	1327	1134
	1328	1135
	1330	1136
	1331	1137
	1332	1138
	1333	1141
	1334	1142
	1335	1143
	1337	1146
	1340	1149
	1341	1150
	1344	1153
	1345	1154
	1346	1155
	1347	1156
	1348	1157
	1351	1160
	1352	1161
	1353	1162
	1354	1163
	1357	1166
	1358	1167
	1359	1168
	1360	1169
	1361	1170
	1364	1173
	1365	1174
	1368	1177
	1372	1181
	1373	1182
	1375	1185
	1376	1186
	1378	1189
	1379	1190
	1381	1193
	1382	1194
	1384	1196
	1387	1199
	1388	1200
	1391	1203
	1392	1204
	1393	1205
	1396	1208
	1397	1209
	1398	1210
	1399	1211
	1402	1214
	1406	1218
	1410	1222
	1414	1226
	1418	1230
	1422	1234
	1423	1235
	1424	1236
	1426	1237
	1427	1238
	1428	1239
	1431	1242
	1435	1246
	1439	1250
	1440	1251
	1443	1254
	1444	1256
	1445	1258
	1446	1259
	1447	1260
	1448	1261
	1449	1262
	1450	1263
	1451	1264
	1454	1267
com/mojang/realmsclient/dto/BackupList	33	36
	33	36
	18	19
	20	20
	21	21
	23	24
	24	25
	25	26
	26	28
	27	29
	13	15
	30	32
	31	33
net/minecraft/client/tutorial/MovementTutorialStepInstance	119	120
	17	17
	18	19
	20	20
	21	21
	35	34
	36	35
	40	39
	42	40
	43	41
	44	42
	47	45
	48	46
	49	47
	52	50
	53	51
	54	52
	55	53
	57	56
	60	59
	61	60
	62	61
	63	62
	65	65
	68	68
	69	69
	70	70
	72	72
	76	76
	77	77
	80	80
	81	81
	84	84
	85	85
	86	86
	87	87
	88	88
	89	89
	90	90
	93	93
	97	97
	98	98
	99	99
	101	102
	102	103
	103	104
	105	106
	109	110
	110	111
	112	113
	116	117
	117	118
	119	120
net/minecraft/client/gui/components/AbstractSelectionList	582	554
	512	487
	516	491
	517	492
	520	495
	521	496
	522	497
	523	498
	524	499
	527	502
	536	511
	540	515
	31	31
	32	32
	33	33
	34	34
	546	521
	550	525
	559	534
	50	49
	51	50
	52	51
	564	539
	53	52
	57	55
	569	543
	58	56
	570	544
	571	545
	60	57
	61	58
	63	60
	576	549
	577	550
	66	63
	578	551
	582	554
	71	68
	75	72
	76	73
	79	76
	86	81
	91	86
	95	90
	97	91
	98	92
	101	95
	102	96
	103	97
	106	100
	110	104
	111	105
	115	109
	116	110
	117	111
	118	112
	121	115
	122	116
	123	117
	124	118
	128	122
	132	126
	137	131
	138	132
	140	133
	141	134
	143	135
	144	136
	145	137
	146	137
	148	137
	153	141
	154	142
	157	145
	158	146
	159	147
	160	148
	163	151
	167	155
	171	159
	174	162
	178	166
	180	167
	182	168
	183	169
	184	170
	185	171
	186	172
	188	175
	189	176
	191	177
	193	178
	194	179
	196	180
	197	181
	199	182
	200	183
	201	184
	204	187
	205	188
	206	189
	207	190
	210	193
	212	194
	213	195
	216	198
	220	202
	221	203
	222	204
	223	205
	224	206
	225	207
	226	208
	229	211
	230	212
	231	213
	232	216
	233	217
	236	220
	237	221
	241	224
	242	225
	248	228
	249	229
	250	230
	251	231
	254	234
	255	235
	256	236
	258	238
	261	241
	262	242
	265	245
	269	249
	270	250
	273	253
	274	254
	277	257
	278	258
	281	261
	285	265
	286	266
	289	269
	293	273
	297	277
	301	281
	306	286
	307	287
	309	290
	310	291
	311	292
	313	295
	314	296
	315	297
	316	298
	318	299
	319	300
	321	303
	322	304
	323	305
	325	307
	326	308
	328	311
	333	316
	334	316
	336	316
	341	321
	342	322
	345	325
	346	340
	348	326
	349	327
	350	328
	351	329
	353	331
	354	332
	355	333
	356	334
	357	335
	359	338
	364	346
	365	347
	370	352
	372	353
	373	354
	374	355
	375	356
	376	357
	377	358
	380	361
	384	365
	389	370
	394	375
	395	376
	396	377
	397	378
	399	380
	401	382
	402	383
	404	385
	407	388
	408	389
	409	390
	410	391
	414	396
	419	401
	423	405
	424	406
	425	407
	427	408
	428	410
	429	411
	430	412
	431	413
	432	414
	435	417
	438	420
	440	421
	442	422
	443	423
	444	424
	447	427
	448	428
	451	431
	452	432
	453	433
	454	434
	455	435
	458	438
	462	442
	466	446
	470	450
	474	454
	478	458
	483	463
	484	464
	486	466
	487	466
	489	466
	494	472
	495	473
	496	473
	498	473
	503	477
	504	478
	505	479
	507	482
net/minecraft/client/renderer/entity/layers/HorseMarkingLayer	41	41
	33	36
	35	37
	36	41
	39	38
	40	39
	41	41
	19	22
	20	23
	21	24
	22	25
	23	26
	24	27
	25	28
	28	32
	29	33
net/minecraft/client/renderer/blockentity/package-info	0	0
net/minecraft/client/OptionInstance	467	488
	256	331
	261	336
	275	362
	276	363
	277	364
	278	365
	279	366
	280	367
	281	368
	282	369
	286	373
	287	374
	288	375
	36	37
	292	379
	37	38
	293	380
	38	39
	295	382
	297	384
	300	387
	301	388
	302	389
	303	390
	304	391
	306	393
	51	52
	310	397
	55	56
	312	398
	313	399
	314	400
	59	60
	316	402
	63	66
	328	287
	73	76
	329	288
	330	290
	331	290
	333	290
	78	76
	338	295
	339	296
	84	87
	85	88
	341	299
	345	303
	348	306
	96	99
	97	100
	353	311
	98	101
	99	102
	100	103
	101	104
	102	105
	358	316
	103	106
	104	107
	107	110
	363	321
	111	114
	115	118
	371	267
	372	268
	119	122
	376	271
	123	126
	381	276
	127	130
	131	134
	388	190
	135	138
	393	195
	140	143
	399	200
	144	147
	400	203
	145	148
	401	204
	146	149
	402	205
	148	151
	404	206
	150	152
	151	159
	153	154
	154	155
	410	213
	155	156
	157	159
	415	218
	160	162
	424	451
	429	455
	177	426
	434	459
	182	434
	438	463
	441	466
	446	471
	194	227
	451	476
	199	234
	200	235
	456	481
	201	236
	202	237
	203	238
	204	239
	205	240
	206	241
	207	242
	464	488
	465	488
	467	488
	216	413
	217	414
	219	415
	232	171
	237	176
	244	255
	249	260
net/minecraft/client/gui/MapRenderer	172	164
	128	126
	129	127
	130	128
	131	129
	133	130
	135	131
	137	132
	138	133
	139	134
	140	135
	141	136
	143	137
	144	138
	145	139
	146	140
	147	141
	148	142
	150	143
	151	144
	152	145
	153	146
	154	147
	156	148
	157	149
	158	150
	159	151
	161	152
	34	35
	162	153
	35	36
	36	37
	165	156
	39	40
	167	159
	40	41
	43	44
	171	163
	44	45
	172	164
	47	48
	48	49
	49	50
	52	53
	54	54
	59	59
	60	60
	63	63
	64	64
	68	68
	69	69
	78	79
	79	80
	80	81
	81	82
	82	83
	85	86
	86	87
	87	88
	88	89
	91	92
	92	93
	95	96
	96	97
	97	98
	98	99
	101	103
	102	104
	105	107
	106	108
	107	109
	110	112
	111	113
	113	114
	115	115
	116	116
	117	117
	118	118
	119	119
	120	120
	122	121
	123	123
	124	124
	127	125
net/minecraft/client/renderer/entity/ThrownTridentRenderer	41	39
	32	33
	34	34
	36	35
	37	36
	41	39
	15	18
	20	22
	21	23
	22	24
	26	27
	28	28
	29	29
	31	31
com/mojang/blaze3d/audio/package-info	0	0
net/minecraft/client/renderer/texture/SpriteTicker	0	0
net/minecraft/client/gui/screens/telemetry/package-info	0	0
net/minecraft/client/animation/AnimationDefinition	38	37
	33	32
	34	33
	20	19
	38	37
	24	23
	25	24
	28	27
	29	28
net/minecraft/client/renderer/chunk/SectionCompiler	133	136
	132	135
	133	136
	36	39
	37	40
	38	41
	41	46
	43	47
	44	48
	46	49
	47	50
	49	51
	51	52
	53	53
	54	55
	55	56
	56	57
	57	58
	60	61
	61	62
	62	63
	63	64
	67	68
	68	69
	69	70
	70	71
	71	72
	74	75
	75	76
	76	77
	78	78
	79	79
	80	82
	81	83
	85	87
	86	88
	87	89
	88	90
	89	91
	90	92
	92	95
	96	99
	98	100
	100	101
	104	105
	105	106
	106	107
	107	108
	108	109
	110	112
	114	116
	115	117
	116	118
	117	119
	118	120
	121	123
net/minecraft/client/player/Input	25	26
	18	19
	21	22
	25	26
net/minecraft/client/multiplayer/ClientRegistryLayer	19	20
	16	17
	19	20
	14	16
net/minecraft/client/gui/screens/worldselection/WorldCreationContext	73	90
	34	35
	66	83
	37	44
	70	87
	39	46
	71	88
	41	48
	73	90
	45	52
	48	56
	55	62
	27	34
	28	34
	29	34
	62	73
net/minecraft/client/resources/FoliageColorReloadListener	26	26
	17	18
	18	19
	19	20
	25	25
	26	26
	12	14
com/mojang/blaze3d/MethodsReturnNonnullByDefault	0	0
net/minecraft/client/gui/screens/packs/PackSelectionScreen	372	401
	256	246
	259	249
	260	250
	261	251
	264	254
	265	255
	266	257
	267	259
	268	260
	269	261
	271	264
	274	268
	275	269
	276	270
	277	271
	278	274
	281	277
	285	304
	286	288
	287	289
	288	327
	290	294
	291	296
	293	299
	294	300
	295	301
	296	320
	298	328
	299	329
	301	330
	305	335
	313	344
	58	60
	314	345
	60	61
	61	62
	317	348
	62	63
	320	350
	65	65
	321	351
	66	66
	322	352
	323	353
	69	68
	327	357
	328	358
	329	359
	331	361
	336	366
	337	367
	338	368
	339	369
	86	81
	87	82
	88	83
	344	374
	89	84
	345	375
	90	85
	348	378
	94	89
	95	90
	96	91
	352	381
	353	382
	354	382
	99	94
	355	383
	356	384
	101	96
	357	385
	102	97
	358	386
	103	98
	359	387
	106	101
	363	392
	110	105
	366	395
	111	106
	112	107
	113	108
	115	109
	371	400
	372	401
	117	110
	119	111
	120	113
	121	113
	122	113
	124	115
	126	116
	127	118
	128	120
	129	121
	133	125
	134	126
	135	127
	136	128
	137	129
	138	130
	142	134
	144	136
	146	137
	148	139
	149	140
	150	141
	154	145
	155	145
	156	146
	159	148
	162	151
	163	152
	164	153
	165	154
	168	157
	169	158
	170	159
	171	160
	172	161
	173	162
	174	163
	175	164
	176	165
	178	167
	179	168
	182	171
	183	172
	184	173
	187	176
	188	177
	189	178
	192	181
	193	182
	194	183
	195	184
	196	185
	199	188
	200	189
	201	190
	202	191
	204	193
	205	194
	206	195
	207	196
	209	198
	210	199
	211	200
	212	201
	214	203
	215	204
	216	205
	218	207
	222	211
	223	213
	224	216
	225	217
	226	218
	227	219
	230	221
	235	225
	239	228
	240	230
	242	232
	243	233
	244	234
	246	236
	247	237
	249	239
	250	240
	254	244
	255	245
com/mojang/blaze3d/vertex/VertexFormatElement	143	133
	128	90
	129	91
	130	92
	131	93
	134	96
	138	100
	14	14
	15	15
	143	105
	17	16
	18	17
	19	18
	20	19
	21	20
	22	21
	23	22
	26	35
	27	36
	28	37
	30	40
	31	41
	32	42
	36	25
	37	26
	39	29
	40	30
	42	32
	45	46
	50	51
	54	55
	58	59
	62	63
	63	64
	67	68
	71	72
	75	111
	76	111
	78	112
	79	112
	81	113
	82	113
	84	114
	85	115
	86	116
	88	118
	90	120
	91	121
	92	121
	99	127
	100	128
	101	129
	105	133
	115	77
	116	78
	117	79
	118	80
	119	81
	120	82
	121	83
net/minecraft/client/gui/components/PlayerSkinWidget	113	103
	64	56
	66	57
	67	58
	71	62
	72	63
	73	64
	77	68
	81	72
	85	76
	91	82
	96	88
	97	89
	98	90
	99	91
	100	92
	104	96
	105	97
	42	38
	106	98
	43	39
	44	40
	108	99
	45	41
	109	100
	110	101
	112	102
	49	45
	113	103
	50	46
	51	47
	52	48
	53	49
	55	50
	56	51
	58	52
	59	53
	61	54
	63	55
net/minecraft/client/renderer/entity/HoglinRenderer	22	23
	17	19
	22	23
	9	12
	12	15
	13	16
net/minecraft/client/model/CreeperModel	73	64
	66	58
	67	59
	69	60
	70	61
	71	62
	72	63
	73	64
	24	26
	25	27
	26	28
	27	29
	28	30
	29	31
	30	32
	33	35
	34	36
	36	37
	37	38
	38	38
	39	38
	43	40
	44	41
	45	41
	46	41
	49	43
	50	43
	51	44
	52	45
	53	46
	54	47
	56	48
	61	53
net/minecraft/client/telemetry/events/package-info	0	0
net/minecraft/client/renderer/entity/layers/BeeStingerLayer	63	61
	17	20
	20	23
	21	24
	25	28
	30	33
	31	34
	32	35
	34	36
	35	37
	36	38
	38	39
	39	40
	40	41
	41	42
	43	43
	45	44
	46	45
	48	46
	50	47
	51	49
	52	50
	53	51
	54	52
	55	53
	56	54
	57	55
	59	57
	62	60
	63	61
net/minecraft/client/gui/components/StateSwitchingButton	45	46
	34	36
	35	37
	39	41
	40	46
	42	42
	43	43
	44	44
	45	46
	16	18
	17	19
	18	20
	21	23
	22	24
	25	27
	26	28
	29	31
net/minecraft/client/resources/server/PackDownloader	0	0
net/minecraft/client/multiplayer/resolver/AddressCheck	33	34
	32	33
	17	19
	33	34
	18	20
	19	21
	20	22
	22	23
	25	26
	26	27
	27	28
net/minecraft/client/renderer/entity/ChestedHorseRenderer	25	30
	16	21
	20	26
	21	27
	25	30
	14	17
	15	19
net/minecraft/client/gui/screens/recipebook/package-info	0	0
net/minecraft/client/gui/screens/worldselection/CreateWorldScreen	728	771
	513	332
	515	334
	516	335
	517	336
	518	337
	519	338
	523	342
	527	346
	529	347
	530	349
	532	351
	535	354
	537	355
	538	360
	540	366
	543	369
	544	370
	545	372
	547	374
	549	375
	550	390
	553	377
	554	378
	555	379
	556	379
	558	380
	559	381
	561	383
	563	385
	566	387
	568	390
	572	393
	574	394
	576	395
	579	398
	580	399
	583	402
	584	403
	587	406
	588	407
	589	408
	591	410
	592	412
	594	413
	595	414
	596	414
	600	418
	601	420
	90	97
	603	423
	92	99
	93	100
	94	101
	606	426
	95	102
	607	427
	96	103
	608	428
	610	430
	611	431
	100	106
	612	433
	613	434
	614	436
	615	439
	616	440
	105	109
	618	442
	620	444
	621	445
	623	447
	624	448
	627	452
	629	455
	631	459
	119	571
	120	572
	634	462
	635	463
	124	576
	126	577
	639	467
	127	577
	640	468
	128	577
	641	469
	129	578
	643	471
	131	579
	644	472
	132	580
	645	473
	133	581
	134	584
	647	475
	135	593
	648	476
	136	594
	649	477
	138	598
	651	480
	139	599
	140	600
	653	482
	141	602
	657	486
	145	606
	658	487
	146	607
	659	488
	147	608
	660	489
	148	609
	149	610
	662	491
	151	611
	152	612
	665	494
	153	613
	154	615
	668	497
	669	498
	157	619
	670	499
	158	620
	159	621
	672	502
	160	622
	673	503
	161	623
	674	504
	675	505
	163	624
	676	506
	164	626
	677	507
	165	627
	678	508
	679	509
	167	629
	168	630
	681	511
	169	631
	682	512
	170	632
	684	515
	172	633
	685	516
	173	637
	686	517
	175	643
	691	522
	179	683
	692	524
	180	684
	693	525
	181	685
	182	686
	695	526
	183	687
	696	527
	184	688
	185	689
	698	529
	699	530
	700	531
	701	532
	703	535
	191	695
	705	538
	193	696
	706	539
	194	696
	707	540
	195	696
	708	541
	196	696
	709	542
	710	543
	198	697
	199	699
	712	546
	200	700
	201	707
	204	710
	717	551
	205	711
	718	552
	206	712
	719	553
	207	713
	720	554
	721	555
	209	714
	210	715
	724	558
	212	717
	725	559
	214	720
	215	721
	728	561
	217	722
	218	724
	220	725
	223	728
	226	731
	227	732
	228	733
	229	734
	231	735
	232	736
	233	737
	234	738
	235	739
	236	740
	237	741
	238	742
	239	743
	242	746
	243	747
	244	748
	246	750
	249	753
	252	756
	257	763
	263	769
	264	770
	266	771
	271	648
	272	649
	273	650
	276	653
	278	654
	279	654
	280	654
	282	655
	283	655
	284	655
	287	659
	288	661
	289	662
	291	666
	292	668
	293	669
	294	671
	297	674
	298	675
	299	676
	300	677
	301	678
	305	122
	307	123
	308	124
	310	125
	312	127
	315	129
	316	129
	318	130
	320	132
	323	135
	324	137
	326	140
	329	143
	332	144
	333	145
	336	151
	337	157
	339	158
	340	159
	341	160
	342	161
	344	162
	345	163
	346	164
	347	165
	348	166
	349	167
	351	170
	352	171
	356	181
	357	182
	358	183
	360	184
	361	185
	364	188
	369	193
	370	194
	371	195
	372	196
	374	197
	375	198
	376	199
	378	200
	379	201
	380	202
	381	203
	383	204
	386	205
	388	206
	389	207
	394	211
	398	215
	399	224
	401	216
	402	217
	404	218
	405	219
	406	220
	407	221
	408	222
	409	224
	412	227
	413	228
	416	231
	417	232
	419	233
	420	235
	421	236
	422	237
	425	238
	426	240
	427	242
	430	245
	432	246
	433	247
	434	257
	437	248
	439	249
	441	250
	442	251
	443	252
	444	253
	445	257
	448	260
	449	261
	450	262
	451	263
	452	264
	454	267
	459	280
	460	281
	463	284
	464	285
	467	288
	468	292
	469	293
	472	289
	477	298
	478	299
	481	302
	482	303
	483	304
	487	308
	488	309
	489	310
	490	311
	491	312
	495	316
	496	317
	497	318
	501	322
	506	327
com/mojang/realmsclient/util/RealmsUtil	55	51
	32	29
	33	30
	34	31
	37	32
	38	33
	39	34
	42	36
	43	37
	15	17
	47	43
	51	47
	52	48
	53	49
	22	23
	54	50
	23	24
	55	51
	26	26
	28	27
	29	28
net/minecraft/client/gui/font/AllMissingGlyphProvider	21	22
	21	22
	15	17
com/mojang/realmsclient/client/FileDownload	409	436
	256	266
	257	267
	260	271
	261	274
	263	275
	264	276
	266	278
	267	279
	268	280
	270	281
	271	282
	276	272
	279	288
	280	289
	282	292
	284	293
	286	295
	287	296
	288	299
	290	300
	291	301
	293	303
	295	305
	296	306
	44	48
	300	297
	302	310
	303	311
	304	312
	306	314
	307	315
	310	318
	311	319
	314	327
	315	326
	60	60
	316	342
	61	60
	317	343
	62	60
	318	344
	63	60
	319	345
	66	89
	322	348
	67	90
	324	350
	69	93
	70	94
	71	94
	72	94
	73	95
	74	96
	75	97
	76	98
	77	99
	333	384
	334	385
	79	101
	335	386
	80	102
	336	387
	337	388
	82	105
	84	107
	85	108
	341	392
	86	109
	343	393
	345	395
	346	396
	347	397
	348	398
	93	118
	349	399
	94	197
	352	402
	97	119
	98	121
	100	124
	102	125
	103	126
	104	126
	105	126
	361	412
	362	413
	107	127
	363	414
	108	128
	364	415
	110	129
	111	138
	112	139
	368	419
	113	192
	370	420
	116	130
	117	131
	373	422
	118	132
	119	133
	375	423
	376	424
	121	134
	377	425
	123	141
	379	427
	124	142
	380	428
	381	429
	126	145
	383	431
	128	146
	384	432
	129	147
	385	433
	132	150
	388	436
	133	151
	135	153
	137	154
	139	155
	140	156
	396	358
	397	359
	142	157
	143	158
	144	159
	400	362
	145	160
	401	363
	148	163
	149	165
	405	367
	150	167
	406	368
	151	168
	407	369
	153	169
	409	371
	154	170
	155	171
	156	172
	158	174
	160	175
	161	176
	165	180
	169	184
	171	186
	172	187
	173	188
	177	135
	178	194
	179	195
	180	197
	183	200
	184	201
	187	204
	188	205
	191	208
	192	209
	195	212
	199	216
	203	220
	207	79
	212	224
	214	226
	215	227
	216	228
	220	232
	224	236
	227	237
	229	239
	230	240
	233	243
	234	244
	237	247
	240	250
	241	251
	242	252
	243	253
	244	254
	245	255
	246	256
	247	257
	250	260
	254	264
	255	265
net/minecraft/client/renderer/debug/BrainDebugRenderer	402	352
	260	232
	261	233
	262	234
	266	237
	267	237
	268	238
	269	239
	273	242
	274	243
	275	244
	276	245
	278	247
	280	250
	284	254
	285	255
	286	256
	287	257
	291	261
	292	262
	294	264
	39	31
	297	269
	298	270
	301	273
	302	274
	304	275
	305	276
	306	277
	308	278
	309	279
	312	282
	313	283
	317	284
	319	285
	320	286
	321	287
	323	288
	324	289
	325	290
	328	293
	329	293
	330	293
	331	293
	336	297
	337	297
	338	297
	339	297
	344	301
	91	73
	92	74
	348	305
	349	306
	350	307
	351	308
	96	78
	97	79
	98	80
	99	81
	355	312
	356	312
	357	312
	102	84
	358	312
	103	85
	359	312
	106	88
	107	89
	364	316
	365	318
	110	92
	366	319
	111	93
	367	320
	112	94
	368	321
	113	98
	115	96
	116	98
	119	101
	120	102
	377	325
	378	327
	123	105
	379	328
	124	106
	380	329
	382	330
	128	110
	130	111
	386	335
	132	112
	133	113
	390	339
	135	115
	391	340
	138	118
	139	119
	140	120
	142	122
	399	349
	400	350
	145	125
	401	351
	402	352
	147	126
	148	127
	149	128
	151	130
	154	132
	155	133
	156	134
	160	138
	161	139
	162	140
	164	142
	166	143
	167	144
	168	145
	170	147
	172	148
	175	151
	176	152
	177	153
	180	156
	181	157
	182	158
	183	159
	184	160
	189	163
	190	164
	191	165
	192	166
	194	168
	197	171
	199	172
	200	173
	201	174
	203	176
	206	179
	207	179
	209	180
	210	180
	211	181
	214	184
	215	185
	217	187
	220	190
	221	191
	224	192
	225	193
	228	194
	229	195
	230	196
	233	199
	234	200
	235	202
	236	210
	239	213
	240	213
	241	214
	242	215
	246	218
	247	219
	248	220
	249	221
	252	225
	253	226
	254	227
	255	228
net/minecraft/client/gui/components/FocusableTextWidget	60	61
	18	19
	19	20
	22	23
	23	24
	26	27
	27	28
	28	29
	29	30
	30	31
	31	32
	32	33
	35	36
	36	37
	40	41
	41	42
	45	46
	46	47
	47	48
	48	49
	49	50
	50	51
	51	52
	52	53
	55	56
	56	57
	60	61
net/minecraft/client/particle/CampfireSmokeParticle	77	77
	69	70
	70	71
	8	11
	9	12
	10	13
	74	74
	11	14
	75	75
	12	15
	76	76
	77	77
	14	17
	16	20
	17	21
	18	22
	19	23
	20	24
	24	28
	25	29
	26	30
	28	31
	29	40
	30	42
	33	32
	34	33
	35	34
	37	35
	39	36
	40	37
	42	42
	46	46
	53	54
	54	55
	58	58
	59	59
	60	60
	61	61
net/minecraft/client/resources/metadata/texture/TextureMetadataSectionSerializer	18	18
	18	18
	10	12
	11	13
	13	14
net/minecraft/client/resources/server/package-info	0	0
com/mojang/blaze3d/shaders/Program	106	105
	64	61
	65	62
	67	63
	68	64
	69	65
	71	67
	75	73
	79	78
	80	79
	24	24
	88	87
	25	25
	89	88
	26	26
	90	89
	27	27
	91	90
	30	30
	94	93
	31	31
	32	32
	98	97
	35	35
	37	41
	102	101
	39	36
	40	37
	41	38
	42	39
	106	105
	43	41
	46	44
	50	48
	51	49
	53	50
	54	51
	55	52
	59	56
	60	57
	61	58
	63	60
com/mojang/realmsclient/util/RealmsPersistence	56	57
	32	34
	33	35
	35	36
	36	37
	38	39
	39	40
	40	41
	43	44
	47	48
	18	20
	50	51
	51	52
	21	23
	53	54
	56	57
	25	27
	26	28
	29	31
net/minecraft/client/model/WitchModel	84	74
	65	57
	67	58
	68	59
	69	60
	70	61
	72	62
	73	63
	74	64
	76	66
	79	69
	18	20
	19	21
	83	73
	84	74
	22	24
	23	25
	25	26
	26	27
	27	27
	30	29
	31	30
	32	30
	33	30
	35	32
	36	34
	37	34
	38	35
	40	37
	41	39
	42	39
	43	40
	45	42
	46	44
	47	44
	48	45
	51	47
	52	48
	53	49
	54	49
	55	49
	58	51
	63	56
net/minecraft/client/sounds/ChannelAccess	95	93
	64	34
	65	35
	67	37
	69	39
	70	40
	74	44
	75	45
	78	48
	79	49
	80	51
	81	52
	82	53
	83	54
	84	55
	85	56
	23	74
	88	59
	89	60
	27	78
	28	79
	93	63
	94	64
	95	65
	31	82
	33	83
	34	84
	36	86
	38	87
	41	90
	42	91
	43	92
	44	93
	54	24
	55	25
	56	26
	59	29
	60	30
	61	31
	62	32
	63	33
net/minecraft/client/telemetry/TelemetryLogManager	66	66
	64	64
	66	66
	17	20
	27	28
	28	29
	31	32
	33	34
	34	35
	35	35
	36	35
	37	36
	38	37
	39	38
	40	39
	42	41
	46	45
	47	46
	49	48
	50	49
	51	50
	52	51
	53	52
	54	53
	56	55
	58	58
	63	63
net/minecraft/client/gui/screens/recipebook/GhostRecipe	102	97
	66	66
	68	67
	70	68
	72	69
	73	70
	76	73
	19	21
	84	82
	85	83
	86	84
	23	25
	87	85
	24	26
	25	27
	26	28
	90	88
	29	31
	30	32
	94	92
	33	35
	98	96
	99	97
	100	97
	37	39
	102	97
	42	44
	46	48
	47	49
	50	52
	51	53
	54	56
	55	57
	57	58
	58	59
	60	60
	61	61
	63	63
net/minecraft/client/model/WolfModel	164	145
	128	116
	129	117
	130	118
	132	120
	133	121
	135	122
	136	123
	138	124
	140	125
	141	126
	142	127
	143	128
	145	129
	146	130
	147	131
	148	132
	151	135
	153	136
	154	137
	155	138
	156	139
	160	142
	33	33
	161	143
	34	34
	35	35
	163	144
	36	36
	164	145
	37	37
	38	38
	39	39
	40	40
	41	41
	42	42
	43	43
	46	46
	47	47
	49	48
	51	49
	52	49
	53	49
	55	50
	56	52
	57	53
	58	55
	59	57
	60	59
	63	63
	64	65
	65	65
	66	66
	68	68
	69	70
	70	70
	71	71
	74	73
	75	73
	76	74
	77	75
	78	76
	79	77
	81	78
	82	79
	83	79
	85	81
	86	82
	87	82
	91	84
	96	89
	101	94
	106	98
	107	99
	109	101
	112	104
	113	105
	114	106
	115	107
	117	108
	118	109
	120	110
	122	111
	123	112
	124	113
	125	114
	127	115
net/minecraft/client/gui/layouts/FrameLayout	131	118
	64	57
	65	58
	130	117
	67	60
	131	118
	68	61
	69	62
	72	65
	73	66
	74	67
	77	70
	78	71
	79	72
	82	75
	86	79
	87	80
	26	20
	27	21
	91	84
	30	24
	31	25
	96	89
	97	90
	34	28
	35	29
	36	30
	100	93
	101	94
	39	33
	104	97
	105	98
	43	37
	44	38
	108	101
	109	102
	48	42
	49	43
	53	47
	119	105
	120	106
	57	51
	121	107
	124	110
	125	111
	62	56
	126	112
com/mojang/blaze3d/DontObfuscate	0	0
net/minecraft/client/model/HierarchicalModel	61	62
	32	32
	33	33
	38	38
	39	39
	41	40
	45	44
	46	45
	49	48
	50	49
	51	50
	52	51
	23	23
	55	54
	24	24
	56	56
	57	58
	27	27
	28	28
	60	61
	61	62
net/minecraft/client/renderer/DimensionSpecialEffects	149	143
	65	60
	132	91
	69	65
	133	92
	73	69
	137	96
	15	17
	143	101
	16	19
	17	20
	81	77
	19	21
	20	22
	21	23
	85	81
	149	107
	22	24
	89	85
	94	114
	95	115
	99	119
	38	34
	39	35
	40	36
	104	124
	41	37
	42	38
	43	39
	46	42
	113	133
	114	134
	51	47
	52	48
	53	49
	54	50
	118	138
	55	51
	56	52
	57	53
	58	54
	59	55
	60	56
	61	57
	62	58
	126	143
com/mojang/realmsclient/dto/RealmsText	60	60
	32	33
	33	34
	35	36
	36	36
	38	36
	43	41
	44	42
	46	44
	47	52
	49	45
	50	46
	51	48
	52	49
	22	23
	23	24
	55	55
	24	25
	27	28
	60	60
net/minecraft/client/particle/BubblePopParticle	51	51
	32	32
	34	33
	35	35
	39	39
	10	13
	11	14
	12	15
	13	16
	14	17
	46	47
	15	18
	47	48
	16	19
	17	20
	18	21
	51	51
	22	25
	23	26
	24	27
	26	28
	27	29
	28	35
	31	31
net/minecraft/client/gui/screens/telemetry/TelemetryEventWidget	174	172
	129	122
	130	123
	132	125
	135	128
	146	142
	148	143
	149	144
	151	145
	152	146
	155	149
	156	150
	31	32
	159	153
	160	154
	161	155
	164	161
	165	163
	166	164
	39	39
	41	40
	169	167
	42	41
	170	168
	43	42
	173	171
	46	45
	174	172
	47	46
	48	47
	51	50
	52	51
	53	52
	56	55
	57	56
	58	57
	59	59
	60	60
	61	61
	63	62
	65	63
	66	64
	69	68
	73	72
	74	73
	78	77
	79	78
	80	79
	82	81
	86	85
	91	90
	96	95
	97	96
	99	97
	100	98
	101	99
	102	100
	103	101
	107	105
	108	106
	111	109
	112	109
	114	109
	118	113
	119	114
	120	115
	121	116
	123	117
	125	118
	126	119
net/minecraft/client/profiling/ClientMetricsSamplersProvider	51	53
	33	34
	34	35
	35	36
	37	37
	38	38
	39	40
	40	44
	42	46
	44	47
	46	49
	50	52
	51	53
	25	27
	26	28
	27	29
	28	30
	31	33
net/minecraft/client/renderer/texture/atlas/sources/SourceFilter	29	32
	19	22
	20	23
	24	27
	25	28
	12	16
	13	16
	29	32
	14	17
com/mojang/blaze3d/platform/DisplayData	18	21
	16	19
	17	20
	18	21
	13	16
	14	17
	15	18
net/minecraft/client/gui/screens/recipebook/SmokingRecipeBookComponent	19	21
	19	21
	10	12
	14	16
com/mojang/realmsclient/exception/RetryCallException	18	19
	16	15
	18	19
	11	13
	13	14
	14	17
net/minecraft/client/renderer/entity/layers/IronGolemFlowerLayer	43	39
	32	29
	33	30
	35	31
	36	32
	37	33
	38	34
	39	35
	41	36
	42	37
	43	39
	18	21
	19	22
	20	23
	24	26
	25	39
	28	27
	29	28
net/minecraft/client/gui/screens/worldselection/WorldOpenFlows	434	460
	68	77
	69	78
	75	83
	76	84
	77	85
	83	90
	84	91
	85	92
	86	115
	89	93
	91	94
	93	97
	94	98
	96	101
	97	102
	98	103
	99	103
	104	108
	105	109
	106	110
	107	111
	108	112
	110	115
	115	120
	116	121
	117	122
	118	123
	119	124
	120	125
	121	126
	122	127
	123	128
	124	129
	130	139
	131	140
	132	143
	133	145
	136	148
	137	149
	139	152
	140	154
	141	156
	142	156
	143	156
	152	163
	154	164
	155	165
	156	171
	158	174
	159	176
	160	178
	162	180
	163	181
	164	182
	166	184
	170	188
	171	189
	173	192
	180	200
	181	201
	182	202
	183	203
	189	209
	190	210
	191	211
	193	213
	194	214
	197	217
	200	218
	201	219
	203	222
	204	223
	209	224
	212	227
	213	228
	214	229
	216	231
	218	233
	219	234
	220	235
	221	236
	222	237
	224	239
	225	239
	229	243
	231	245
	232	245
	235	249
	238	252
	239	253
	240	254
	241	257
	243	255
	244	257
	247	260
	251	265
	252	266
	253	267
	254	268
	255	269
	256	270
	258	272
	259	273
	261	275
	262	276
	263	277
	264	278
	265	279
	267	280
	268	281
	270	282
	271	283
	272	284
	273	285
	274	286
	276	287
	278	290
	279	291
	282	294
	283	295
	284	296
	285	329
	287	305
	288	306
	289	307
	290	308
	291	309
	292	310
	293	311
	295	314
	297	315
	299	316
	300	317
	301	318
	303	319
	304	320
	306	323
	307	324
	313	326
	315	329
	318	332
	319	333
	323	337
	324	339
	325	340
	327	342
	328	343
	329	344
	330	345
	331	346
	332	347
	333	348
	335	350
	336	351
	338	363
	341	366
	342	367
	345	370
	347	371
	348	372
	350	373
	351	376
	352	377
	353	378
	354	379
	355	380
	356	382
	359	374
	360	382
	363	385
	364	386
	365	386
	366	386
	367	387
	368	388
	370	389
	371	390
	372	391
	374	393
	375	394
	376	395
	377	396
	379	398
	380	398
	381	399
	382	400
	384	402
	387	407
	388	409
	390	412
	391	413
	393	415
	394	416
	395	417
	396	418
	398	420
	399	421
	400	422
	405	428
	407	430
	410	433
	411	434
	414	437
	415	438
	416	439
	417	440
	418	441
	419	442
	421	444
	426	449
	427	451
	428	454
	429	454
	430	455
	434	460
net/minecraft/client/gui/components/AbstractButton	61	59
	15	18
	16	18
	17	19
	18	20
	22	24
	23	25
	29	31
	31	32
	33	33
	34	34
	35	35
	37	36
	38	37
	39	38
	40	39
	43	42
	44	43
	48	47
	49	48
	53	52
	54	53
	56	54
	57	55
	58	56
	59	57
	61	59
net/minecraft/client/renderer/texture/HttpTexture	224	213
	24	26
	43	41
	44	42
	45	43
	46	44
	47	45
	48	46
	51	49
	52	50
	54	53
	55	54
	57	55
	58	56
	59	56
	60	56
	62	58
	64	60
	65	61
	68	64
	69	65
	70	66
	75	70
	76	71
	78	73
	79	74
	80	75
	82	78
	84	80
	86	81
	87	131
	91	83
	92	84
	93	85
	94	86
	96	88
	98	91
	99	92
	100	131
	103	94
	104	95
	105	96
	107	99
	108	100
	109	101
	110	102
	112	103
	113	128
	117	105
	118	106
	119	107
	121	109
	124	112
	125	113
	126	114
	127	115
	129	117
	131	121
	133	124
	134	125
	137	118
	138	131
	142	135
	144	138
	145	139
	146	140
	148	142
	149	143
	151	146
	156	151
	157	152
	158	153
	159	184
	160	185
	161	186
	164	154
	165	155
	166	156
	167	157
	168	158
	169	159
	171	160
	174	161
	175	162
	176	163
	177	164
	178	165
	179	166
	182	167
	183	168
	184	169
	185	170
	186	171
	187	172
	190	175
	192	176
	193	177
	195	180
	196	181
	198	182
	202	191
	203	192
	204	193
	205	194
	206	195
	211	200
	212	201
	213	202
	216	205
	219	208
	220	209
	221	210
	224	213
net/minecraft/client/gui/screens/options/controls/package-info	0	0
net/minecraft/client/renderer/texture/DynamicTexture	80	82
	66	68
	67	69
	68	70
	69	71
	71	73
	75	77
	76	78
	77	79
	78	80
	16	18
	80	82
	21	23
	22	24
	23	25
	24	26
	25	27
	26	28
	28	30
	29	31
	31	33
	34	36
	35	37
	36	38
	41	42
	44	45
	45	46
	46	47
	48	49
	50	51
	54	55
	58	59
	59	60
	61	63
	62	64
net/minecraft/client/gui/screens/achievement/package-info	0	0
net/minecraft/client/resources/sounds/SoundEventRegistrationSerializer	82	73
	64	58
	65	59
	67	60
	69	61
	71	62
	73	63
	77	67
	78	68
	79	69
	80	70
	82	73
	20	22
	24	25
	26	26
	27	27
	28	28
	30	29
	34	33
	36	34
	37	35
	38	37
	39	38
	41	39
	42	40
	43	41
	45	43
	50	48
	54	52
	56	53
	58	54
	59	55
	61	56
	62	57
com/mojang/blaze3d/vertex/VertexConsumer	135	125
	129	119
	130	120
	134	124
	135	125
	28	29
	29	30
	30	31
	31	32
	32	33
	33	34
	34	35
	37	38
	41	42
	45	46
	49	50
	53	54
	57	58
	58	59
	64	62
	65	63
	67	64
	68	65
	70	66
	71	67
	73	68
	75	70
	76	71
	77	72
	79	74
	80	75
	81	76
	83	77
	84	78
	85	79
	90	83
	91	84
	92	85
	93	86
	95	87
	96	88
	97	89
	99	91
	100	92
	101	93
	104	96
	106	97
	107	98
	108	99
	110	100
	111	101
	114	104
	117	107
	121	111
	125	115
net/minecraft/client/Options	1776	1570
	1027	1018
	1030	598
	1046	1022
	1049	608
	1064	1026
	1067	617
	1079	1030
	1082	626
	1094	1034
	1097	635
	81	81
	1109	1038
	92	90
	1116	645
	1117	646
	1118	647
	95	92
	1120	648
	1121	649
	1123	651
	1124	651
	1126	651
	103	714
	106	96
	1134	1042
	114	718
	117	100
	1142	659
	1144	661
	1145	662
	1146	662
	1148	662
	125	722
	1151	665
	1155	1046
	132	105
	133	106
	135	108
	136	108
	138	108
	1168	1050
	146	726
	1175	678
	1176	679
	152	730
	1178	680
	158	734
	1183	683
	1187	1054
	167	118
	1195	690
	1196	691
	1198	693
	174	738
	1199	693
	1201	693
	1204	697
	1206	698
	183	127
	1207	700
	184	128
	1209	699
	186	129
	189	130
	1215	705
	192	133
	1216	706
	1217	707
	1218	708
	196	742
	1222	1058
	1228	1062
	1229	1063
	1230	1064
	207	140
	1235	1067
	212	144
	1236	1068
	213	145
	214	146
	1238	1069
	215	147
	1240	1070
	218	150
	1242	1072
	1243	1073
	222	746
	1246	1074
	225	152
	1249	1075
	226	154
	1250	1076
	227	156
	1253	1078
	231	160
	1255	1080
	232	161
	1256	1081
	233	162
	234	163
	1259	1082
	237	167
	238	168
	1262	1083
	239	168
	241	168
	1268	1086
	246	172
	1270	1087
	247	173
	1271	1088
	249	175
	250	176
	1274	1091
	252	177
	253	178
	1278	1095
	256	183
	1282	1099
	259	180
	260	181
	261	183
	1286	1103
	1287	1104
	1288	1105
	271	750
	1296	1108
	1297	1109
	1298	1110
	1299	1111
	1300	1112
	277	190
	1301	1113
	1302	1114
	1303	1115
	1304	1116
	281	754
	1305	1117
	1306	1118
	1307	1119
	284	192
	1308	1120
	285	193
	1309	1121
	286	194
	1310	1122
	1311	1123
	1312	1124
	1313	1125
	290	198
	1314	1126
	291	199
	1315	1127
	292	200
	1316	1128
	293	201
	1317	1129
	1318	1130
	1320	1131
	1321	1132
	1322	1133
	1323	1134
	1324	1135
	302	758
	1327	1138
	1329	1139
	1330	1140
	1331	1141
	1332	1142
	309	762
	1333	1143
	310	763
	1334	1144
	311	764
	1335	1145
	312	766
	1336	1146
	313	767
	1337	1147
	314	768
	1338	1148
	315	769
	1339	1149
	316	770
	1340	1150
	1341	1151
	1342	1152
	1343	1153
	320	775
	1344	1154
	321	776
	1345	1155
	322	777
	1346	1156
	323	778
	1347	1157
	1348	1158
	325	780
	1349	1159
	1350	1160
	1352	1161
	1353	1162
	1354	1163
	1355	1164
	1356	1165
	1357	1166
	1358	1167
	1359	1168
	1360	1169
	337	783
	1362	1170
	1363	1171
	1364	1172
	1365	1173
	1366	1174
	343	222
	1367	1175
	1368	1176
	1369	1177
	346	225
	1370	1178
	1371	1179
	1372	1180
	1373	1181
	350	787
	1374	1182
	1375	1183
	1376	1184
	1377	1185
	1378	1186
	1379	1187
	1380	1188
	1381	1189
	1382	1190
	1383	1191
	1384	1192
	1385	1193
	1386	1194
	363	791
	1387	1195
	1388	1196
	1389	1197
	366	230
	1390	1198
	1391	1199
	1393	1201
	1394	1202
	1395	1203
	1396	1204
	1397	1205
	1401	1209
	1402	1210
	1405	1213
	1406	1214
	1407	1215
	384	795
	1408	1216
	1409	1217
	388	799
	1412	1220
	1416	1224
	1417	1225
	1420	1228
	397	246
	1421	1230
	1422	1231
	1424	1233
	401	803
	1425	1234
	1426	1235
	1427	1236
	1429	1238
	1432	1241
	1434	1242
	1436	1243
	1437	1244
	414	807
	1439	1246
	417	251
	1443	1250
	1446	1254
	423	254
	424	255
	425	256
	426	257
	427	258
	1451	1259
	1452	1260
	429	260
	430	260
	1454	1261
	431	261
	1456	1262
	1457	1263
	434	263
	1458	1265
	1459	1266
	1461	1268
	438	811
	1465	1272
	1466	1273
	1468	1275
	1469	1276
	1470	1277
	1473	1281
	452	815
	1478	1286
	1479	1287
	1484	1292
	1489	1297
	1490	1298
	467	286
	1492	1302
	1493	1303
	471	819
	1495	1306
	1496	1307
	1499	1311
	1501	1313
	1504	1299
	481	293
	482	293
	484	293
	1509	1320
	1510	1321
	488	296
	1514	1325
	1515	1326
	492	823
	1518	1329
	1519	1330
	498	301
	1522	1333
	1523	1334
	1524	1335
	501	304
	1526	1337
	505	827
	1529	1340
	1533	1344
	511	309
	1537	1348
	514	312
	1539	1351
	1540	1352
	518	831
	1543	1355
	1547	1359
	524	317
	1548	1360
	1550	1361
	527	320
	1552	1364
	1553	1365
	1554	1366
	531	835
	1558	1370
	1559	1372
	1560	1373
	1561	1374
	538	325
	1562	1375
	539	326
	1563	1376
	1564	1377
	541	327
	543	328
	1568	1381
	1569	1382
	546	331
	1570	1383
	550	839
	1575	1388
	552	333
	1576	1389
	1577	1390
	556	337
	557	338
	1582	1395
	1583	1396
	1584	1397
	564	843
	1589	1402
	1590	1403
	1591	1404
	571	346
	572	346
	1596	1409
	1597	1410
	574	346
	1598	1411
	1602	1415
	1603	1416
	1605	1418
	582	847
	1606	1419
	1609	1422
	1610	1423
	1613	1426
	1614	1428
	1615	1429
	1618	1433
	596	851
	1622	1445
	1623	1446
	1625	1448
	1628	1451
	1629	1452
	606	365
	607	366
	1631	1454
	1633	1456
	611	367
	1636	1459
	615	855
	1640	1463
	1641	1464
	1642	1465
	619	859
	1645	1468
	1646	1468
	623	863
	1648	1468
	629	372
	1653	1472
	1657	1476
	1658	1477
	1659	1480
	1660	1481
	637	867
	1662	1482
	1664	1483
	1667	1486
	644	379
	1668	1487
	645	380
	1669	1488
	646	381
	1670	1489
	1671	1490
	648	383
	1672	1491
	1673	1492
	1674	1493
	1675	1494
	652	871
	1677	1496
	1680	1500
	1681	1501
	659	875
	1684	1504
	664	879
	1688	1508
	1689	1509
	1692	1512
	669	883
	1693	1513
	1697	1517
	674	887
	1701	1521
	679	891
	1703	1522
	1706	1525
	1707	1526
	684	895
	1711	1528
	688	392
	1712	1529
	689	393
	1713	1530
	1714	1531
	691	395
	1715	1532
	1716	1533
	693	899
	1717	1534
	1719	1535
	1720	1536
	1721	1537
	698	903
	1722	1538
	702	907
	1726	1542
	703	908
	1727	1543
	704	909
	1730	1546
	707	910
	709	912
	711	397
	713	915
	718	919
	724	402
	1750	1550
	727	923
	1754	1554
	732	927
	1758	1558
	737	931
	1762	1562
	740	406
	1766	1566
	1767	1566
	1769	1566
	748	935
	1773	1570
	1774	1570
	751	410
	1776	1570
	756	412
	760	939
	765	943
	769	417
	770	418
	772	420
	775	947
	779	951
	783	955
	785	957
	788	960
	789	961
	796	966
	799	423
	800	424
	803	427
	806	430
	807	431
	808	432
	809	433
	813	970
	819	438
	826	974
	831	978
	835	447
	836	448
	837	449
	838	450
	840	452
	842	982
	847	986
	850	454
	851	455
	856	459
	862	990
	868	467
	874	994
	879	473
	888	998
	893	1002
	896	478
	905	1006
	974	558
	975	559
	976	560
	977	561
	980	565
	982	567
	986	1010
	989	569
	990	571
	991	571
	998	577
	999	578
	1000	579
	1002	581
	1003	582
	1005	583
	1012	1014
	1015	589
net/minecraft/client/renderer/entity/layers/EyesLayer	22	24
	16	18
	20	22
	21	23
	22	24
	15	17
net/minecraft/client/multiplayer/package-info	0	0
net/minecraft/client/gui/font/providers/ProviderReferenceDefinition	20	23
	20	23
	9	13
	10	13
	11	13
	15	18
com/mojang/realmsclient/util/task/CloseServerTask	57	61
	12	15
	14	16
	20	21
	21	22
	22	23
	26	27
	27	29
	28	30
	29	31
	33	35
	34	36
	35	37
	36	38
	37	39
	40	42
	41	43
	42	44
	44	47
	45	48
	46	49
	47	50
	49	53
	50	54
	53	57
	57	61
net/minecraft/client/model/WindChargeModel	53	57
	33	32
	35	33
	36	36
	37	38
	39	42
	40	44
	42	47
	47	51
	48	52
	49	53
	53	57
	23	23
	24	24
	25	25
	26	26
	27	27
	30	30
	31	31
net/minecraft/client/renderer/entity/layers/IronGolemCrackinessLayer	37	38
	32	33
	33	38
	35	34
	36	35
	37	38
	16	17
	17	19
	18	21
	19	23
	23	27
	24	28
	28	31
	29	38
	31	32
com/mojang/realmsclient/gui/screens/UploadResult	30	34
	16	20
	20	24
	21	25
	25	29
	26	30
	11	14
	12	15
	13	16
	30	34
net/minecraft/client/model/HumanoidModel	498	458
	37	440
	38	441
	39	442
	40	443
	41	444
	42	445
	43	446
	44	447
	45	448
	46	449
	52	454
	53	455
	56	458
	74	48
	75	49
	78	52
	79	53
	80	54
	81	55
	82	56
	83	57
	84	58
	85	59
	86	60
	89	63
	90	64
	91	65
	92	66
	93	66
	94	66
	96	68
	97	70
	98	70
	99	71
	101	73
	102	74
	103	74
	104	74
	106	76
	107	78
	108	78
	109	79
	111	81
	112	83
	113	83
	114	84
	116	86
	117	87
	118	87
	119	87
	121	89
	122	91
	123	91
	124	92
	126	94
	131	99
	136	104
	141	108
	142	109
	143	110
	147	113
	148	114
	150	115
	151	116
	152	117
	153	118
	154	119
	155	120
	157	122
	160	125
	163	128
	164	129
	165	130
	166	131
	167	132
	169	133
	170	134
	171	135
	172	136
	173	137
	175	140
	176	141
	179	144
	180	145
	182	146
	183	147
	185	148
	186	149
	187	150
	188	151
	189	152
	190	153
	192	154
	193	155
	194	156
	196	157
	197	158
	198	159
	200	160
	201	161
	202	162
	205	165
	206	166
	209	167
	210	168
	211	169
	212	170
	213	171
	215	173
	219	176
	220	177
	221	178
	222	179
	224	181
	225	182
	229	186
	231	187
	232	188
	233	189
	234	190
	235	191
	236	192
	237	193
	238	194
	239	195
	240	196
	241	197
	242	198
	244	200
	245	201
	246	202
	247	203
	248	204
	249	205
	250	206
	251	207
	252	208
	255	211
	256	212
	258	215
	259	216
	262	219
	263	220
	266	221
	267	222
	268	223
	270	224
	271	225
	272	226
	273	227
	275	228
	276	229
	278	230
	279	231
	280	232
	281	233
	283	234
	284	235
	286	236
	287	237
	289	238
	290	239
	291	240
	292	241
	294	242
	295	243
	297	244
	298	245
	300	246
	301	247
	305	251
	306	252
	307	253
	308	254
	311	257
	312	258
	315	261
	317	263
	318	264
	320	270
	321	271
	323	266
	324	267
	325	268
	327	279
	328	280
	329	281
	331	273
	332	274
	333	275
	334	276
	335	277
	337	283
	338	284
	340	286
	341	287
	343	297
	344	298
	347	289
	348	290
	349	291
	351	293
	352	294
	355	300
	358	303
	360	305
	361	306
	363	312
	364	313
	366	308
	367	309
	368	310
	370	321
	371	322
	372	323
	374	315
	375	316
	376	317
	377	318
	378	319
	380	325
	381	326
	383	328
	384	329
	386	339
	387	340
	390	331
	391	332
	392	333
	394	335
	395	336
	398	342
	401	345
	402	346
	403	347
	406	350
	407	376
	410	351
	411	352
	413	353
	414	354
	415	355
	416	356
	418	359
	419	360
	420	361
	421	362
	422	363
	423	364
	424	365
	426	366
	427	367
	428	368
	429	369
	430	370
	431	371
	432	372
	433	373
	434	374
	435	376
	438	379
	439	380
	440	381
	442	384
	443	385
	445	388
	449	392
	453	396
	455	397
	456	398
	457	399
	459	400
	460	401
	461	402
	462	403
	463	404
	464	405
	465	406
	466	407
	469	410
	470	411
	471	412
	472	413
	473	414
	474	415
	475	416
	476	417
	480	421
	481	422
	484	425
	485	425
	487	425
	493	430
	497	434
	498	435
net/minecraft/client/CloudStatus	38	35
	33	31
	21	21
	22	22
	38	35
	23	23
	24	24
	9	11
	10	12
	11	13
	28	27
	14	15
net/minecraft/client/model/GuardianModel	170	163
	128	121
	129	122
	130	123
	132	125
	135	128
	136	129
	137	130
	138	131
	139	132
	141	135
	143	136
	144	137
	17	19
	145	138
	18	20
	146	139
	19	21
	147	140
	20	22
	21	23
	22	24
	150	143
	151	144
	152	145
	153	146
	155	148
	158	151
	162	155
	36	36
	37	37
	166	159
	39	38
	41	40
	42	41
	170	163
	45	44
	46	45
	47	46
	48	47
	49	48
	50	49
	53	52
	57	56
	58	57
	60	58
	61	60
	62	61
	63	63
	64	65
	65	67
	66	69
	70	73
	71	73
	72	75
	73	76
	74	77
	75	78
	76	79
	77	80
	78	81
	79	82
	82	85
	83	86
	84	86
	85	86
	87	88
	88	89
	89	89
	91	91
	92	92
	93	92
	94	92
	96	94
	97	96
	98	96
	99	96
	100	97
	103	99
	108	104
	113	108
	115	109
	116	110
	118	111
	119	112
	121	113
	122	114
	123	115
	125	118
	126	119
	127	120
net/minecraft/client/renderer/texture/atlas/sources/Unstitcher	123	123
	27	29
	29	31
	30	32
	31	33
	32	34
	33	35
	34	37
	42	45
	43	46
	44	47
	45	48
	46	49
	50	53
	51	54
	52	55
	53	56
	54	58
	55	59
	58	62
	60	64
	64	68
	68	74
	69	75
	70	76
	71	77
	72	78
	73	79
	74	81
	84	93
	85	94
	86	95
	87	96
	88	97
	93	101
	95	102
	96	103
	98	104
	99	105
	101	106
	102	107
	104	108
	105	109
	111	110
	112	111
	113	112
	115	114
	116	117
	117	117
	122	122
	123	123
net/minecraft/client/gui/components/MultiLineTextWidget	79	78
	66	65
	67	66
	68	67
	69	68
	70	69
	71	70
	72	71
	74	73
	76	75
	79	78
	18	20
	19	21
	22	24
	23	25
	24	26
	25	27
	27	28
	30	30
	31	31
	35	34
	36	35
	40	39
	41	40
	45	44
	46	45
	50	49
	51	50
	56	55
	61	60
net/minecraft/client/renderer/entity/EnderDragonRenderer	539	467
	512	427
	513	428
	514	429
	515	430
	516	431
	517	432
	518	433
	519	434
	520	435
	521	436
	522	437
	524	440
	525	441
	528	458
	529	459
	530	460
	532	461
	533	462
	534	463
	536	464
	537	465
	538	466
	539	467
	30	30
	31	31
	32	32
	33	33
	35	34
	36	35
	37	36
	38	37
	40	38
	45	42
	46	43
	48	44
	49	45
	53	48
	55	49
	56	50
	57	51
	58	52
	59	53
	63	54
	66	55
	68	56
	70	57
	72	58
	74	59
	75	60
	76	61
	77	62
	79	63
	80	64
	82	66
	83	67
	86	70
	87	71
	89	72
	90	73
	91	74
	92	75
	93	76
	94	77
	95	78
	98	81
	100	82
	101	83
	103	84
	104	85
	105	86
	107	87
	108	88
	111	91
	112	92
	115	95
	116	96
	117	97
	118	98
	119	99
	120	100
	121	101
	122	102
	123	103
	124	104
	126	105
	128	107
	129	108
	130	108
	131	109
	132	109
	133	109
	135	111
	136	112
	137	113
	138	114
	140	116
	142	117
	143	118
	145	119
	146	120
	147	121
	149	122
	150	123
	151	124
	152	125
	154	126
	155	127
	156	128
	158	129
	159	130
	160	131
	162	134
	163	135
	166	138
	167	139
	169	140
	170	141
	171	142
	172	143
	174	144
	176	145
	177	146
	179	147
	180	148
	181	149
	182	150
	184	151
	186	153
	187	154
	188	155
	189	156
	190	157
	191	157
	192	158
	193	159
	194	160
	195	161
	196	162
	198	163
	199	163
	200	163
	201	163
	202	163
	203	163
	204	163
	206	164
	207	164
	208	164
	209	164
	210	164
	211	164
	212	164
	214	165
	215	165
	216	166
	217	167
	218	168
	219	169
	220	170
	222	171
	223	172
	224	173
	227	176
	228	177
	232	180
	236	184
	237	185
	239	186
	240	187
	241	189
	242	190
	243	191
	244	192
	245	193
	246	194
	247	195
	248	196
	249	197
	252	200
	253	200
	254	200
	255	200
	257	201
	258	203
	259	203
	260	203
	263	206
	264	208
	265	209
	266	210
	267	211
	268	212
	269	213
	272	215
	273	217
	274	217
	275	217
	276	217
	277	218
	279	220
	280	222
	281	222
	282	222
	283	222
	284	223
	287	225
	288	226
	289	226
	290	226
	292	228
	293	229
	294	229
	295	229
	297	231
	298	232
	299	232
	300	232
	303	234
	304	235
	305	235
	306	235
	308	237
	309	238
	310	238
	311	238
	313	240
	314	241
	315	241
	316	241
	319	243
	320	245
	321	245
	322	245
	323	246
	325	248
	326	250
	327	250
	328	250
	329	251
	332	253
	333	254
	334	254
	335	254
	337	256
	338	257
	339	257
	340	257
	342	259
	343	260
	344	260
	345	260
	348	262
	349	263
	350	263
	351	263
	353	265
	354	266
	355	266
	356	266
	358	268
	359	269
	360	269
	361	269
	364	271
	401	301
	402	302
	403	303
	404	304
	405	305
	406	306
	407	307
	408	308
	409	309
	410	310
	411	311
	412	312
	413	313
	414	314
	415	315
	416	316
	417	317
	418	318
	419	319
	420	320
	421	321
	425	324
	426	325
	427	326
	431	329
	435	333
	436	334
	437	335
	439	336
	440	337
	442	338
	443	339
	445	340
	446	341
	447	342
	449	343
	451	344
	453	345
	454	346
	456	347
	457	349
	458	350
	459	351
	460	352
	461	353
	462	354
	464	355
	465	356
	466	357
	467	358
	468	359
	469	360
	470	361
	473	364
	474	365
	475	366
	476	367
	477	368
	478	369
	479	370
	480	371
	481	372
	482	373
	483	374
	484	375
	485	376
	486	377
	488	378
	489	379
	490	380
	491	381
	492	382
	494	383
	495	384
	496	385
	497	386
	499	387
	500	402
	502	417
	504	418
	505	419
	506	420
	507	421
	508	422
	509	423
	510	425
	511	426
net/minecraft/client/particle/SoulParticle	66	63
	64	46
	65	47
	66	48
	35	32
	36	33
	37	34
	11	14
	43	57
	44	58
	13	15
	14	16
	16	17
	48	61
	17	18
	49	62
	50	63
	21	22
	22	22
	25	22
	58	41
	59	42
	30	27
	63	45
com/mojang/realmsclient/gui/task/package-info	0	0
net/minecraft/client/model/PolarBearModel	79	74
	64	60
	65	61
	67	62
	68	63
	69	64
	71	65
	72	66
	73	67
	75	69
	76	70
	78	73
	15	16
	79	74
	16	17
	19	20
	20	21
	22	22
	23	24
	24	25
	25	27
	26	29
	27	31
	28	34
	30	36
	31	38
	32	38
	33	38
	34	39
	37	41
	38	42
	39	42
	40	43
	41	44
	43	45
	44	45
	45	46
	46	47
	48	48
	53	52
	55	53
	56	54
	57	55
	58	56
	60	57
	61	58
	63	59
com/mojang/realmsclient/dto/PendingInvite	35	35
	16	15
	32	31
	33	32
	35	35
	25	23
	27	26
	28	27
	29	28
	30	29
	31	30
net/minecraft/client/telemetry/events/AggregatedTelemetryEvent	48	51
	33	36
	36	39
	40	43
	44	47
	13	15
	45	48
	48	51
	18	20
	19	21
	20	22
	21	23
	24	26
	25	27
	26	28
	27	29
	29	32
	30	33
	31	34
net/minecraft/client/renderer/entity/MobRenderer	18	19
	18	19
	8	11
	9	12
	13	15
com/mojang/blaze3d/shaders/AbstractUniform	112	84
	64	58
	34	37
	98	73
	37	40
	70	61
	40	43
	10	13
	106	78
	43	46
	13	16
	77	64
	109	81
	46	49
	16	19
	112	84
	49	52
	19	22
	85	67
	22	25
	56	55
	25	28
	91	70
	28	31
	31	34
net/minecraft/client/gui/screens/inventory/EffectRenderingInventoryScreen	124	126
	23	25
	24	26
	27	29
	28	30
	32	34
	33	35
	34	36
	37	39
	38	40
	40	41
	44	45
	45	46
	47	47
	49	48
	50	80
	53	49
	54	50
	55	51
	56	52
	59	55
	61	56
	62	57
	64	58
	65	59
	66	60
	67	61
	68	62
	69	64
	70	65
	71	66
	73	69
	76	72
	77	74
	78	76
	81	80
	84	83
	85	85
	86	86
	87	87
	89	89
	91	92
	93	94
	96	97
	97	98
	98	100
	99	101
	100	102
	101	103
	102	104
	104	106
	107	109
	108	111
	109	112
	110	113
	112	114
	113	115
	115	116
	117	118
	120	121
	121	122
	122	123
	124	126
com/mojang/realmsclient/util/WorldGenerationInfo	0	0
net/minecraft/client/renderer/entity/TntMinecartRenderer	48	48
	35	34
	36	35
	41	41
	42	42
	44	44
	47	47
	16	19
	48	48
	17	20
	18	21
	22	24
	24	25
	25	25
	26	26
	27	27
	28	28
	29	29
	30	30
	31	31
net/minecraft/client/gui/components/LogoRenderer	50	46
	32	30
	35	33
	36	34
	39	37
	40	38
	9	12
	41	39
	10	13
	42	40
	11	14
	44	41
	45	42
	46	43
	48	44
	49	45
	50	46
	31	29
net/minecraft/client/model/geom/builders/UVPair	22	26
	17	21
	22	26
	8	12
	9	13
	10	14
	13	17
net/minecraft/client/renderer/entity/BreezeRenderer	45	45
	33	32
	37	36
	38	37
	39	38
	40	39
	42	41
	43	42
	45	45
	15	17
	18	20
	19	21
	20	22
	21	23
	25	26
	26	27
	28	28
	29	29
net/minecraft/client/gui/screens/options/controls/ControlsScreen	34	33
	33	32
	34	33
	12	15
	15	18
	16	18
	17	18
	18	18
	19	18
	24	22
	25	23
	29	28
	30	29
	31	30
com/mojang/blaze3d/font/GlyphProvider	30	29
	18	19
	29	28
	14	15
	30	29
net/minecraft/client/model/QuadrupedModel	75	71
	68	65
	69	66
	71	67
	72	68
	73	69
	74	70
	75	71
	23	25
	24	26
	25	27
	26	28
	27	29
	28	30
	29	31
	30	32
	33	35
	34	36
	36	37
	37	38
	38	38
	39	38
	41	40
	42	42
	43	42
	44	43
	46	45
	47	45
	48	46
	49	47
	50	48
	51	49
	53	50
	58	55
	63	60
net/minecraft/client/resources/sounds/BubbleColumnAmbientSoundHandler	40	45
	35	39
	37	41
	39	44
	40	45
	17	19
	18	20
	22	24
	23	26
	24	29
	25	30
	26	30
	27	31
	28	32
	29	33
	31	35
net/minecraft/client/tutorial/Tutorial	153	151
	130	127
	134	131
	135	132
	143	141
	144	142
	145	143
	148	146
	149	147
	150	148
	151	149
	153	151
	29	31
	30	32
	31	33
	34	36
	35	37
	37	39
	40	42
	41	43
	43	45
	46	48
	47	49
	49	51
	52	54
	53	55
	55	57
	58	60
	59	61
	61	63
	64	66
	65	67
	67	69
	70	72
	71	76
	73	73
	74	74
	75	76
	78	79
	79	80
	81	83
	82	84
	85	87
	86	88
	87	89
	90	92
	91	93
	92	94
	95	97
	97	98
	98	99
	99	100
	101	102
	103	104
	104	105
	106	107
	109	110
	110	111
	111	112
	112	113
	113	114
	115	116
	118	119
	122	123
	123	123
	125	123
net/minecraft/client/model/PandaModel	138	127
	130	120
	131	121
	133	122
	134	123
	135	124
	136	125
	138	127
	19	21
	20	22
	23	25
	24	26
	26	27
	27	29
	28	30
	29	32
	30	34
	31	36
	32	38
	34	40
	35	42
	36	42
	37	43
	40	45
	41	46
	42	47
	43	47
	44	48
	45	49
	46	50
	47	51
	49	52
	54	56
	56	57
	57	58
	58	59
	59	60
	63	63
	65	64
	66	65
	67	66
	68	67
	69	68
	71	69
	72	70
	73	71
	75	72
	76	73
	78	75
	81	78
	82	79
	83	80
	84	81
	85	82
	86	83
	90	87
	91	88
	92	89
	95	90
	96	91
	99	92
	100	93
	102	94
	103	95
	105	96
	106	97
	109	100
	110	101
	111	102
	112	103
	115	106
	116	107
	117	108
	118	109
	121	112
	122	113
	123	114
	124	115
	125	116
	127	117
com/mojang/blaze3d/systems/TimerQuery	101	93
	65	61
	67	62
	68	63
	71	64
	72	65
	73	66
	74	67
	12	16
	76	69
	80	74
	18	20
	82	75
	83	76
	20	21
	84	77
	21	22
	87	80
	24	25
	25	26
	26	27
	91	89
	29	30
	94	93
	31	31
	95	93
	32	32
	35	35
	36	36
	37	37
	101	86
	38	38
	49	49
	50	50
	53	53
	55	54
	56	58
	59	55
	61	56
	62	58
net/minecraft/client/gui/screens/ChatScreen	265	242
	257	233
	258	234
	260	236
	262	239
	265	242
	25	24
	38	33
	39	34
	40	35
	44	39
	45	40
	48	43
	51	46
	52	47
	53	48
	54	49
	55	50
	56	51
	58	52
	59	53
	60	54
	61	55
	65	59
	66	60
	70	64
	71	65
	72	66
	74	67
	75	68
	79	72
	80	73
	83	76
	84	77
	85	78
	86	79
	91	83
	92	84
	95	85
	96	86
	99	87
	100	88
	101	89
	102	90
	103	91
	104	92
	105	93
	106	94
	107	95
	108	96
	109	97
	110	98
	111	99
	112	100
	113	101
	114	102
	115	103
	116	104
	117	105
	119	107
	124	113
	125	114
	126	115
	128	118
	129	119
	131	122
	132	123
	137	128
	138	129
	141	132
	142	133
	143	134
	144	135
	147	138
	148	139
	149	140
	150	141
	154	145
	155	145
	157	145
	162	150
	163	151
	165	153
	167	155
	170	158
	171	159
	173	160
	174	161
	175	175
	178	162
	179	163
	180	164
	181	175
	184	166
	185	167
	188	170
	189	171
	190	172
	191	175
	195	179
	197	180
	198	181
	200	182
	202	183
	203	184
	204	185
	205	186
	207	187
	208	188
	209	189
	211	191
	212	192
	213	193
	216	196
	221	200
	225	204
	229	208
	230	209
	234	213
	235	214
	236	215
	237	216
	238	217
	240	219
	244	223
	248	227
	249	228
	250	239
	253	229
	254	230
com/mojang/blaze3d/pipeline/TextureTarget	10	13
	7	10
	8	11
	9	12
	10	13
net/minecraft/client/gui/font/glyphs/SpecialGlyphs	76	72
	32	29
	33	30
	66	62
	36	34
	37	35
	71	67
	72	68
	43	39
	12	13
	44	40
	76	72
	14	15
	15	16
	48	44
	17	17
	18	18
	19	19
	53	49
	56	52
	61	57
	30	26
	31	28
net/minecraft/client/gui/screens/multiplayer/ServerSelectionList	522	535
	512	525
	516	529
	521	534
	522	535
	39	39
	40	40
	41	41
	42	42
	43	43
	44	44
	45	45
	46	46
	47	47
	48	48
	49	49
	50	50
	51	51
	52	52
	53	53
	54	54
	55	55
	56	56
	57	57
	58	59
	60	66
	61	67
	62	68
	63	69
	64	70
	65	71
	66	72
	74	79
	75	80
	76	81
	79	84
	80	85
	81	86
	82	87
	83	88
	87	91
	88	92
	89	93
	93	97
	94	98
	98	102
	100	104
	101	105
	104	108
	105	109
	108	112
	109	113
	111	115
	112	116
	114	119
	119	121
	120	122
	121	123
	122	124
	123	125
	124	126
	125	127
	128	130
	132	134
	136	138
	141	144
	148	149
	153	153
	154	154
	155	162
	156	163
	157	164
	161	168
	167	175
	168	176
	176	183
	177	184
	178	185
	179	186
	183	190
	184	191
	186	192
	187	193
	189	195
	191	197
	195	201
	196	202
	197	203
	199	206
	200	207
	204	211
	209	216
	213	220
	239	246
	240	247
	241	248
	242	249
	243	250
	244	251
	248	255
	249	256
	250	257
	251	258
	253	259
	255	263
	256	267
	258	269
	259	273
	260	274
	262	276
	263	277
	264	278
	265	279
	266	280
	267	281
	268	282
	269	283
	271	285
	274	289
	276	290
	277	292
	278	293
	281	296
	283	297
	284	298
	285	299
	286	300
	288	302
	289	307
	290	303
	291	304
	292	305
	293	306
	297	311
	298	312
	299	313
	302	316
	303	317
	304	318
	305	319
	307	321
	308	322
	312	326
	313	329
	314	330
	315	331
	317	332
	318	333
	319	334
	320	335
	323	338
	324	339
	325	340
	326	341
	328	342
	329	343
	330	344
	332	346
	335	350
	336	351
	337	352
	339	354
	342	358
	343	359
	344	360
	346	362
	350	366
	353	369
	355	370
	357	373
	358	374
	359	375
	361	377
	362	378
	363	379
	364	380
	366	382
	367	383
	368	384
	370	386
	371	387
	372	388
	373	389
	374	390
	375	391
	376	392
	377	393
	379	395
	381	398
	382	399
	385	401
	388	404
	389	405
	392	408
	393	409
	394	410
	395	411
	398	414
	402	418
	403	419
	406	422
	407	423
	408	424
	409	425
	412	429
	417	434
	419	435
	420	436
	422	437
	423	438
	426	441
	429	442
	430	443
	434	447
	438	451
	439	452
	441	453
	442	454
	443	455
	444	456
	448	460
	449	461
	451	462
	452	463
	454	464
	455	465
	456	466
	459	469
	461	470
	462	471
	463	472
	467	475
	468	476
	469	477
	473	481
	474	482
	475	483
	478	486
	480	487
	484	491
	489	496
	490	497
	491	498
	492	499
	494	504
	495	505
	496	506
	497	507
	498	508
	499	509
	500	511
	501	501
	503	514
	504	515
	505	516
	506	517
	507	518
	508	519
	509	520
	510	521
	511	524
net/minecraft/client/model/RaftModel	96	82
	65	57
	68	60
	69	61
	71	62
	73	63
	78	67
	79	68
	80	69
	84	72
	23	26
	24	27
	88	76
	25	28
	26	29
	90	77
	91	78
	29	32
	93	79
	30	33
	94	80
	31	33
	96	82
	35	34
	39	38
	40	40
	41	40
	42	40
	43	41
	46	43
	47	44
	48	45
	49	46
	51	47
	52	49
	53	49
	54	49
	55	49
	56	50
	58	52
	59	54
	60	54
	61	54
	62	54
	63	55
net/minecraft/client/tutorial/PunchTreeTutorialStepInstance	91	88
	64	61
	66	63
	70	67
	71	68
	72	69
	73	70
	75	73
	76	74
	78	76
	79	77
	80	78
	17	18
	81	79
	18	19
	83	81
	87	85
	88	86
	89	88
	26	26
	27	27
	91	88
	31	31
	33	32
	34	33
	35	55
	38	35
	39	36
	40	37
	41	38
	42	39
	43	40
	45	43
	46	44
	47	45
	52	50
	53	50
	54	51
	55	52
	58	55
	62	59
	63	60
net/minecraft/client/particle/BubbleColumnUpParticle	48	48
	34	34
	41	42
	10	13
	42	43
	11	14
	12	15
	13	16
	46	46
	15	17
	47	47
	48	48
	17	18
	18	19
	19	20
	21	21
	22	22
	26	26
	27	27
	28	28
	30	30
net/minecraft/client/resources/sounds/GuardianAttackSoundInstance	44	42
	32	32
	33	40
	34	42
	37	33
	38	34
	39	35
	41	36
	42	37
	43	38
	44	42
	16	18
	18	19
	20	20
	21	21
	22	22
	23	23
	27	27
net/minecraft/client/gui/navigation/ScreenPosition	23	27
	16	20
	5	9
	21	25
	6	10
	22	26
	7	11
	23	27
	12	16
	13	17
	14	18
	15	19
net/minecraft/client/gui/screens/inventory/tooltip/TooltipRenderUtil	97	53
	32	24
	64	40
	96	52
	33	25
	65	41
	97	53
	34	26
	35	27
	36	28
	39	29
	40	30
	75	44
	76	45
	51	33
	52	34
	53	35
	85	48
	54	36
	86	49
	55	37
	26	20
	27	21
	28	22
	29	23
net/minecraft/client/renderer/entity/WitherSkullRenderer	70	56
	33	33
	65	52
	34	34
	66	53
	36	35
	37	35
	38	35
	70	56
	42	36
	47	40
	52	44
	22	23
	54	45
	23	24
	56	46
	57	47
	59	48
	28	28
	60	49
	29	29
	61	50
	30	30
	63	51
net/minecraft/client/renderer/block/BlockModelShaper	69	72
	32	35
	64	68
	36	39
	69	72
	40	43
	41	44
	44	47
	48	51
	19	22
	20	23
	52	55
	53	57
	54	58
	23	26
	55	59
	58	62
	27	30
	59	63
	28	31
	60	64
	29	32
	61	65
com/mojang/realmsclient/util/task/CreateSnapshotRealmTask	81	86
	65	69
	69	73
	74	78
	75	79
	76	80
	78	83
	79	84
	17	19
	81	86
	19	20
	32	32
	33	33
	34	34
	35	35
	36	36
	37	37
	41	41
	43	44
	46	45
	47	46
	48	50
	50	52
	51	53
	53	56
	54	57
	55	58
	57	61
	58	62
	59	63
	60	64
	61	65
	62	66
	63	67
net/minecraft/client/gui/font/TextFieldHelper	264	289
	258	283
	259	284
	260	285
	261	286
	264	289
	29	29
	30	30
	31	31
	32	32
	33	33
	35	34
	36	35
	39	38
	43	42
	47	46
	51	50
	52	51
	55	54
	56	55
	58	58
	62	62
	63	63
	64	64
	65	67
	66	68
	67	69
	68	72
	69	73
	70	74
	71	77
	72	78
	73	79
	76	82
	77	83
	78	84
	79	85
	80	88
	81	89
	82	91
	83	92
	84	93
	85	96
	86	97
	87	98
	88	101
	89	102
	90	103
	91	106
	92	107
	93	108
	95	112
	99	116
	103	120
	104	121
	107	124
	108	125
	109	126
	110	127
	111	128
	113	130
	116	133
	117	134
	120	137
	121	138
	123	140
	126	143
	127	145
	128	148
	130	150
	133	153
	134	154
	137	157
	138	158
	139	159
	142	162
	143	163
	146	166
	147	167
	148	168
	151	171
	152	173
	153	176
	155	178
	158	181
	159	182
	160	183
	163	186
	164	187
	166	189
	167	190
	169	192
	170	193
	171	194
	172	195
	173	196
	174	197
	177	201
	179	203
	182	206
	183	207
	184	208
	185	209
	188	212
	189	213
	190	214
	193	217
	194	218
	197	221
	198	222
	199	223
	202	226
	203	227
	204	228
	208	232
	209	233
	211	236
	212	237
	213	238
	214	239
	215	240
	219	244
	220	245
	223	248
	224	249
	225	250
	228	253
	229	254
	232	257
	233	258
	234	259
	237	262
	241	266
	242	267
	245	270
	246	271
	247	272
	250	275
	254	279
	255	280
net/minecraft/client/resources/metadata/language/LanguageMetadataSection	16	15
	16	15
	11	12
	13	13
	14	14
net/minecraft/client/gui/screens/inventory/PageButton	41	45
	33	37
	34	38
	38	42
	39	43
	41	45
	12	15
	13	16
	14	17
	15	18
	20	23
	21	24
	22	25
	23	26
	28	31
	29	32
	31	34
net/minecraft/client/particle/WakeParticle	64	61
	64	61
	10	13
	11	14
	12	15
	13	16
	14	17
	16	18
	18	19
	19	20
	20	21
	21	22
	22	23
	23	24
	24	25
	28	29
	33	34
	34	35
	35	36
	37	37
	38	38
	39	39
	40	50
	43	41
	44	42
	45	43
	46	44
	47	45
	49	46
	50	47
	52	48
	53	50
	59	57
	60	58
net/minecraft/client/renderer/entity/layers/LlamaDecorLayer	61	63
	17	21
	18	21
	19	22
	20	23
	21	24
	22	25
	23	26
	24	27
	25	28
	26	29
	27	30
	28	31
	29	32
	30	33
	31	34
	32	35
	33	36
	36	38
	41	42
	42	43
	43	44
	47	47
	49	49
	50	50
	51	52
	52	56
	54	53
	57	59
	58	60
	59	61
	60	62
	61	63
net/minecraft/client/resources/model/ModelBakery	286	274
	256	202
	257	203
	258	206
	260	207
	261	208
	262	209
	263	210
	266	213
	267	214
	268	215
	269	216
	271	218
	272	219
	273	220
	274	221
	276	224
	277	225
	282	230
	286	234
	39	41
	40	42
	41	43
	42	44
	43	45
	45	46
	46	47
	47	48
	50	51
	51	53
	52	53
	53	54
	54	55
	56	56
	58	57
	64	62
	65	63
	67	64
	73	67
	74	69
	89	71
	91	72
	93	74
	94	77
	111	95
	113	96
	115	99
	116	100
	117	101
	118	102
	119	103
	122	107
	129	109
	130	110
	132	111
	133	113
	134	114
	137	117
	138	118
	139	119
	141	120
	142	121
	143	122
	146	125
	147	126
	149	129
	150	130
	151	131
	154	134
	155	135
	157	137
	158	138
	161	141
	162	142
	164	145
	165	146
	167	149
	169	151
	170	152
	172	155
	173	156
	174	157
	175	158
	177	160
	178	161
	179	162
	181	164
	185	168
	189	172
	190	173
	191	174
	192	175
	193	176
	196	179
	197	180
	198	181
	199	182
	202	185
	203	186
	205	189
	206	190
	209	193
	210	194
	216	246
	217	247
	221	251
	226	256
	227	257
	228	258
	229	259
	233	262
	234	263
	236	264
	237	265
	242	270
	243	270
	244	271
	247	274
	252	197
	254	198
	255	199
net/minecraft/client/searchtree/FullTextSearchTree	31	32
	16	18
	17	19
	21	23
	26	28
	27	29
	28	30
	30	31
	15	17
	31	32
net/minecraft/client/multiplayer/chat/report/ReportReason	42	41
	34	33
	38	37
	9	10
	10	11
	42	41
	11	12
	12	13
	13	14
	14	15
	15	16
	16	17
	17	18
	18	19
	27	26
	28	27
	29	28
	30	29
	31	30
net/minecraft/client/renderer/entity/layers/MushroomCowMushroomLayer	76	76
	64	56
	65	57
	66	58
	67	59
	68	62
	71	67
	72	68
	74	74
	76	76
	21	24
	22	25
	23	26
	27	29
	28	62
	31	30
	32	31
	34	32
	35	62
	38	33
	39	34
	40	35
	42	36
	43	37
	44	38
	45	39
	46	40
	47	41
	48	42
	50	43
	51	44
	52	45
	53	46
	54	47
	55	48
	56	49
	57	50
	58	51
	60	52
	61	53
	62	54
	63	55
com/mojang/realmsclient/gui/screens/RealmsSettingsScreen	82	87
	64	70
	68	74
	69	75
	73	79
	75	80
	76	81
	77	82
	78	83
	15	17
	16	18
	81	86
	82	87
	25	25
	26	26
	27	27
	28	28
	32	32
	34	33
	35	35
	36	37
	37	38
	38	41
	40	45
	42	47
	43	51
	45	52
	46	53
	47	54
	48	55
	50	56
	51	57
	52	58
	53	59
	55	61
	56	63
	58	64
	59	65
	63	69
net/minecraft/client/renderer/entity/TropicalFishRenderer	62	58
	32	31
	33	32
	34	33
	40	39
	41	40
	42	41
	44	44
	46	45
	47	46
	48	47
	49	48
	20	21
	21	22
	53	51
	55	52
	24	25
	56	53
	26	26
	58	54
	27	27
	59	55
	28	28
	60	56
	62	58
com/mojang/realmsclient/gui/screens/RealmsInviteScreen	125	118
	25	27
	27	28
	28	29
	29	30
	30	31
	44	42
	45	43
	46	44
	47	45
	48	46
	52	50
	54	51
	56	52
	57	53
	58	54
	60	55
	62	57
	63	59
	64	60
	68	64
	69	65
	73	69
	74	70
	77	73
	78	74
	79	100
	82	76
	83	77
	84	78
	85	79
	86	80
	88	81
	90	83
	91	84
	92	85
	93	86
	95	88
	96	88
	97	89
	98	90
	99	91
	101	93
	103	96
	104	97
	105	98
	106	100
	109	103
	110	104
	111	105
	115	109
	116	110
	120	114
	122	115
	123	116
	125	118
net/minecraft/client/gui/screens/recipebook/BlastingRecipeBookComponent	19	21
	19	21
	10	12
	14	16
net/minecraft/client/resources/model/ModelBaker	0	0
net/minecraft/client/renderer/LightTexture	226	194
	34	32
	35	33
	37	34
	38	35
	39	36
	40	38
	41	39
	42	40
	45	44
	46	45
	50	49
	51	50
	54	53
	55	54
	56	55
	57	56
	60	59
	61	60
	64	63
	66	64
	67	65
	68	66
	69	67
	72	70
	73	71
	74	71
	76	71
	80	75
	81	76
	85	80
	86	168
	88	81
	89	82
	90	83
	91	84
	92	168
	95	85
	97	87
	98	88
	100	90
	103	93
	104	94
	105	95
	109	96
	110	98
	111	99
	112	100
	113	101
	115	103
	119	106
	122	107
	124	108
	126	110
	127	111
	128	112
	129	113
	132	114
	133	115
	134	116
	136	117
	138	118
	139	119
	140	120
	141	121
	143	123
	144	124
	146	125
	148	126
	149	127
	151	128
	152	129
	156	133
	158	134
	159	135
	160	136
	162	137
	163	138
	167	142
	168	143
	169	144
	171	147
	174	150
	176	151
	177	152
	179	153
	180	154
	181	155
	183	156
	184	157
	185	158
	186	159
	188	160
	191	164
	192	165
	193	168
	196	171
	197	171
	198	171
	199	171
	201	172
	204	175
	205	176
	211	180
	213	181
	214	182
	218	186
	222	190
	226	194
net/minecraft/client/model/geom/ModelLayers	238	240
	13	15
	15	16
	16	17
	17	18
	18	19
	19	20
	20	21
	21	22
	22	23
	23	24
	24	25
	25	26
	26	27
	27	28
	28	29
	29	30
	30	31
	31	32
	32	33
	33	34
	34	35
	35	36
	36	37
	37	38
	38	39
	39	40
	40	41
	41	42
	42	43
	43	44
	44	45
	45	46
	46	47
	47	48
	48	49
	49	50
	50	51
	51	52
	52	53
	53	54
	54	55
	55	56
	56	57
	57	58
	58	59
	59	60
	60	61
	61	62
	62	63
	63	64
	64	65
	65	66
	66	67
	67	68
	68	69
	69	70
	70	71
	71	72
	72	73
	73	74
	74	75
	75	76
	76	77
	77	78
	78	79
	79	80
	80	81
	81	82
	82	83
	83	84
	84	85
	85	86
	86	87
	87	88
	88	89
	89	90
	90	91
	91	92
	92	93
	93	94
	94	95
	95	96
	96	97
	97	98
	98	99
	99	100
	100	101
	101	102
	102	103
	103	104
	104	105
	105	106
	106	107
	107	108
	108	109
	109	110
	110	111
	111	112
	112	113
	113	114
	114	115
	115	116
	116	117
	117	118
	118	119
	119	120
	120	121
	121	122
	122	123
	123	124
	124	125
	125	126
	126	127
	127	128
	128	129
	129	130
	130	131
	131	132
	132	133
	133	134
	134	135
	135	136
	136	137
	137	138
	138	139
	139	140
	140	141
	141	142
	142	143
	143	144
	144	145
	145	146
	146	147
	147	148
	148	149
	149	150
	150	151
	151	152
	152	153
	153	154
	154	155
	155	156
	156	157
	157	158
	158	159
	159	160
	160	161
	161	162
	162	163
	163	164
	164	165
	165	166
	166	167
	167	168
	168	169
	169	170
	170	171
	171	172
	172	173
	173	174
	174	175
	175	176
	176	177
	177	178
	178	179
	179	180
	180	181
	181	182
	182	183
	183	184
	184	185
	185	186
	186	187
	187	188
	190	191
	194	195
	195	196
	196	197
	198	199
	202	204
	206	208
	210	212
	214	216
	218	220
	222	224
	226	228
	230	232
	234	236
	238	240
net/minecraft/client/gui/font/providers/TrueTypeGlyphProviderDefinition	95	93
	66	53
	67	54
	68	56
	69	57
	70	58
	72	59
	73	60
	74	61
	75	62
	76	63
	79	66
	80	67
	81	68
	84	71
	86	72
	88	74
	89	75
	90	76
	91	77
	94	81
	95	82
	32	88
	34	89
	35	92
	36	93
	40	28
	41	28
	43	28
	44	28
	47	30
	48	31
	49	32
	50	33
	51	35
	52	37
	53	39
	57	44
	62	49
net/minecraft/client/model/geom/package-info	0	0
net/minecraft/client/renderer/debug/BeeDebugRenderer	373	313
	256	221
	258	223
	263	226
	264	227
	266	229
	271	232
	272	233
	276	236
	277	237
	281	240
	282	241
	283	242
	286	244
	289	247
	290	248
	293	251
	294	252
	296	253
	297	254
	298	255
	300	256
	301	257
	304	260
	305	261
	309	262
	311	263
	312	264
	313	265
	315	266
	316	267
	317	268
	320	271
	324	275
	325	275
	326	275
	327	275
	332	279
	333	280
	334	281
	79	64
	80	65
	338	285
	84	69
	85	70
	86	71
	342	289
	87	72
	343	290
	344	291
	345	292
	90	75
	91	76
	349	296
	94	79
	350	296
	95	80
	351	296
	352	296
	353	296
	98	83
	99	84
	103	88
	104	89
	361	300
	106	90
	362	302
	363	303
	108	91
	109	92
	365	304
	111	94
	368	308
	114	97
	115	98
	372	312
	373	313
	118	101
	119	102
	120	103
	123	106
	125	107
	126	108
	127	109
	129	111
	132	112
	136	114
	137	115
	138	116
	142	120
	144	121
	145	122
	146	123
	147	124
	149	126
	151	127
	152	128
	153	129
	155	131
	157	132
	163	135
	165	136
	166	138
	168	139
	172	143
	174	144
	175	145
	176	146
	178	148
	180	149
	181	150
	183	151
	184	152
	185	153
	187	154
	188	155
	189	156
	190	157
	193	160
	194	161
	195	163
	196	164
	198	165
	203	170
	204	171
	205	172
	208	175
	209	176
	210	177
	211	178
	212	179
	217	182
	219	183
	220	184
	223	187
	225	188
	226	189
	227	190
	228	191
	230	193
	233	196
	235	197
	236	198
	239	201
	240	203
	242	214
	245	217
	248	218
	251	219
	255	220
net/minecraft/client/renderer/entity/HorseRenderer	35	37
	35	37
	16	19
	17	20
	18	21
	19	22
	20	23
	21	24
	22	25
	23	26
	24	27
	27	31
	29	32
	30	33
	31	34
net/minecraft/client/gui/layouts/HeaderAndFooterLayout	144	137
	128	121
	129	122
	132	125
	136	129
	140	133
	144	137
	24	23
	25	24
	28	27
	29	28
	32	31
	33	32
	34	33
	35	34
	36	35
	37	36
	42	40
	47	44
	51	48
	56	53
	61	58
	66	63
	70	67
	74	71
	75	72
	78	75
	79	76
	82	79
	86	83
	91	88
	92	89
	93	90
	94	91
	98	95
	99	96
	101	97
	102	98
	103	99
	104	100
	106	101
	107	102
	108	103
	109	104
	111	105
	112	106
	114	107
	115	108
	116	109
	117	110
	120	113
	124	117
net/minecraft/client/renderer/block/model/MultiVariant	97	96
	67	65
	68	66
	71	69
	72	71
	73	72
	75	73
	78	76
	84	82
	85	83
	86	84
	87	85
	88	86
	91	89
	92	90
	29	31
	30	32
	95	93
	33	35
	97	96
	38	40
	39	41
	42	43
	43	43
	46	43
	51	49
	56	54
	61	59
	62	60
net/minecraft/client/gui/screens/inventory/HorseInventoryScreen	61	61
	12	15
	13	16
	14	17
	15	18
	16	19
	24	26
	25	27
	26	28
	27	29
	31	33
	32	34
	33	35
	35	36
	36	37
	39	40
	40	41
	43	44
	44	45
	45	46
	47	48
	51	52
	52	53
	56	57
	57	58
	59	59
	60	60
	61	61
net/minecraft/client/renderer/blockentity/ShulkerBoxRenderer	64	58
	64	58
	23	25
	24	26
	29	29
	30	30
	31	31
	32	32
	33	33
	39	37
	40	39
	41	40
	43	42
	46	45
	48	46
	49	47
	50	48
	52	49
	54	50
	55	51
	57	52
	58	53
	59	54
	61	55
	62	56
	63	57
net/minecraft/client/resources/metadata/language/package-info	0	0
net/minecraft/client/multiplayer/chat/LoggedChatMessage	104	114
	67	73
	68	74
	73	79
	77	83
	82	88
	21	23
	87	95
	88	96
	25	27
	89	97
	90	99
	94	104
	31	33
	99	109
	37	41
	38	42
	39	43
	40	44
	104	114
	41	46
	43	48
	47	52
	48	53
	49	54
	51	56
	56	62
	57	63
	58	64
	62	68
	63	69
com/mojang/blaze3d/shaders/Uniform	544	505
	513	475
	514	476
	516	478
	517	479
	519	481
	520	482
	522	484
	525	486
	528	489
	17	19
	532	493
	536	497
	540	501
	544	505
	48	42
	49	43
	50	44
	51	45
	52	46
	53	47
	54	48
	56	50
	57	51
	59	54
	60	55
	61	56
	64	59
	68	63
	69	64
	72	67
	76	71
	77	72
	81	76
	82	77
	84	80
	85	81
	87	83
	90	86
	91	87
	92	88
	94	90
	97	93
	99	94
	100	95
	101	96
	102	97
	103	98
	104	99
	105	100
	106	101
	107	102
	108	103
	109	104
	113	108
	117	112
	118	113
	121	116
	126	121
	127	122
	128	123
	129	124
	133	128
	134	129
	135	130
	136	131
	137	132
	147	135
	148	136
	149	137
	150	138
	154	142
	155	143
	156	144
	157	145
	158	146
	159	147
	163	151
	164	152
	165	153
	166	154
	170	158
	171	159
	172	160
	173	161
	174	162
	175	163
	176	164
	177	165
	181	169
	182	170
	183	171
	184	172
	188	176
	189	177
	190	178
	192	181
	193	182
	195	185
	196	186
	198	189
	199	190
	201	193
	202	194
	206	198
	207	199
	208	200
	210	203
	211	204
	213	207
	214	208
	216	211
	217	212
	219	215
	220	216
	224	220
	225	221
	226	222
	227	223
	231	227
	232	228
	233	229
	234	230
	235	231
	239	235
	240	236
	241	237
	242	238
	243	239
	244	240
	248	244
	249	245
	250	246
	251	247
	252	248
	253	249
	254	250
	258	254
	259	255
	260	262
	263	257
	264	258
	265	259
	266	260
	267	262
	271	266
	272	267
	273	268
	274	269
	275	270
	276	271
	277	272
	285	276
	286	277
	287	278
	288	279
	289	280
	290	281
	291	282
	292	283
	293	284
	302	288
	303	289
	304	290
	305	291
	306	292
	307	293
	308	294
	309	295
	310	296
	311	297
	312	298
	319	302
	320	303
	321	304
	322	305
	323	306
	324	307
	325	308
	326	309
	327	310
	335	314
	336	315
	337	316
	338	317
	339	318
	340	319
	341	320
	342	321
	343	322
	344	323
	345	324
	346	325
	355	329
	356	330
	357	331
	358	332
	359	333
	360	334
	361	335
	362	336
	363	337
	364	338
	365	339
	366	340
	367	341
	368	342
	369	343
	376	347
	377	348
	378	349
	379	350
	380	351
	381	352
	382	353
	383	354
	384	355
	385	356
	386	357
	394	361
	395	362
	396	363
	397	364
	398	365
	399	366
	400	367
	401	368
	402	369
	403	370
	404	371
	405	372
	406	373
	407	374
	408	375
	417	381
	418	382
	419	383
	420	384
	421	385
	422	386
	423	387
	424	388
	425	389
	426	390
	427	391
	428	392
	429	393
	430	394
	431	395
	432	396
	433	397
	434	398
	435	399
	439	403
	440	404
	441	405
	442	406
	446	410
	447	411
	448	412
	449	413
	452	416
	456	419
	458	420
	459	421
	460	422
	461	423
	462	425
	463	430
	465	426
	466	427
	468	432
	471	435
	472	436
	474	438
	475	439
	477	441
	478	442
	480	444
	481	445
	483	447
	484	448
	486	450
	489	452
	492	455
	493	456
	495	458
	496	459
	498	461
	499	462
	501	464
	502	465
	504	467
	505	468
	507	470
	510	472
net/minecraft/client/resources/model/package-info	0	0
net/minecraft/client/animation/Keyframe	0	0
net/minecraft/client/resources/model/ModelResourceLocation	32	34
	32	34
	19	21
	23	25
	11	13
	27	29
	12	14
	15	17
net/minecraft/client/renderer/PanoramaRenderer	37	36
	32	31
	33	32
	34	33
	37	36
	10	12
	18	19
	19	20
	20	21
	23	24
	24	25
	25	26
	27	27
	29	28
	30	29
	31	30
net/minecraft/client/renderer/entity/FireworkEntityRenderer	42	48
	33	32
	35	43
	37	44
	38	45
	42	48
	17	19
	18	20
	19	21
	23	24
	25	25
	27	26
	28	27
	29	28
	30	29
com/mojang/blaze3d/platform/InputConstants	505	485
	33	227
	34	228
	36	229
	37	230
	40	233
	41	234
	42	235
	43	236
	44	237
	45	238
	48	241
	49	242
	190	243
	193	311
	194	312
	195	313
	197	316
	198	317
	200	319
	201	320
	202	321
	204	325
	207	334
	208	335
	209	336
	214	356
	216	357
	217	358
	218	359
	219	360
	220	361
	221	362
	222	363
	223	364
	225	365
	226	366
	227	367
	228	368
	229	369
	230	370
	231	371
	232	372
	233	373
	234	374
	236	375
	237	376
	238	377
	239	378
	240	379
	241	380
	242	381
	243	382
	244	383
	245	384
	246	385
	247	386
	248	387
	249	388
	250	389
	251	390
	252	391
	253	392
	254	393
	255	394
	256	395
	257	396
	258	397
	259	398
	260	399
	261	400
	263	401
	264	402
	265	403
	266	404
	267	405
	268	406
	269	407
	270	408
	271	409
	272	410
	273	411
	274	412
	275	413
	276	414
	277	415
	278	416
	279	417
	280	418
	281	419
	282	420
	283	421
	284	422
	285	423
	286	424
	287	425
	289	426
	290	427
	291	428
	292	429
	293	430
	294	431
	295	432
	296	433
	297	434
	298	435
	299	436
	300	437
	301	438
	302	439
	303	440
	304	441
	305	442
	306	443
	308	444
	309	445
	310	446
	311	447
	313	448
	314	449
	315	450
	316	451
	317	452
	318	453
	319	454
	320	455
	321	456
	322	457
	323	458
	324	459
	325	460
	327	461
	328	462
	329	463
	330	464
	331	465
	332	466
	333	467
	334	468
	336	469
	337	470
	339	471
	340	472
	341	473
	342	474
	343	475
	344	476
	345	477
	347	478
	348	479
	349	480
	351	481
	352	482
	353	483
	354	484
	355	485
	364	339
	365	340
	366	341
	369	344
	370	345
	371	346
	372	347
	375	350
	376	351
	387	252
	390	255
	391	256
	392	257
	394	258
	395	259
	396	260
	399	263
	403	267
	407	271
	411	275
	415	279
	416	280
	418	282
	419	282
	421	282
	426	288
	427	289
	429	290
	430	294
	432	291
	433	292
	438	300
	443	305
	448	162
	449	162
	451	162
	455	166
	456	167
	459	170
	460	171
	461	172
	462	173
	463	174
	464	175
	466	178
	469	182
	473	186
	477	190
	478	191
	479	192
	482	201
	483	202
	484	203
	485	204
	486	205
	489	208
	490	209
	491	210
	495	214
	496	215
	497	216
	502	221
	503	222
	505	224
net/minecraft/client/renderer/block/model/ItemModelGenerator	277	265
	257	211
	258	212
	259	213
	260	214
	262	216
	265	219
	269	223
	273	227
	18	19
	277	231
	24	24
	26	25
	27	27
	28	28
	29	29
	33	33
	34	34
	36	35
	37	36
	40	39
	42	40
	43	41
	44	42
	48	46
	49	47
	50	48
	52	49
	53	50
	55	51
	57	52
	61	56
	62	57
	63	58
	65	60
	66	61
	67	62
	68	63
	69	64
	70	65
	71	66
	72	67
	73	68
	74	69
	75	70
	77	71
	78	72
	79	73
	81	74
	82	75
	84	77
	85	79
	86	80
	87	82
	88	83
	89	84
	91	86
	92	87
	93	88
	94	90
	95	91
	96	92
	97	93
	99	95
	100	97
	101	98
	102	99
	103	101
	104	102
	106	104
	107	105
	108	106
	109	107
	110	108
	111	110
	115	113
	116	114
	117	115
	118	116
	120	117
	121	118
	123	119
	124	120
	125	121
	126	122
	128	123
	129	124
	131	125
	133	127
	134	128
	136	130
	137	131
	139	133
	140	134
	142	136
	147	140
	151	144
	152	145
	154	146
	155	147
	156	148
	157	149
	158	150
	160	151
	161	152
	162	153
	163	154
	166	157
	167	158
	171	164
	172	165
	173	166
	175	168
	178	171
	179	173
	180	174
	184	175
	186	176
	187	177
	188	178
	192	183
	193	184
	194	185
	195	186
	197	188
	199	190
	202	193
	203	193
	205	193
	210	237
	211	238
	212	239
	213	240
	220	247
	221	248
	222	249
	223	250
	226	253
	230	257
	234	261
	238	265
	250	204
	251	205
	252	206
	253	207
	254	208
net/minecraft/client/model/geom/LayerDefinitions	339	339
	113	115
	114	116
	115	117
	118	120
	120	121
	121	122
	122	123
	123	124
	124	125
	125	126
	126	127
	127	128
	128	129
	129	130
	130	131
	131	132
	132	133
	133	134
	134	135
	135	136
	136	137
	137	138
	138	139
	140	140
	141	141
	142	142
	143	143
	144	144
	145	145
	146	146
	147	147
	148	148
	149	149
	150	150
	151	151
	152	152
	153	153
	154	154
	155	155
	156	156
	157	157
	158	158
	159	159
	160	160
	161	161
	162	162
	163	163
	164	164
	165	165
	166	166
	167	167
	168	168
	169	169
	170	170
	171	171
	172	172
	173	173
	174	174
	175	175
	176	176
	177	177
	178	178
	179	179
	180	180
	181	181
	182	182
	183	183
	184	184
	185	185
	186	186
	187	187
	188	188
	189	189
	190	190
	191	191
	192	192
	193	193
	194	194
	195	195
	196	196
	197	197
	198	198
	199	199
	200	200
	201	201
	202	202
	203	203
	204	204
	205	205
	206	206
	207	207
	208	208
	209	209
	210	210
	211	211
	212	212
	213	213
	214	214
	215	215
	216	216
	217	217
	218	218
	219	219
	220	220
	221	221
	222	222
	223	223
	224	224
	225	225
	226	226
	227	227
	228	228
	229	229
	230	230
	231	231
	232	232
	233	233
	234	234
	235	235
	236	236
	237	237
	238	238
	239	239
	240	240
	241	241
	242	242
	243	243
	244	244
	245	245
	246	246
	247	247
	248	248
	249	249
	250	250
	251	251
	252	252
	253	253
	254	254
	255	255
	256	256
	257	257
	258	258
	259	259
	260	260
	261	261
	262	262
	263	263
	264	264
	265	265
	266	266
	267	267
	268	268
	269	269
	270	270
	271	271
	272	272
	273	273
	274	274
	275	275
	276	276
	277	277
	278	278
	279	279
	280	280
	281	281
	282	282
	283	283
	284	284
	285	285
	286	286
	287	287
	288	288
	289	289
	290	290
	291	291
	292	292
	293	293
	294	294
	295	295
	296	296
	297	297
	298	298
	299	299
	300	300
	301	301
	302	302
	303	303
	304	304
	305	305
	306	306
	307	307
	308	308
	309	309
	310	310
	311	311
	312	312
	314	313
	315	314
	316	315
	317	316
	318	318
	319	319
	320	320
	321	321
	323	323
	324	324
	328	328
	329	329
	331	330
	332	331
	334	332
	335	334
	336	336
	337	337
	339	339
com/mojang/realmsclient/exception/RealmsHttpException	6	10
	5	9
	6	10
net/minecraft/client/gui/screens/inventory/MinecartCommandBlockEditScreen	35	40
	16	19
	32	35
	33	36
	35	40
	21	24
	26	29
	11	14
	27	30
	12	15
	28	31
net/minecraft/client/gui/screens/inventory/BeaconScreen	317	323
	259	311
	264	316
	265	317
	266	318
	267	319
	269	321
	271	323
	278	293
	279	294
	280	295
	284	299
	285	300
	31	33
	32	34
	33	35
	34	36
	290	172
	35	37
	291	173
	36	38
	37	39
	38	40
	39	41
	295	177
	296	180
	297	181
	301	185
	302	186
	48	49
	50	50
	51	51
	307	156
	308	157
	53	52
	56	54
	312	161
	313	162
	60	57
	61	58
	317	166
	62	59
	64	61
	67	64
	68	65
	69	66
	73	70
	75	71
	76	72
	77	73
	79	75
	80	76
	81	77
	83	79
	84	80
	85	82
	86	84
	87	85
	90	89
	92	90
	93	91
	95	93
	96	94
	97	96
	98	98
	99	99
	103	102
	104	104
	105	106
	106	107
	107	108
	111	112
	112	113
	113	114
	116	117
	117	118
	118	119
	122	123
	123	124
	124	125
	128	129
	129	130
	130	131
	132	132
	133	133
	134	134
	135	135
	136	136
	137	137
	138	138
	139	139
	140	140
	144	144
	145	145
	146	146
	156	248
	157	249
	160	252
	161	253
	167	258
	168	259
	169	260
	170	261
	171	262
	172	263
	174	265
	177	268
	179	269
	180	270
	185	275
	189	279
	190	280
	194	284
	195	285
	205	197
	206	198
	207	199
	208	200
	209	201
	212	204
	213	205
	214	206
	215	207
	218	210
	223	215
	224	224
	227	216
	228	217
	230	219
	232	222
	233	224
	237	228
	238	229
	242	233
	243	234
	244	235
	248	239
	254	306
	255	307
net/minecraft/client/resources/LegacyStuffWrapper	17	19
	17	19
	14	16
	15	17
net/minecraft/client/resources/sounds/AbstractTickableSoundInstance	23	25
	16	19
	20	23
	22	24
	23	25
	11	14
	12	15
net/minecraft/client/model/SheepFurModel	59	50
	18	19
	19	20
	22	23
	23	24
	25	25
	26	26
	27	26
	28	26
	30	28
	31	30
	32	30
	33	31
	36	33
	37	33
	38	34
	39	35
	40	36
	41	37
	43	38
	48	42
	50	43
	51	44
	52	45
	56	48
	58	49
	59	50
net/minecraft/client/gui/screens/AccessibilityOnboardingScreen	134	129
	128	124
	130	125
	131	126
	134	129
	24	24
	25	25
	44	39
	45	40
	46	41
	47	42
	48	43
	49	44
	53	48
	54	49
	56	50
	58	51
	59	52
	60	53
	61	54
	63	57
	64	60
	66	63
	68	64
	69	65
	70	66
	74	70
	75	71
	77	74
	78	75
	82	79
	83	80
	85	82
	87	84
	90	87
	95	92
	96	93
	99	96
	100	97
	103	100
	104	101
	106	104
	107	105
	108	106
	112	110
	114	111
	116	112
	117	113
	121	117
	122	118
	125	121
	126	122
	127	123
net/minecraft/client/multiplayer/RegistryDataCollector	73	70
	33	36
	34	37
	66	51
	37	40
	69	54
	38	41
	70	55
	73	58
	45	66
	46	67
	49	70
	56	44
	25	28
	57	46
	26	29
	58	47
	59	48
	29	32
	61	49
	30	33
	62	49
	63	49
com/mojang/realmsclient/util/task/RealmCreationTask	41	42
	32	33
	33	34
	34	35
	35	36
	37	38
	41	42
	10	13
	12	14
	19	20
	20	21
	21	22
	22	23
	26	27
	29	30
	30	31
	31	32
net/minecraft/client/animation/KeyframeAnimations	65	55
	32	29
	33	30
	65	55
	35	32
	38	35
	39	36
	40	37
	42	39
	45	42
	14	16
	46	43
	16	18
	17	19
	18	20
	50	47
	20	21
	21	22
	54	51
	24	23
	25	24
	27	25
	28	26
	30	27
net/minecraft/client/renderer/entity/layers/SaddleLayer	36	36
	32	31
	33	32
	34	33
	35	34
	20	22
	36	36
	21	23
	22	24
	23	25
	27	29
	28	36
	31	30
net/minecraft/client/telemetry/package-info	0	0
com/mojang/blaze3d/package-info	0	0
com/mojang/realmsclient/util/task/SwitchMinigameTask	56	60
	32	34
	35	37
	36	38
	39	41
	40	42
	41	43
	43	46
	12	15
	44	47
	45	48
	14	16
	46	49
	48	52
	49	53
	52	56
	21	22
	22	23
	23	24
	24	25
	56	60
	28	29
	29	31
	31	33
net/minecraft/client/model/SlimeModel	66	44
	66	44
	16	18
	17	19
	20	22
	21	23
	23	24
	24	24
	25	24
	29	25
	33	29
	34	30
	36	31
	37	31
	38	31
	41	32
	42	32
	43	32
	46	33
	47	33
	48	33
	51	34
	52	34
	53	34
	57	35
	62	40
net/minecraft/client/model/CowModel	48	48
	32	36
	33	36
	34	37
	37	39
	38	39
	39	40
	40	41
	41	42
	42	43
	44	44
	15	16
	16	17
	48	48
	19	20
	20	21
	22	22
	23	23
	24	25
	25	26
	26	28
	27	30
	28	32
	30	34
	31	36
net/minecraft/client/renderer/entity/ChickenRenderer	26	26
	18	20
	23	24
	24	25
	10	13
	26	26
	13	16
	14	17
net/minecraft/client/renderer/texture/atlas/SpriteSourceType	0	0
com/mojang/realmsclient/dto/RealmsNotification	194	202
	139	111
	140	112
	141	113
	142	114
	143	115
	144	116
	147	119
	148	120
	149	121
	150	122
	151	123
	27	28
	156	128
	157	129
	158	130
	159	131
	161	134
	162	135
	163	136
	36	35
	164	137
	165	138
	166	139
	167	140
	168	141
	169	142
	170	143
	44	42
	172	145
	45	43
	46	44
	174	147
	47	45
	175	148
	48	46
	176	149
	178	152
	51	49
	179	153
	180	154
	181	155
	182	156
	55	53
	183	157
	59	57
	63	61
	192	167
	65	64
	193	168
	66	64
	194	169
	67	65
	69	67
	70	68
	72	71
	76	75
	77	76
	78	77
	80	80
	81	81
	82	82
	84	83
	85	85
	86	86
	87	87
	88	88
	102	183
	103	184
	104	185
	105	186
	106	187
	109	190
	110	191
	111	192
	112	193
	116	197
	120	201
	121	202
net/minecraft/client/particle/SpellParticle	125	125
	65	63
	66	64
	67	65
	74	105
	75	106
	12	15
	79	109
	18	20
	19	21
	20	22
	21	23
	22	24
	23	25
	87	89
	24	26
	88	90
	25	27
	26	28
	92	93
	29	31
	94	94
	31	32
	95	95
	96	96
	33	33
	34	34
	36	35
	37	36
	39	38
	104	118
	105	119
	43	42
	109	122
	110	123
	111	124
	48	47
	112	125
	49	48
	51	49
	52	50
	54	52
	56	54
	120	76
	121	77
	60	58
	61	59
	125	80
	62	60
net/minecraft/client/renderer/entity/layers/WitherArmorLayer	34	36
	18	20
	34	36
	19	21
	20	22
	24	26
	13	16
	29	31
net/minecraft/client/gui/components/LockIconButton	56	64
	32	40
	33	41
	34	42
	35	43
	37	45
	40	48
	41	49
	44	53
	13	16
	45	54
	14	17
	46	55
	47	56
	48	57
	49	58
	18	24
	22	30
	55	63
	56	64
	26	34
	27	35
net/minecraft/client/renderer/entity/PigRenderer	20	23
	16	20
	20	23
	10	13
	13	16
	15	17
net/minecraft/client/gui/screens/recipebook/AbstractFurnaceRecipeBookComponent	71	70
	65	64
	66	65
	67	66
	68	67
	71	70
	19	21
	20	21
	21	22
	22	23
	23	24
	31	31
	32	32
	36	36
	38	37
	39	38
	41	40
	45	44
	46	45
	47	46
	49	47
	51	48
	52	49
	53	50
	54	51
	56	54
	59	57
	60	59
	61	60
	62	61
net/minecraft/client/model/geom/EntityModelSet	25	26
	16	17
	17	18
	19	20
	24	25
	25	26
	12	13
	15	16
com/mojang/blaze3d/shaders/FogShape	14	18
	4	8
	5	9
	10	14
	11	15
	14	18
net/minecraft/client/multiplayer/PlayerInfo	118	114
	66	62
	70	66
	74	70
	75	71
	76	72
	79	75
	80	76
	81	77
	84	80
	88	84
	92	88
	93	89
	32	34
	96	92
	33	35
	35	36
	36	37
	100	96
	37	38
	101	97
	40	41
	104	100
	41	42
	42	43
	45	44
	109	105
	46	45
	47	46
	48	47
	49	48
	113	109
	50	48
	114	110
	52	48
	118	114
	57	53
	62	58
com/mojang/blaze3d/vertex/package-info	0	0
net/minecraft/client/resources/sounds/SnifferSoundInstance	42	39
	32	37
	33	39
	36	31
	37	32
	38	33
	40	34
	41	35
	42	39
	15	16
	17	17
	19	18
	20	19
	21	20
	22	21
	26	25
	31	30
net/minecraft/client/gui/components/events/AbstractContainerEventHandler	42	40
	19	15
	35	31
	36	32
	38	35
	39	36
	24	20
	25	21
	41	39
	42	40
	30	26
com/mojang/realmsclient/gui/screens/RealmsSlotOptionsScreen	273	329
	259	321
	260	329
	264	255
	265	256
	267	257
	268	279
	270	260
	271	261
	273	297
	26	26
	34	28
	40	29
	41	30
	69	53
	70	54
	71	55
	72	56
	74	57
	75	58
	77	59
	78	60
	80	61
	81	62
	82	63
	83	64
	85	65
	86	66
	87	67
	88	68
	90	70
	91	71
	92	72
	94	73
	95	74
	96	75
	97	76
	99	78
	103	82
	104	83
	108	87
	109	88
	110	89
	115	94
	116	95
	121	100
	122	101
	123	102
	125	103
	127	105
	128	106
	129	107
	130	108
	132	110
	134	113
	137	116
	138	119
	139	120
	140	121
	142	124
	144	126
	145	128
	146	129
	147	130
	150	132
	151	141
	152	151
	154	153
	155	155
	156	156
	157	157
	158	158
	160	159
	161	160
	162	161
	163	162
	165	164
	167	166
	168	167
	169	178
	170	189
	171	195
	173	198
	174	199
	175	200
	176	201
	177	202
	178	203
	179	204
	180	205
	183	208
	184	209
	187	213
	188	217
	189	218
	192	221
	193	222
	195	223
	198	225
	199	225
	201	226
	202	227
	203	228
	207	230
	212	235
	217	240
	219	241
	220	242
	222	243
	223	244
	226	247
	227	248
	229	250
	231	252
	238	305
	240	306
	241	307
	243	308
	245	309
	246	310
	250	314
	251	317
	254	315
	255	317
net/minecraft/client/model/EvokerFangsModel	64	61
	64	61
	23	25
	24	26
	25	27
	26	28
	27	29
	30	32
	31	33
	33	34
	34	35
	35	35
	36	35
	38	37
	39	37
	40	38
	41	39
	43	40
	48	45
	49	46
	50	47
	52	50
	53	51
	54	52
	56	53
	57	54
	58	55
	59	56
	60	57
net/minecraft/client/gui/components/toasts/RecipeToast	66	64
	64	62
	66	64
	13	15
	15	17
	16	18
	23	24
	24	25
	28	29
	29	30
	30	31
	33	34
	34	35
	37	38
	39	39
	40	40
	42	41
	43	43
	45	44
	46	45
	47	46
	48	47
	50	48
	51	49
	55	53
	56	54
	57	55
	60	58
	61	59
	62	60
net/minecraft/client/gui/screens/inventory/tooltip/ClientActivePlayersTooltip	48	50
	32	33
	33	34
	34	35
	37	39
	42	44
	43	45
	44	46
	45	47
	46	48
	48	50
	20	20
	21	21
	25	25
	30	30
	31	32
com/mojang/blaze3d/shaders/Effect	0	0
net/minecraft/client/renderer/entity/layers/HumanoidArmorLayer	136	128
	128	120
	129	121
	132	124
	136	128
	33	35
	39	41
	40	42
	41	43
	42	44
	43	45
	47	48
	48	49
	49	50
	50	51
	51	52
	54	55
	55	56
	56	79
	59	57
	60	79
	63	58
	65	59
	67	60
	69	61
	70	62
	71	64
	72	65
	73	66
	76	69
	77	70
	78	71
	81	74
	82	75
	84	79
	87	82
	90	83
	92	85
	93	86
	95	87
	97	89
	98	90
	99	91
	101	92
	103	94
	104	95
	105	96
	107	97
	109	99
	110	100
	114	102
	117	105
	118	106
	119	107
	122	112
	123	113
	124	116
	125	117
net/minecraft/client/renderer/entity/layers/WolfArmorLayer	82	82
	65	65
	66	66
	67	67
	69	70
	71	73
	74	76
	75	77
	76	82
	78	78
	80	79
	81	80
	82	82
	26	29
	27	31
	28	33
	29	35
	33	39
	34	40
	35	41
	39	44
	40	56
	42	45
	43	46
	44	56
	47	47
	48	48
	49	49
	51	50
	52	51
	54	52
	56	53
	57	56
	60	59
	61	60
	62	61
	63	62
net/minecraft/client/renderer/entity/layers/VillagerProfessionLayer	94	90
	65	59
	66	60
	67	61
	68	62
	70	63
	71	64
	72	65
	73	66
	74	67
	75	70
	78	74
	81	77
	85	83
	88	84
	90	86
	91	87
	92	88
	30	31
	94	90
	31	33
	32	34
	33	35
	34	36
	35	37
	36	38
	45	46
	46	47
	47	48
	48	49
	52	52
	53	74
	56	53
	57	54
	58	55
	60	56
	61	57
	63	58
net/minecraft/client/renderer/texture/AbstractTexture	81	78
	66	65
	67	66
	68	66
	69	66
	71	68
	73	70
	76	73
	77	74
	15	16
	81	78
	20	21
	21	22
	22	23
	26	26
	27	27
	28	28
	30	30
	31	31
	33	34
	34	35
	35	36
	36	37
	39	40
	40	41
	41	42
	44	45
	48	49
	49	50
	50	51
	51	52
	52	53
	54	55
	56	56
	57	57
	58	58
	61	60
net/minecraft/client/particle/LargeSmokeParticle	20	23
	16	20
	20	23
	8	11
	9	12
	15	19
net/minecraft/client/model/ZombieVillagerModel	118	93
	18	19
	20	20
	23	23
	24	24
	26	25
	28	27
	29	27
	32	30
	33	31
	34	31
	37	33
	38	34
	39	34
	40	34
	42	36
	43	38
	44	39
	45	41
	48	45
	49	46
	50	46
	51	46
	53	48
	54	49
	55	49
	56	49
	58	51
	59	52
	60	52
	61	52
	63	54
	64	55
	65	55
	66	55
	69	57
	73	61
	74	62
	76	63
	77	64
	78	64
	81	66
	82	67
	83	67
	86	69
	87	71
	88	71
	89	72
	91	74
	92	76
	93	76
	94	77
	98	79
	99	79
	103	80
	108	84
	110	85
	111	86
	115	90
	116	91
	117	92
	118	93
net/minecraft/client/renderer/VirtualScreen	27	29
	16	18
	17	19
	18	20
	21	23
	26	28
	27	29
net/minecraft/client/gui/font/GlyphRenderTypes	32	25
	16	13
	32	25
	21	18
	22	18
	23	18
	24	18
	13	12
	29	22
	14	13
	30	23
	15	13
	31	24
net/minecraft/client/multiplayer/ServerStatusPinger	219	198
	41	44
	42	45
	44	46
	47	49
	48	50
	49	50
	50	50
	51	51
	52	52
	53	136
	56	54
	57	55
	59	56
	61	57
	62	58
	64	59
	71	65
	72	66
	73	107
	75	68
	76	69
	77	70
	79	71
	80	72
	81	73
	82	74
	83	75
	84	76
	85	77
	87	78
	88	79
	89	80
	91	81
	92	82
	93	84
	94	85
	96	88
	97	89
	99	92
	101	94
	103	96
	104	96
	105	96
	107	97
	108	98
	109	99
	110	100
	112	102
	114	103
	115	104
	116	105
	117	107
	121	110
	122	111
	123	112
	125	113
	127	114
	128	115
	132	118
	133	119
	134	120
	136	122
	140	125
	145	130
	146	131
	147	132
	148	133
	150	136
	153	139
	154	140
	155	141
	156	142
	159	145
	160	145
	161	145
	166	149
	167	150
	170	153
	172	154
	173	155
	174	156
	175	157
	176	158
	177	159
	179	160
	181	161
	182	161
	183	162
	186	165
	187	166
	188	167
	192	171
	193	172
	194	174
	195	175
	197	176
	198	177
	200	179
	201	180
	205	184
	208	187
	209	188
	210	190
	211	191
	213	192
	214	193
	215	194
	219	198
net/minecraft/client/model/IllagerModel	214	184
	28	30
	29	31
	30	32
	31	33
	32	34
	33	35
	34	36
	35	37
	36	38
	37	39
	40	42
	41	43
	43	44
	44	45
	45	45
	46	45
	48	47
	49	48
	50	48
	54	50
	55	51
	56	51
	57	51
	59	53
	60	55
	61	56
	62	58
	63	60
	65	62
	66	64
	67	64
	68	64
	69	65
	71	67
	72	68
	73	68
	76	70
	77	71
	78	71
	79	71
	81	73
	82	74
	83	74
	84	74
	86	76
	87	77
	88	77
	89	77
	91	79
	92	80
	93	80
	94	80
	97	82
	102	87
	107	91
	108	92
	110	93
	111	94
	112	95
	113	96
	115	97
	116	98
	117	99
	119	100
	120	101
	121	102
	123	103
	124	104
	125	105
	127	107
	128	108
	129	109
	131	110
	132	111
	133	112
	135	113
	136	114
	137	115
	139	116
	140	117
	141	118
	144	121
	146	122
	147	123
	148	124
	150	126
	152	128
	153	129
	154	130
	155	131
	156	132
	157	133
	158	134
	159	135
	160	136
	162	137
	163	138
	164	139
	165	140
	166	141
	167	142
	168	143
	169	144
	170	145
	171	146
	172	147
	173	148
	174	149
	175	150
	176	151
	177	152
	178	153
	179	154
	181	155
	182	156
	183	157
	184	158
	185	159
	188	162
	189	163
	190	164
	191	165
	192	166
	195	169
	196	169
	198	169
	203	173
	208	178
	213	183
	214	184
net/minecraft/client/gui/navigation/CommonInputs	7	9
	7	9
net/minecraft/client/gui/screens/reporting/ChatReportScreen	86	86
	65	71
	68	74
	69	75
	70	76
	72	78
	74	81
	75	82
	16	18
	17	19
	83	86
	84	86
	86	86
	24	25
	25	26
	28	29
	29	30
	32	33
	33	34
	37	39
	38	41
	39	42
	40	43
	41	44
	42	46
	44	49
	45	50
	46	51
	47	52
	48	53
	49	55
	50	57
	52	58
	53	59
	54	60
	55	61
	56	62
	57	63
	61	67
	62	68
	63	69
com/mojang/realmsclient/dto/RealmsWorldOptions	173	174
	128	129
	129	130
	132	133
	133	134
	136	137
	137	138
	140	141
	141	142
	144	145
	145	146
	148	149
	149	150
	152	153
	153	154
	156	157
	157	158
	160	161
	161	162
	164	165
	165	166
	168	169
	173	174
	46	41
	48	43
	51	59
	52	60
	53	61
	54	62
	55	63
	56	64
	57	65
	58	66
	59	67
	60	68
	61	69
	62	70
	63	71
	66	74
	70	78
	71	79
	72	80
	76	84
	77	85
	80	89
	81	89
	82	90
	83	91
	84	92
	85	93
	86	94
	87	95
	88	96
	89	97
	90	98
	91	99
	92	100
	95	102
	96	103
	98	104
	102	108
	103	109
	104	109
	107	109
	109	111
	114	116
	118	120
	120	121
	121	122
	124	125
	125	126
net/minecraft/client/player/KeyboardInput	38	37
	32	33
	35	34
	36	35
	38	37
	9	12
	10	13
	13	16
	14	17
	17	19
	22	25
	23	26
	24	27
	25	28
	27	29
	28	30
	30	31
	31	32
net/minecraft/client/gui/screens/inventory/BlastFurnaceScreen	16	19
	16	19
	10	13
	11	14
	12	15
	15	18
net/minecraft/client/particle/BubbleParticle	60	57
	10	13
	11	14
	13	15
	15	16
	16	17
	17	18
	19	19
	20	20
	24	24
	25	25
	26	26
	28	27
	29	28
	30	39
	33	30
	34	31
	35	32
	36	33
	37	34
	39	35
	40	36
	42	39
	46	43
	53	51
	54	52
	58	55
	59	56
	60	57
com/mojang/realmsclient/dto/ReflectionBasedSerialization	0	0
net/minecraft/client/gui/screens/inventory/BookViewScreen	277	265
	256	223
	259	226
	260	227
	262	228
	263	242
	265	229
	267	230
	268	231
	269	232
	270	233
	271	234
	274	236
	277	239
	34	249
	38	253
	39	253
	41	253
	46	258
	47	259
	48	260
	49	261
	51	264
	52	265
	53	265
	55	265
	59	32
	61	33
	81	48
	82	49
	85	52
	86	40
	89	56
	90	57
	91	58
	92	59
	95	62
	96	63
	97	64
	98	65
	99	66
	102	69
	103	70
	104	71
	105	72
	106	73
	107	74
	109	76
	113	81
	118	86
	119	87
	120	88
	123	91
	124	92
	127	95
	128	96
	130	97
	131	98
	133	99
	134	100
	137	103
	141	107
	142	108
	144	111
	145	112
	148	115
	149	116
	151	119
	152	120
	155	123
	156	124
	157	125
	161	129
	162	130
	165	133
	167	135
	168	136
	170	138
	171	139
	173	141
	179	147
	181	148
	182	149
	184	150
	185	151
	186	152
	187	153
	189	156
	191	157
	192	158
	194	159
	195	161
	196	162
	197	163
	200	166
	201	167
	202	168
	204	170
	208	174
	209	175
	210	176
	214	180
	215	181
	216	182
	217	183
	221	187
	226	192
	227	193
	228	194
	231	197
	232	198
	234	201
	235	202
	236	203
	239	204
	242	207
	243	208
	244	209
	246	212
	250	217
	251	218
	255	222
com/mojang/blaze3d/preprocessor/package-info	0	0
net/minecraft/client/particle/SingleQuadParticle	90	89
	65	50
	66	51
	67	52
	68	53
	70	54
	72	55
	73	56
	74	57
	75	58
	76	59
	79	64
	80	65
	16	88
	81	66
	84	69
	20	89
	89	74
	90	75
	28	18
	30	19
	33	22
	35	23
	38	26
	43	31
	44	32
	45	33
	46	34
	49	37
	50	38
	53	41
	55	42
	56	43
	57	44
	59	45
	60	46
	63	49
net/minecraft/client/GuiMessage	15	14
	15	14
net/minecraft/client/quickplay/package-info	0	0
net/minecraft/client/gui/narration/ScreenNarrationCollector	85	92
	66	51
	67	52
	68	53
	72	58
	73	59
	11	14
	77	63
	78	64
	79	65
	80	66
	81	67
	17	80
	18	81
	84	70
	85	71
	22	86
	23	88
	27	92
	32	18
	34	19
	35	20
	38	23
	39	24
	44	28
	45	29
	47	32
	48	33
	49	34
	52	36
	53	37
	54	38
	55	39
	57	41
	58	42
net/minecraft/client/gui/components/SubtitleOverlay	206	186
	32	32
	33	33
	36	36
	37	37
	38	38
	39	39
	40	40
	41	41
	42	42
	45	45
	46	112
	49	46
	50	47
	51	48
	52	49
	54	50
	55	52
	56	53
	57	54
	61	58
	62	112
	65	59
	66	60
	68	61
	70	62
	71	65
	72	66
	73	67
	74	68
	76	70
	80	74
	82	76
	83	77
	84	78
	86	79
	88	80
	92	81
	93	82
	94	83
	95	84
	97	85
	98	86
	99	87
	100	88
	101	89
	102	90
	103	91
	105	92
	106	93
	107	94
	109	95
	111	96
	112	97
	113	98
	114	99
	115	100
	116	101
	120	105
	122	106
	123	107
	125	112
	129	116
	130	129
	132	117
	133	118
	134	119
	135	120
	136	121
	137	122
	142	127
	143	129
	153	142
	154	143
	155	144
	156	145
	159	148
	164	153
	165	154
	168	156
	169	157
	172	158
	173	158
	174	158
	178	163
	179	164
	180	165
	183	168
	184	169
	187	172
	188	173
	191	176
	193	177
	194	177
	197	177
	201	181
	202	182
	203	183
	206	186
net/minecraft/client/renderer/BiomeColors	26	29
	18	21
	22	25
	10	13
	26	29
	11	14
	14	17
net/minecraft/client/gui/screens/inventory/CrafterScreen	115	120
	16	20
	17	21
	18	22
	19	23
	20	24
	25	28
	26	29
	27	30
	31	34
	32	35
	33	36
	37	40
	38	41
	40	43
	41	44
	42	45
	43	46
	47	50
	48	51
	49	52
	55	57
	56	58
	59	61
	60	62
	63	65
	64	66
	67	69
	68	70
	69	71
	70	72
	71	73
	75	77
	76	78
	78	80
	80	82
	83	85
	84	86
	88	90
	89	91
	90	92
	92	93
	93	95
	94	98
	96	100
	99	103
	100	104
	102	106
	103	107
	105	109
	107	112
	108	113
	112	117
	113	118
	114	119
	115	120
net/minecraft/client/renderer/entity/FallingBlockRenderer	54	58
	33	32
	34	33
	35	55
	38	34
	41	35
	43	36
	45	37
	47	51
	49	52
	50	55
	21	24
	22	25
	54	58
	23	26
	24	27
	28	30
	29	31
	30	55
net/minecraft/client/NarratorStatus	42	43
	34	35
	38	39
	9	12
	10	13
	42	43
	11	14
	12	15
	15	17
	21	22
	22	23
	23	24
	26	27
	30	31
net/minecraft/client/renderer/entity/player/package-info	0	0
net/minecraft/client/model/dragon/package-info	0	0
net/minecraft/client/gui/screens/inventory/tooltip/MenuTooltipPositioner	45	44
	32	32
	33	33
	35	34
	38	36
	40	39
	44	43
	45	44
	16	19
	17	20
	21	24
	23	25
	24	26
	27	29
	29	30
	31	31
net/minecraft/client/model/PufferfishBigModel	107	97
	19	21
	20	22
	21	23
	22	24
	25	27
	26	28
	28	29
	29	30
	30	31
	31	31
	32	31
	34	33
	35	34
	36	34
	37	34
	39	36
	40	37
	41	37
	42	37
	44	39
	45	41
	46	41
	47	42
	49	44
	50	45
	51	45
	52	45
	54	47
	55	49
	56	49
	57	50
	59	52
	60	54
	61	54
	62	55
	64	57
	65	59
	66	59
	67	60
	69	62
	70	64
	71	64
	72	65
	74	67
	75	68
	76	68
	77	68
	79	70
	80	72
	81	72
	82	73
	84	75
	85	77
	86	77
	87	78
	89	80
	90	82
	91	82
	92	83
	95	85
	100	90
	105	95
	106	96
	107	97
net/minecraft/client/model/geom/builders/MeshDefinition	10	13
	7	10
	10	13
net/minecraft/client/gui/ComponentPath	49	53
	36	46
	37	47
	39	49
	41	52
	10	12
	42	53
	15	17
	16	17
	48	38
	49	39
	18	17
	22	21
	23	23
	24	24
	26	27
com/mojang/realmsclient/gui/package-info	0	0
net/minecraft/client/searchtree/ResourceLocationSearchTree	49	52
	32	35
	33	36
	34	37
	35	38
	36	39
	38	42
	39	43
	41	44
	12	14
	44	47
	15	17
	49	52
	20	22
	26	28
	27	29
	30	32
	31	33
com/mojang/realmsclient/gui/screens/RealmsBrokenWorldScreen	241	261
	34	35
	35	36
	57	50
	58	51
	59	52
	60	53
	64	57
	66	58
	68	59
	69	60
	71	62
	73	64
	77	68
	81	72
	82	73
	83	74
	86	76
	87	78
	88	79
	89	82
	90	84
	92	87
	93	89
	94	90
	95	90
	98	92
	101	97
	102	98
	103	99
	106	102
	108	104
	112	108
	113	109
	117	113
	119	114
	121	116
	122	117
	125	120
	126	153
	129	121
	130	122
	131	123
	133	137
	136	153
	139	156
	144	161
	146	164
	148	165
	149	166
	150	167
	151	168
	153	170
	154	171
	158	176
	160	177
	161	179
	164	182
	165	183
	166	184
	167	185
	168	186
	171	191
	172	192
	175	195
	178	198
	179	200
	180	201
	181	202
	183	203
	184	204
	186	206
	188	208
	189	210
	190	211
	191	212
	192	213
	194	215
	198	219
	199	220
	202	223
	208	230
	209	231
	210	232
	211	233
	212	234
	213	235
	214	236
	215	237
	216	238
	217	239
	219	241
	222	244
	223	245
	224	246
	225	247
	226	248
	229	251
	231	252
	232	253
	234	255
	237	258
	239	259
	240	260
	241	261
net/minecraft/client/gui/screens/RecoverWorldDataScreen	177	163
	128	112
	129	113
	130	114
	131	115
	132	116
	133	117
	134	118
	136	120
	138	123
	144	129
	145	130
	147	132
	149	136
	150	137
	152	135
	157	143
	30	32
	158	144
	159	145
	34	34
	35	35
	163	149
	36	36
	164	150
	37	37
	165	151
	38	38
	166	152
	39	39
	167	153
	40	40
	41	41
	42	42
	171	157
	176	162
	177	163
	52	51
	53	52
	54	53
	55	56
	56	57
	57	58
	58	59
	59	60
	60	61
	61	62
	62	63
	63	64
	64	65
	66	66
	68	67
	69	68
	70	69
	72	70
	73	71
	74	71
	76	71
	78	71
	79	71
	81	72
	82	73
	84	73
	86	73
	87	73
	88	73
	90	76
	91	77
	92	77
	94	77
	96	77
	97	77
	100	78
	101	79
	105	82
	106	83
	107	84
	108	93
	109	98
	110	100
	112	85
	113	86
	114	87
	115	88
	117	90
	119	100
	122	103
	123	104
	125	107
	126	108
	127	109
net/minecraft/client/gui/screens/inventory/tooltip/package-info	0	0
net/minecraft/client/particle/GustSeedParticle	48	50
	32	35
	41	44
	42	45
	43	46
	44	47
	13	15
	14	16
	15	17
	16	18
	48	50
	17	19
	21	23
	22	24
	23	25
	24	26
	25	27
	26	28
	29	32
	30	33
net/minecraft/client/model/ChestedHorseModel	53	50
	32	29
	34	30
	35	31
	36	31
	37	32
	38	35
	40	38
	45	42
	46	43
	47	44
	48	45
	50	47
	19	20
	51	48
	53	50
	22	21
	25	24
	26	25
	28	26
	29	27
	30	27
	31	28
net/minecraft/client/gui/components/debugchart/BandwidthDebugChart	71	70
	33	34
	34	35
	67	66
	37	38
	38	39
	39	40
	71	70
	43	44
	47	48
	48	49
	50	51
	51	51
	21	22
	53	51
	22	23
	26	27
	58	57
	27	28
	28	29
	29	30
	30	31
	62	61
net/minecraft/client/renderer/entity/layers/CapeLayer	75	77
	64	63
	65	64
	66	65
	69	68
	70	69
	71	70
	72	71
	73	72
	74	73
	75	77
	21	24
	22	25
	26	39
	27	77
	30	40
	31	41
	32	77
	35	42
	36	43
	37	77
	40	44
	41	45
	43	46
	44	47
	45	48
	47	49
	49	50
	50	51
	52	52
	53	53
	54	54
	55	55
	56	56
	57	57
	58	58
	59	59
	62	62
net/minecraft/client/resources/sounds/TickableSoundInstance	0	0
net/minecraft/client/renderer/block/model/BlockFaceUV	94	94
	65	65
	69	69
	71	70
	72	73
	75	71
	80	79
	81	80
	19	21
	20	22
	84	83
	21	23
	85	84
	86	85
	25	26
	89	88
	26	27
	90	90
	91	91
	28	30
	29	31
	94	94
	34	35
	35	36
	37	39
	38	40
	42	44
	46	48
	50	52
	51	53
	53	55
	60	62
	62	63
	63	64
net/minecraft/client/gui/components/PlainTextButton	26	29
	16	19
	17	20
	18	21
	19	22
	20	23
	24	27
	25	28
	26	29
net/minecraft/client/model/geom/ModelLayerLocation	42	44
	35	38
	36	39
	37	39
	10	13
	42	44
	11	14
	12	15
	15	18
	19	22
	24	27
	25	28
	27	30
	28	32
	30	31
net/minecraft/client/renderer/ItemBlockRenderTypes	430	398
	22	22
	23	23
	24	24
	26	25
	27	26
	28	27
	29	28
	30	29
	31	30
	32	31
	34	32
	35	33
	36	34
	37	35
	38	36
	39	37
	40	38
	41	39
	42	40
	43	41
	44	42
	46	43
	47	44
	48	45
	49	46
	50	47
	51	48
	52	49
	53	50
	54	51
	55	52
	56	53
	57	54
	58	55
	59	56
	60	57
	61	58
	62	59
	63	60
	64	61
	65	62
	66	63
	67	64
	68	65
	69	66
	70	67
	71	68
	72	69
	73	70
	74	71
	75	72
	76	73
	77	74
	78	75
	79	76
	80	77
	81	78
	82	79
	83	80
	84	81
	85	82
	86	83
	87	84
	88	85
	89	86
	90	87
	91	88
	92	89
	93	90
	94	91
	95	92
	96	93
	97	94
	98	95
	99	96
	100	97
	101	98
	102	99
	103	100
	104	101
	105	102
	106	103
	107	104
	108	105
	109	106
	110	107
	111	108
	112	109
	113	110
	114	111
	115	112
	116	113
	117	114
	118	115
	119	116
	120	117
	121	118
	122	119
	123	120
	124	121
	125	122
	126	123
	127	124
	128	125
	129	126
	130	127
	131	128
	132	129
	133	130
	134	131
	135	132
	136	133
	137	134
	138	135
	139	136
	140	137
	141	138
	142	139
	143	140
	144	141
	145	142
	146	143
	147	144
	148	145
	149	146
	150	147
	151	148
	152	149
	153	150
	154	151
	155	152
	156	153
	157	154
	158	155
	159	156
	160	157
	161	158
	162	159
	163	160
	164	161
	165	162
	166	163
	167	164
	168	165
	169	166
	170	167
	171	168
	172	169
	173	170
	174	171
	175	172
	176	173
	177	174
	178	175
	179	176
	180	177
	181	178
	182	179
	183	180
	184	181
	185	182
	186	183
	187	184
	188	185
	189	186
	190	187
	191	188
	192	189
	193	190
	194	191
	195	192
	196	193
	197	194
	198	195
	199	196
	200	197
	201	198
	202	199
	203	200
	204	201
	205	202
	206	203
	207	204
	208	205
	209	206
	210	207
	211	208
	212	209
	213	210
	214	211
	215	212
	216	213
	217	214
	218	215
	219	216
	220	217
	221	218
	222	219
	223	220
	224	221
	225	222
	226	223
	227	224
	228	225
	229	226
	230	227
	231	228
	232	229
	233	230
	234	231
	235	232
	236	233
	237	234
	238	235
	239	236
	240	237
	241	238
	242	239
	243	240
	244	241
	245	242
	246	243
	247	244
	248	245
	249	246
	250	247
	251	248
	252	249
	253	250
	254	251
	255	252
	256	253
	257	254
	258	255
	259	256
	260	257
	261	258
	262	259
	263	260
	264	261
	265	262
	266	263
	267	264
	268	265
	269	266
	270	267
	271	268
	272	269
	273	270
	274	271
	275	272
	276	273
	277	274
	278	275
	279	276
	280	277
	281	278
	282	279
	283	280
	284	281
	285	282
	286	283
	287	284
	288	285
	289	286
	290	287
	291	288
	292	289
	293	290
	294	291
	295	292
	296	293
	297	294
	298	295
	300	296
	301	297
	302	298
	303	299
	304	300
	305	301
	306	302
	307	303
	308	304
	309	305
	310	306
	311	307
	312	308
	313	309
	314	310
	315	311
	316	312
	317	313
	318	314
	319	315
	320	316
	321	317
	322	318
	323	319
	324	320
	325	321
	326	322
	327	323
	328	324
	329	325
	330	326
	331	327
	332	328
	333	329
	334	330
	335	331
	336	332
	337	333
	338	334
	339	335
	363	336
	365	337
	366	338
	367	339
	368	340
	369	341
	374	345
	375	346
	376	347
	378	350
	379	351
	380	351
	382	351
	386	355
	387	356
	388	357
	390	359
	391	360
	392	361
	393	361
	395	361
	397	363
	401	369
	402	370
	403	371
	404	372
	406	374
	408	377
	412	382
	413	383
	414	384
	415	385
	417	387
	421	392
	422	393
	423	393
	425	393
	429	397
	430	398
net/minecraft/client/multiplayer/LegacyServerPinger	78	72
	64	59
	65	60
	66	61
	68	62
	72	66
	73	67
	77	71
	78	72
	15	17
	21	22
	22	23
	23	24
	27	28
	28	29
	30	32
	31	33
	35	34
	36	35
	37	36
	38	37
	39	38
	40	39
	41	40
	42	41
	43	42
	44	43
	46	44
	47	45
	48	46
	49	47
	51	49
	55	52
	57	53
	58	54
	59	55
	61	56
	62	57
	63	58
net/minecraft/client/resources/metadata/gui/package-info	0	0
net/minecraft/client/multiplayer/LevelLoadStatusManager	43	43
	33	33
	36	36
	40	40
	41	41
	43	43
	15	17
	16	18
	17	19
	18	20
	21	23
	25	25
	26	26
	28	27
	29	28
net/minecraft/client/gui/components/WidgetSprites	18	21
	16	19
	18	21
	7	10
	8	11
	11	14
	12	15
	15	18
net/minecraft/client/multiplayer/prediction/package-info	0	0
net/minecraft/client/gui/spectator/categories/TeleportToTeamMenuCategory	130	133
	64	68
	130	133
	68	72
	77	82
	78	83
	79	84
	80	85
	83	88
	84	90
	85	91
	88	92
	89	93
	26	28
	27	29
	28	30
	93	97
	94	98
	33	34
	97	101
	34	35
	98	102
	35	36
	99	103
	38	41
	104	108
	105	109
	43	47
	109	113
	48	52
	114	118
	116	119
	53	57
	117	120
	54	58
	118	121
	119	122
	120	123
	58	62
	123	126
	124	127
	125	128
	126	129
	63	67
com/mojang/realmsclient/dto/WorldTemplatePaginatedList	65	60
	65	60
	43	35
	47	39
	16	18
	48	40
	50	43
	19	25
	51	44
	52	45
	53	46
	22	28
	54	48
	23	29
	55	49
	24	30
	25	31
	26	32
	59	53
	60	54
	61	55
	62	56
	63	57
net/minecraft/client/renderer/block/model/ItemTransforms	96	112
	25	27
	26	36
	29	39
	30	40
	31	41
	32	42
	33	43
	34	44
	35	45
	36	46
	37	47
	40	59
	41	60
	42	61
	43	62
	44	63
	45	64
	46	65
	47	66
	48	67
	51	70
	52	71
	53	72
	54	73
	55	74
	56	75
	57	76
	58	77
	59	78
	60	79
	65	84
	71	90
	73	91
	74	92
	75	93
	76	94
	78	97
	79	98
	80	99
	81	100
	83	103
	84	104
	85	105
	86	106
	88	107
	92	111
	93	112
	94	112
	96	112
net/minecraft/client/CommandHistory	57	58
	33	33
	36	36
	37	37
	38	38
	40	41
	41	42
	43	44
	46	47
	47	48
	16	18
	48	49
	49	50
	51	52
	52	53
	54	55
	25	25
	57	58
	26	26
	27	27
	28	28
	29	29
	30	30
net/minecraft/client/sounds/SoundEventListener	0	0
net/minecraft/client/quickplay/QuickPlayLog	118	122
	64	56
	66	60
	67	61
	68	62
	72	65
	73	66
	74	68
	75	69
	77	71
	78	72
	79	73
	80	74
	82	76
	83	77
	84	82
	87	110
	88	111
	25	27
	89	112
	91	114
	28	30
	32	34
	96	118
	97	119
	35	36
	36	37
	101	122
	106	99
	107	100
	44	43
	108	101
	45	44
	109	102
	110	104
	48	47
	49	47
	114	87
	51	47
	115	88
	116	89
	117	90
	118	92
	55	51
	56	52
	59	55
	60	80
	61	82
net/minecraft/client/particle/WaterDropParticle	73	71
	66	65
	67	66
	71	69
	72	70
	73	71
	10	13
	11	14
	12	15
	13	16
	15	17
	16	18
	18	19
	19	20
	23	24
	28	29
	29	30
	30	31
	32	32
	33	33
	34	58
	37	35
	38	36
	39	37
	40	38
	41	39
	43	40
	44	41
	45	42
	47	45
	48	46
	51	49
	52	50
	53	51
	54	52
	57	54
	58	55
	60	58
net/minecraft/client/gui/components/ImageButton	28	31
	16	19
	17	20
	18	21
	21	24
	22	25
	26	29
	27	30
	12	15
	28	31
	13	16
net/minecraft/client/renderer/block/model/BlockModel	421	417
	257	258
	262	263
	263	263
	264	264
	265	265
	266	266
	268	263
	270	270
	274	274
	278	278
	282	282
	283	283
	284	284
	285	285
	286	286
	287	287
	288	288
	289	289
	290	290
	294	294
	295	295
	297	296
	303	307
	49	51
	305	308
	306	309
	308	310
	309	311
	54	55
	55	55
	311	312
	56	56
	312	313
	57	57
	313	314
	58	58
	314	315
	59	59
	60	60
	61	61
	317	318
	62	62
	319	319
	320	320
	321	321
	324	324
	325	325
	329	329
	330	330
	331	331
	332	331
	333	332
	336	336
	340	340
	86	82
	342	341
	344	342
	345	343
	90	86
	346	345
	347	346
	94	98
	95	99
	351	350
	96	100
	97	101
	98	102
	99	103
	355	354
	100	104
	356	355
	101	105
	358	357
	359	358
	104	108
	360	359
	105	108
	362	361
	108	108
	367	367
	112	112
	113	113
	115	115
	116	115
	372	372
	373	372
	118	115
	375	372
	122	120
	123	121
	379	376
	125	123
	381	377
	126	123
	382	378
	383	379
	128	123
	386	383
	132	128
	136	132
	392	416
	393	417
	140	136
	141	136
	398	301
	143	136
	402	389
	403	390
	148	141
	149	143
	150	144
	408	395
	153	147
	409	396
	154	148
	156	151
	412	399
	413	400
	414	401
	161	156
	417	405
	163	158
	165	158
	421	409
	166	159
	167	160
	169	161
	170	162
	173	165
	174	166
	175	172
	178	175
	179	176
	180	177
	183	180
	184	184
	186	181
	189	158
	192	187
	193	188
	194	189
	195	192
	197	190
	198	192
	199	193
	203	197
	207	201
	209	202
	210	203
	213	206
	215	208
	216	209
	217	210
	218	211
	220	212
	221	213
	223	215
	228	223
	232	229
	236	235
	240	239
	241	240
	244	243
	246	246
	247	247
	248	248
	249	249
	252	252
	253	253
	254	254
	255	255
net/minecraft/client/gui/screens/inventory/JigsawBlockEditScreen	261	245
	256	241
	258	242
	259	243
	261	245
	24	26
	25	27
	26	28
	27	29
	28	30
	29	31
	30	32
	31	33
	32	34
	53	50
	54	51
	55	52
	58	55
	59	56
	60	57
	63	60
	64	61
	67	66
	68	68
	69	69
	70	70
	71	71
	72	72
	74	74
	75	75
	77	78
	81	82
	82	83
	83	84
	88	89
	89	89
	93	90
	97	94
	98	95
	102	99
	103	100
	104	101
	105	102
	106	103
	108	104
	109	105
	110	106
	111	107
	112	108
	114	109
	115	110
	116	111
	117	112
	118	113
	120	114
	121	115
	122	116
	123	117
	125	118
	126	119
	127	120
	128	121
	129	122
	131	123
	132	124
	133	125
	134	126
	135	127
	137	128
	138	129
	139	132
	140	133
	141	134
	143	136
	144	137
	145	138
	147	139
	149	141
	150	142
	154	146
	155	147
	159	151
	160	152
	163	156
	165	158
	167	159
	168	160
	169	161
	171	163
	172	165
	173	166
	174	167
	178	171
	179	172
	183	176
	184	177
	187	180
	191	184
	192	185
	193	186
	194	187
	195	188
	196	189
	200	193
	201	194
	202	195
	203	196
	204	197
	205	198
	206	199
	207	200
	209	201
	211	202
	212	203
	213	204
	214	205
	215	206
	216	207
	217	208
	218	209
	219	210
	220	211
	224	215
	225	216
	228	219
	229	223
	230	224
	233	220
	238	229
	240	230
	241	231
	243	232
	244	233
	246	234
	247	235
	249	236
	250	237
	252	238
	253	239
	255	240
com/mojang/realmsclient/gui/screens/RealmsConfirmScreen	36	37
	32	34
	18	20
	34	35
	19	21
	35	36
	20	22
	36	37
	21	23
	22	24
	26	28
	27	29
	28	30
net/minecraft/client/renderer/block/model/multipart/Condition	12	14
	11	13
	12	14
com/mojang/realmsclient/RealmsMainScreen	1291	1304
	1024	785
	1025	787
	1026	789
	1027	791
	1028	792
	1029	794
	1030	795
	1031	797
	1035	804
	1036	805
	1046	1109
	1047	1110
	1048	1111
	1050	1113
	1054	1117
	1055	1118
	1057	1119
	1059	1120
	1060	1121
	1061	1122
	1062	1123
	1063	1124
	1065	1127
	1067	1128
	1069	1129
	1070	1130
	1071	1131
	1075	1135
	1080	1168
	1089	1175
	1090	1176
	1091	1177
	1092	1178
	1093	1179
	1094	1180
	1096	1182
	1100	1186
	1101	1187
	1103	1188
	1104	1189
	1105	1202
	1108	1191
	87	88
	1111	1192
	88	89
	89	90
	1113	1193
	90	91
	1114	1194
	91	92
	1115	1195
	92	93
	1116	1196
	93	94
	94	95
	1118	1197
	96	96
	1120	1198
	1121	1199
	98	97
	99	98
	1123	1202
	101	99
	102	100
	1126	1205
	103	101
	1127	1206
	104	102
	105	103
	1129	1207
	106	104
	1130	1208
	107	105
	1131	1209
	108	106
	1132	1210
	109	107
	1133	1211
	110	108
	111	109
	1135	1213
	112	110
	113	111
	114	112
	1138	1216
	115	113
	1139	1217
	116	114
	1140	1218
	117	115
	118	116
	1142	1219
	119	117
	1143	1220
	120	118
	1144	1221
	1145	1222
	1147	1226
	1149	1228
	1152	1231
	1153	1232
	1154	1233
	1155	1234
	1156	1235
	1157	1237
	1158	1238
	1159	1239
	1161	1242
	1162	1243
	139	134
	1163	1246
	140	135
	1166	1250
	1170	1254
	1171	1255
	1172	1256
	1175	1259
	1176	1260
	1177	1261
	1178	1262
	1182	1266
	1183	1267
	1184	1268
	1185	1269
	1186	1270
	1188	1273
	1190	1276
	1195	1281
	1196	1282
	1197	1283
	1198	1284
	1199	1287
	1200	1288
	1201	1289
	1204	1293
	184	165
	185	166
	1209	1298
	186	167
	1210	1299
	187	168
	1212	1300
	191	172
	193	173
	1217	1304
	195	174
	196	176
	198	178
	1222	729
	199	179
	200	180
	201	181
	202	190
	1226	733
	205	182
	1230	737
	207	183
	1231	738
	208	184
	1232	739
	209	185
	1233	740
	210	186
	211	187
	1235	741
	213	190
	1237	742
	214	191
	1238	743
	216	192
	217	193
	1241	974
	218	194
	1242	974
	1243	975
	220	195
	1244	976
	221	196
	1245	977
	222	197
	1246	978
	1247	979
	224	198
	225	199
	226	202
	227	203
	228	204
	229	205
	232	209
	233	210
	1258	987
	235	211
	1259	988
	236	212
	237	213
	238	214
	1262	991
	240	216
	242	218
	1266	995
	243	219
	1267	996
	246	222
	1271	1000
	1272	1001
	1273	1002
	251	227
	1275	1004
	252	228
	253	229
	1278	1007
	255	231
	1279	1008
	259	235
	1283	852
	260	236
	1284	852
	1285	852
	263	239
	264	240
	1289	856
	266	242
	1290	857
	1291	858
	268	244
	271	247
	272	259
	274	248
	275	249
	277	252
	278	253
	279	255
	280	257
	281	259
	284	262
	285	263
	286	264
	288	265
	289	266
	290	267
	291	268
	293	269
	294	271
	295	274
	296	277
	299	280
	303	284
	305	285
	306	286
	307	287
	308	288
	310	289
	311	290
	313	291
	314	292
	315	293
	317	294
	321	298
	322	299
	324	300
	325	301
	326	302
	327	303
	328	304
	330	307
	331	308
	333	309
	337	313
	338	314
	340	315
	342	316
	343	317
	345	318
	349	322
	350	323
	351	324
	352	325
	353	326
	354	327
	355	328
	358	331
	359	332
	363	336
	367	340
	371	344
	376	349
	378	350
	379	351
	381	353
	384	356
	385	357
	388	360
	389	361
	392	364
	393	365
	395	367
	398	370
	400	371
	401	372
	402	373
	404	374
	406	375
	407	377
	408	378
	409	379
	412	383
	413	384
	414	385
	416	387
	418	388
	419	389
	420	390
	422	392
	423	393
	424	394
	425	395
	426	396
	427	397
	428	398
	434	403
	435	404
	437	406
	439	407
	440	408
	441	409
	442	410
	443	411
	445	413
	447	414
	449	415
	451	416
	452	417
	453	418
	454	419
	455	420
	457	421
	461	425
	462	427
	463	428
	464	429
	468	433
	469	434
	470	435
	471	436
	472	437
	474	439
	481	442
	482	443
	484	445
	485	446
	486	447
	488	449
	489	450
	490	451
	492	453
	495	456
	496	457
	498	459
	499	460
	500	461
	502	462
	506	466
	507	467
	510	470
	512	472
	513	473
	516	477
	518	479
	520	482
	521	483
	522	484
	526	488
	527	489
	528	490
	531	493
	532	496
	533	497
	534	498
	535	499
	536	501
	537	502
	539	505
	540	506
	542	494
	547	512
	548	513
	549	514
	550	515
	551	516
	554	519
	555	520
	556	521
	558	523
	559	524
	562	527
	564	529
	565	530
	566	531
	570	535
	574	539
	575	540
	576	541
	577	542
	579	544
	582	547
	583	548
	585	550
	588	553
	589	554
	590	555
	591	555
	594	557
	598	561
	599	561
	601	561
	605	565
	609	569
	610	570
	611	571
	612	572
	613	573
	614	575
	616	577
	617	579
	619	580
	620	581
	623	584
	624	585
	625	586
	627	588
	628	589
	629	590
	630	591
	633	594
	634	595
	635	596
	639	600
	640	601
	641	602
	642	603
	648	609
	650	610
	651	611
	654	614
	655	615
	658	618
	659	620
	660	623
	662	625
	665	628
	666	629
	669	632
	670	633
	673	636
	674	637
	675	638
	676	639
	678	642
	680	644
	681	647
	682	650
	683	651
	686	656
	687	659
	688	660
	689	663
	690	663
	691	666
	693	670
	695	674
	696	677
	697	680
	698	680
	699	684
	700	685
	703	690
	704	692
	705	693
	706	694
	710	698
	713	701
	715	701
	716	701
	717	702
	718	703
	719	704
	720	704
	721	704
	723	705
	726	708
	727	709
	728	710
	729	711
	730	712
	731	713
	732	714
	733	715
	734	716
	738	1142
	739	1143
	743	1146
	744	1147
	745	1148
	749	1152
	754	1157
	759	719
	763	723
	764	724
	766	725
	777	881
	778	882
	779	883
	780	884
	781	885
	782	886
	783	887
	784	888
	785	896
	786	897
	787	899
	788	900
	790	901
	793	905
	794	906
	796	908
	799	911
	800	912
	801	913
	803	915
	806	918
	807	919
	808	920
	810	921
	811	922
	812	923
	813	924
	814	925
	816	927
	819	930
	820	931
	821	932
	822	933
	824	935
	826	937
	829	940
	833	944
	837	948
	841	952
	845	956
	849	960
	868	1026
	869	1027
	871	1028
	872	1029
	873	1030
	874	1031
	875	1032
	876	1033
	877	1038
	878	1039
	879	1043
	881	1050
	883	1053
	884	1054
	888	1058
	889	1058
	891	1058
	895	1062
	896	1063
	897	1064
	899	1066
	902	1069
	903	1070
	904	1071
	905	1072
	906	1073
	910	1077
	911	1078
	912	1079
	916	1083
	917	1084
	919	1085
	920	1086
	924	1090
	925	1091
	927	1094
	932	1099
	939	865
	943	869
	951	817
	952	818
	956	822
	957	823
	962	828
	963	828
	965	828
	970	833
	971	834
	972	835
	976	839
	977	840
	978	841
	982	845
	987	747
	994	753
	995	754
	996	755
	1000	759
	1002	760
	1003	761
	1004	762
	1005	765
	1006	766
	1010	770
	1011	771
	1016	776
	1017	777
	1018	778
	1020	780
net/minecraft/client/gui/screens/DisconnectedScreen	84	82
	65	64
	67	65
	68	66
	69	67
	70	68
	74	72
	75	73
	14	17
	15	18
	79	77
	16	19
	17	20
	84	82
	26	27
	27	28
	30	31
	31	32
	34	35
	35	36
	38	39
	39	40
	40	41
	41	42
	42	43
	46	47
	47	48
	48	49
	50	50
	51	51
	52	53
	55	54
	56	56
	57	56
	60	58
	61	59
	63	61
net/minecraft/client/gui/screens/multiplayer/package-info	0	0
net/minecraft/client/gui/spectator/RootSpectatorMenuCategory	26	28
	16	18
	17	19
	21	23
	26	28
	11	13
	12	14
	15	17
com/mojang/blaze3d/platform/GlUtil	31	32
	16	17
	19	20
	23	24
	11	12
	27	28
	15	16
	31	32
net/minecraft/client/gui/screens/worldselection/package-info	0	0
net/minecraft/client/model/BlazeModel	108	106
	21	22
	22	23
	23	24
	24	25
	25	26
	28	29
	32	33
	33	34
	35	35
	36	35
	37	35
	42	36
	43	37
	44	37
	46	39
	47	40
	48	41
	49	42
	50	43
	51	44
	54	47
	55	49
	56	50
	57	51
	58	52
	59	53
	60	54
	63	57
	64	59
	65	60
	66	61
	67	62
	68	63
	69	64
	72	67
	77	72
	82	77
	83	79
	84	80
	85	81
	86	82
	87	83
	90	86
	91	88
	92	89
	93	90
	94	91
	95	92
	98	95
	99	97
	100	98
	101	99
	102	100
	103	101
	106	104
	107	105
	108	106
net/minecraft/client/renderer/texture/Tickable	0	0
com/mojang/realmsclient/dto/WorldDownload	31	31
	18	19
	19	20
	21	21
	24	24
	25	25
	26	26
	11	13
	27	27
	28	28
	31	31
net/minecraft/client/tutorial/OpenInventoryTutorialStep	49	45
	32	28
	33	29
	36	32
	40	36
	41	37
	10	11
	42	38
	11	12
	44	40
	48	44
	49	45
	18	18
	19	19
	23	23
	25	24
	26	25
	27	32
	30	27
	31	27
net/minecraft/client/resources/metadata/gui/GuiMetadataSection	15	16
	9	11
	11	13
	12	13
	13	14
	15	16
net/minecraft/client/particle/SuspendedParticle	113	110
	64	66
	68	69
	71	72
	74	75
	75	76
	76	77
	77	78
	14	15
	15	16
	16	17
	18	18
	19	19
	20	20
	85	46
	22	21
	86	47
	23	22
	24	23
	90	50
	27	26
	91	51
	28	27
	92	52
	29	28
	93	53
	94	54
	31	29
	95	55
	32	30
	96	56
	33	31
	35	32
	36	33
	37	34
	104	102
	41	38
	105	103
	109	106
	110	107
	111	108
	48	87
	112	109
	49	88
	113	110
	53	91
	54	92
	55	93
	63	65
net/minecraft/client/renderer/blockentity/SpawnerRenderer	49	52
	34	37
	35	38
	36	39
	37	40
	38	41
	39	42
	42	45
	43	46
	44	47
	45	48
	46	49
	47	50
	48	51
	17	20
	49	52
	18	21
	22	24
	23	25
	24	32
	26	26
	27	27
	28	28
	29	29
	31	32
net/minecraft/client/renderer/entity/EvokerFangsRenderer	54	48
	32	30
	35	33
	37	34
	38	35
	39	36
	40	37
	41	38
	43	39
	45	40
	14	17
	46	41
	47	42
	49	43
	50	45
	19	21
	21	22
	22	23
	54	48
	26	26
	27	27
	28	45
	30	28
	31	29
com/mojang/realmsclient/dto/Ops	27	31
	17	20
	18	21
	19	22
	20	23
	21	24
	22	25
	25	28
	11	13
	27	31
	14	16
	15	17
com/mojang/realmsclient/dto/ValueObject	31	35
	16	19
	20	24
	21	25
	22	26
	26	30
	11	13
	27	31
	12	15
	13	16
	15	18
	31	35
net/minecraft/client/multiplayer/chat/report/ReportingContext	77	81
	65	69
	69	73
	70	74
	73	77
	77	81
	24	25
	25	26
	26	27
	27	28
	30	31
	31	32
	32	33
	36	37
	37	38
	38	39
	39	42
	40	43
	41	44
	43	46
	45	48
	46	49
	47	50
	48	51
	49	52
	52	56
	54	58
	57	61
	61	65
com/mojang/realmsclient/dto/GuardedSerializer	21	23
	16	18
	21	23
	12	14
net/minecraft/client/resources/PlayerSkin	37	40
	16	19
	32	35
	17	20
	37	40
	22	25
	23	26
	26	29
	28	30
	30	33
	31	34
net/minecraft/client/model/PhantomModel	100	91
	26	27
	27	28
	28	29
	29	30
	30	31
	31	32
	32	33
	33	34
	34	35
	37	38
	38	39
	40	40
	41	41
	42	41
	43	41
	45	43
	46	44
	47	44
	48	44
	50	46
	51	47
	52	47
	53	47
	55	49
	56	51
	57	51
	58	52
	60	54
	61	56
	62	56
	63	57
	65	59
	66	61
	67	61
	68	62
	70	64
	71	66
	72	66
	73	67
	75	69
	76	71
	77	71
	78	72
	81	74
	86	79
	91	83
	92	84
	93	85
	94	86
	95	87
	96	88
	98	89
	99	90
	100	91
net/minecraft/client/renderer/entity/ElderGuardianRenderer	23	25
	18	20
	19	21
	23	25
	10	13
	13	16
	14	17
net/minecraft/client/resources/MobEffectTextureManager	19	20
	17	20
	18	20
	19	20
	13	16
	14	17
net/minecraft/client/gui/layouts/LayoutSettings	168	147
	128	113
	129	114
	67	61
	134	118
	139	122
	79	74
	144	126
	145	127
	82	77
	146	128
	83	78
	84	79
	85	80
	86	81
	87	82
	151	132
	88	83
	152	133
	92	86
	157	137
	158	138
	97	90
	163	142
	102	94
	39	33
	103	94
	104	94
	168	147
	105	94
	43	37
	110	98
	47	41
	111	99
	51	45
	116	103
	117	104
	55	49
	122	108
	59	53
	123	109
net/minecraft/client/renderer/entity/PillagerRenderer	20	21
	16	18
	20	21
	10	13
	13	16
	15	17
net/minecraft/client/particle/MobAppearanceParticle	61	58
	34	36
	39	41
	40	42
	41	43
	43	44
	45	45
	46	46
	48	47
	49	48
	51	49
	52	50
	53	51
	55	52
	56	53
	26	28
	27	29
	28	30
	29	31
	61	58
	30	32
net/minecraft/client/resources/metadata/animation/VillagerMetaDataSection	39	42
	35	16
	36	17
	20	34
	21	35
	39	20
	24	38
	28	42
	13	27
	15	30
net/minecraft/client/gui/screens/social/PlayerSocialManager	83	85
	67	70
	71	74
	72	75
	74	76
	75	77
	77	79
	80	82
	81	83
	83	85
	25	27
	26	28
	27	29
	30	32
	31	33
	34	36
	35	37
	38	40
	42	44
	46	48
	47	49
	48	50
	51	53
	52	54
	55	57
	56	58
	58	61
	59	62
	63	66
net/minecraft/client/searchtree/SearchTree	25	29
	16	19
	19	22
	20	24
	21	25
	23	28
	25	29
	11	14
	15	18
net/minecraft/client/particle/SpitParticle	21	24
	16	20
	17	21
	21	24
	8	11
	9	12
	10	13
net/minecraft/client/gui/screens/worldselection/EditWorldScreen	205	172
	40	41
	41	42
	42	43
	43	44
	44	45
	45	46
	46	47
	47	48
	48	49
	49	50
	62	60
	63	61
	67	65
	68	66
	69	67
	71	68
	72	69
	73	70
	74	71
	75	72
	78	73
	79	74
	80	74
	81	74
	82	74
	83	75
	84	75
	85	75
	86	75
	89	76
	90	77
	91	77
	92	78
	93	79
	94	80
	95	80
	96	80
	97	80
	99	82
	100	82
	101	82
	103	82
	104	82
	106	83
	107	83
	108	84
	110	85
	111	86
	112	86
	113	86
	115	87
	116	87
	117	88
	118	89
	120	92
	121	93
	122	94
	124	97
	125	98
	126	98
	127	98
	129	99
	130	99
	131	99
	132	100
	133	101
	136	104
	137	105
	138	105
	139	105
	140	105
	143	106
	144	107
	146	109
	147	111
	151	115
	152	116
	156	120
	157	121
	161	125
	162	126
	163	127
	167	131
	168	132
	172	136
	173	137
	174	138
	175	139
	177	142
	178	143
	181	146
	182	147
	184	150
	185	151
	186	152
	189	155
	190	156
	191	157
	192	158
	193	159
	195	161
	196	162
	197	163
	198	164
	203	170
	204	171
	205	172
net/minecraft/client/renderer/blockentity/BrushableBlockRenderer	69	76
	64	64
	65	67
	66	70
	67	73
	69	76
	19	22
	20	23
	24	26
	25	51
	27	27
	28	28
	29	51
	31	29
	32	30
	33	51
	36	31
	37	32
	38	51
	41	33
	42	34
	43	35
	45	36
	46	37
	47	38
	48	39
	49	40
	51	42
	53	44
	54	46
	55	51
	58	54
	60	55
	61	56
	62	58
	63	61
net/minecraft/client/renderer/texture/Stitcher	271	217
	256	198
	132	127
	260	205
	261	206
	134	127
	262	207
	135	127
	263	208
	264	209
	137	128
	267	212
	13	17
	271	217
	25	27
	26	28
	27	29
	155	143
	28	30
	156	144
	157	145
	158	146
	31	33
	159	147
	162	150
	35	37
	166	154
	39	41
	40	42
	41	43
	171	158
	44	46
	172	159
	45	47
	47	49
	175	162
	48	50
	176	163
	49	51
	179	164
	52	54
	180	200
	184	165
	186	166
	59	57
	187	167
	60	58
	62	60
	191	170
	192	171
	65	63
	195	172
	69	67
	197	173
	70	68
	198	174
	71	69
	200	175
	75	73
	87	77
	215	176
	88	78
	216	177
	89	79
	217	178
	90	80
	218	179
	219	180
	92	81
	93	82
	221	182
	222	183
	95	83
	96	84
	224	185
	99	87
	100	88
	102	90
	103	91
	106	93
	234	186
	235	187
	110	97
	112	98
	113	99
	116	102
	117	103
	246	188
	120	105
	121	106
	250	192
	251	193
	124	109
	252	194
	125	110
	127	111
net/minecraft/client/renderer/texture/atlas/sources/LazyLoadedImage	51	53
	32	34
	33	35
	34	36
	40	42
	44	46
	45	47
	46	48
	47	49
	48	50
	19	21
	51	53
	20	22
	21	23
	22	24
	25	27
	26	28
	27	29
	28	30
	29	31
	30	32
	31	33
net/minecraft/client/renderer/texture/atlas/sources/SingleFile	45	48
	34	37
	35	38
	36	39
	37	40
	39	42
	41	44
	45	48
	17	19
	19	21
	20	22
	21	23
	22	25
	28	31
	29	32
	30	33
net/minecraft/client/renderer/entity/layers/SpinAttackEffectLayer	64	58
	32	33
	64	58
	33	34
	36	37
	37	38
	38	39
	39	39
	40	39
	44	40
	49	44
	50	58
	53	45
	54	47
	23	26
	55	48
	56	49
	57	50
	58	51
	59	52
	60	53
	29	31
	61	54
	62	55
	31	32
net/minecraft/client/particle/LavaParticle	64	64
	64	64
	9	12
	10	13
	11	14
	12	15
	13	16
	14	17
	15	18
	17	19
	19	20
	20	21
	24	25
	29	30
	31	31
	32	32
	33	33
	38	38
	39	39
	44	44
	45	45
	46	46
	47	47
	48	48
	51	51
	57	58
	58	59
	62	62
	63	63
net/minecraft/client/telemetry/TelemetryEventType	198	183
	131	113
	135	117
	136	119
	137	120
	139	123
	143	127
	20	21
	148	132
	21	22
	22	23
	23	23
	152	136
	25	23
	28	26
	156	140
	160	144
	164	148
	44	38
	174	159
	175	160
	48	40
	176	161
	50	41
	51	42
	179	164
	52	43
	180	165
	53	44
	54	45
	56	46
	184	169
	57	47
	185	170
	58	48
	59	49
	60	50
	61	51
	189	174
	62	52
	190	175
	63	53
	64	54
	65	55
	194	179
	67	56
	195	180
	68	57
	196	181
	69	58
	70	59
	198	183
	71	60
	72	61
	74	62
	75	63
	76	64
	77	65
	78	66
	80	67
	81	68
	82	69
	83	70
	84	71
	85	72
	87	73
	88	74
	89	75
	90	76
	91	77
	92	78
	93	79
	94	80
	104	88
	105	89
	106	90
	107	91
	108	92
	109	93
	112	94
	115	97
	119	101
	123	105
	127	109
net/minecraft/client/gui/screens/inventory/CyclingSlotBackground	61	60
	34	34
	35	35
	37	37
	40	40
	41	41
	42	51
	45	42
	46	43
	47	44
	48	45
	49	46
	51	49
	52	51
	55	54
	56	55
	25	25
	57	56
	26	26
	60	59
	29	29
	61	60
	30	30
	31	31
net/minecraft/client/resources/metadata/package-info	0	0
net/minecraft/client/model/PiglinModel	153	136
	130	114
	131	115
	132	116
	133	117
	134	118
	135	119
	136	120
	140	123
	141	124
	142	128
	144	126
	145	128
	148	131
	149	132
	151	134
	153	136
	27	28
	35	29
	38	32
	40	33
	41	34
	42	35
	43	35
	46	37
	47	38
	48	38
	51	39
	55	43
	56	44
	57	46
	58	47
	59	49
	60	51
	61	53
	65	57
	66	59
	67	59
	68	60
	70	62
	71	64
	72	64
	73	65
	75	67
	79	70
	80	71
	81	72
	82	73
	84	74
	86	75
	87	76
	88	77
	89	78
	90	79
	92	80
	93	81
	95	82
	96	83
	97	84
	98	85
	99	86
	100	87
	101	88
	102	89
	104	90
	105	91
	107	92
	108	93
	110	94
	111	95
	112	96
	113	97
	114	98
	115	99
	116	100
	117	101
	118	102
	119	103
	120	104
	122	106
	123	107
	126	110
	127	111
net/minecraft/client/model/SkullModel	63	54
	33	29
	37	33
	39	34
	40	36
	41	36
	42	36
	46	37
	50	41
	51	42
	20	21
	21	22
	22	23
	56	47
	25	26
	57	48
	26	27
	58	49
	28	28
	29	28
	30	28
	62	53
	63	54
net/minecraft/client/gui/narration/NarrationThunk	54	52
	34	35
	35	36
	39	40
	40	41
	43	43
	44	45
	14	15
	47	44
	17	18
	18	19
	19	20
	52	51
	53	52
	22	23
	54	52
	26	27
	30	31
net/minecraft/client/gui/screens/options/LanguageSelectScreen	134	137
	129	132
	130	133
	134	137
	21	22
	29	28
	30	29
	31	30
	32	31
	36	35
	37	36
	42	40
	46	44
	47	45
	48	46
	49	47
	50	49
	51	51
	52	52
	56	56
	57	57
	58	58
	61	61
	62	62
	63	63
	64	64
	65	65
	67	68
	68	69
	72	74
	74	75
	75	76
	76	77
	77	78
	78	79
	79	80
	81	82
	83	83
	84	84
	86	86
	90	90
	99	100
	100	101
	101	102
	105	106
	106	107
	110	111
	111	112
	112	113
	113	114
	115	116
	120	122
	121	123
	122	124
	124	127
	125	128
com/mojang/realmsclient/Unit	48	46
	34	31
	38	35
	39	36
	40	37
	42	40
	43	41
	44	42
	15	17
	16	18
	48	46
	20	22
	21	23
	23	24
	24	25
	25	26
	30	31
	31	31
net/minecraft/client/package-info	0	0
net/minecraft/client/resources/language/LanguageInfo	24	22
	17	13
	18	14
	19	15
	20	16
	21	18
	24	22
net/minecraft/client/particle/AshParticle	20	23
	16	20
	20	23
	8	11
	9	12
	15	19
net/minecraft/client/gui/screens/debug/GameModeSwitcherScreen	256	238
	256	238
	25	26
	26	27
	28	149
	29	150
	30	151
	31	152
	33	154
	42	162
	43	163
	44	164
	45	165
	48	168
	49	169
	52	172
	56	176
	60	180
	61	181
	62	182
	63	183
	64	184
	69	189
	70	190
	71	191
	72	192
	73	193
	78	28
	86	35
	88	37
	97	44
	100	47
	102	48
	103	49
	104	50
	107	53
	108	54
	109	55
	110	56
	112	58
	117	64
	119	65
	121	67
	122	68
	123	69
	125	71
	129	75
	130	101
	133	76
	134	77
	135	78
	136	79
	137	80
	138	81
	140	82
	143	83
	146	84
	148	85
	149	86
	150	87
	152	88
	155	91
	157	93
	158	94
	160	95
	162	96
	163	97
	166	101
	171	105
	174	108
	175	109
	178	112
	179	119
	182	113
	183	114
	185	115
	186	116
	188	119
	191	122
	192	123
	193	124
	195	125
	198	127
	203	133
	204	134
	205	135
	206	136
	209	138
	214	144
	222	205
	223	206
	224	207
	228	211
	229	212
	231	213
	232	214
	234	216
	238	220
	239	221
	243	225
	247	229
	248	230
	251	233
	252	234
	255	237
net/minecraft/client/resources/sounds/UnderwaterAmbientSoundHandler	39	40
	32	33
	33	34
	34	35
	35	36
	36	37
	39	40
	18	20
	19	21
	20	22
	24	26
	26	27
	27	28
	28	29
	29	30
	30	31
	31	32
net/minecraft/client/gui/screens/recipebook/RecipeBookPage	218	205
	22	24
	23	24
	24	24
	26	27
	27	27
	28	27
	31	29
	39	34
	41	35
	55	47
	56	48
	58	50
	61	53
	62	54
	64	56
	65	57
	71	60
	72	61
	73	62
	74	63
	75	64
	78	67
	79	68
	80	69
	83	72
	84	73
	86	74
	87	75
	90	78
	91	79
	94	82
	95	84
	96	85
	98	86
	99	87
	101	88
	103	89
	105	91
	109	95
	110	96
	113	99
	114	100
	115	101
	118	104
	119	105
	120	106
	121	107
	124	110
	125	112
	126	113
	127	114
	128	115
	132	119
	133	120
	135	121
	136	122
	139	125
	140	126
	142	128
	146	132
	151	137
	155	141
	156	142
	159	145
	160	146
	162	147
	163	148
	164	149
	165	150
	167	152
	170	155
	173	157
	174	158
	175	159
	176	160
	177	163
	178	164
	179	165
	180	166
	183	169
	184	170
	185	171
	186	172
	187	173
	188	174
	189	174
	190	175
	193	179
	197	183
	201	188
	202	189
	204	191
	207	194
	211	198
	215	202
	216	203
	217	204
	218	205
net/minecraft/client/renderer/entity/SalmonRenderer	42	41
	34	34
	35	35
	37	36
	38	37
	39	38
	40	39
	42	41
	12	15
	15	18
	16	19
	20	22
	25	26
	27	27
	28	28
	29	29
	30	30
	31	31
net/minecraft/client/telemetry/events/WorldLoadEvent	72	72
	64	63
	65	64
	66	65
	68	68
	71	71
	72	72
	25	25
	26	26
	29	29
	30	30
	32	33
	33	34
	36	37
	37	38
	38	39
	40	41
	41	41
	43	41
	47	46
	48	56
	50	47
	51	48
	52	49
	53	50
	54	51
	56	53
	57	54
	62	61
	63	62
net/minecraft/client/multiplayer/prediction/BlockStatePredictionHandler	86	92
	65	70
	74	80
	75	81
	76	82
	77	83
	80	86
	81	87
	18	21
	19	24
	20	25
	85	91
	22	26
	86	92
	24	28
	27	31
	28	32
	29	33
	31	36
	32	37
	36	41
	37	43
	38	44
	39	45
	40	46
	41	47
	42	48
	44	49
	47	52
	50	55
	51	56
	52	57
	57	62
	58	63
	61	66
net/minecraft/client/multiplayer/chat/ChatTrustLevel	81	67
	67	54
	72	59
	73	60
	74	61
	75	62
	15	17
	16	18
	17	19
	81	67
	20	21
	25	25
	26	26
	29	29
	30	30
	33	32
	34	32
	37	32
	41	37
	42	38
	45	41
	46	42
	47	42
	50	42
	54	46
	55	46
	56	46
	58	46
	59	46
	63	50
net/minecraft/client/particle/SimpleAnimatedParticle	58	58
	15	16
	16	17
	17	18
	18	19
	19	20
	22	23
	23	24
	24	25
	25	26
	26	27
	27	28
	30	31
	31	32
	32	33
	33	34
	34	35
	38	39
	43	44
	44	45
	45	46
	46	47
	48	48
	49	49
	50	50
	51	51
	54	54
	58	58
net/minecraft/client/gui/screens/NoticeWithLinkScreen	112	83
	65	55
	66	56
	67	57
	68	57
	70	57
	72	57
	73	57
	75	58
	76	59
	78	59
	80	60
	17	19
	81	61
	18	21
	83	63
	20	23
	84	63
	21	25
	86	63
	88	63
	89	63
	92	64
	29	33
	30	34
	94	65
	31	35
	95	66
	32	36
	96	67
	33	37
	36	40
	100	71
	101	72
	102	73
	106	77
	45	44
	111	82
	112	83
	55	49
	57	50
	58	51
	60	52
	61	53
	63	54
net/minecraft/client/multiplayer/chat/report/BanReason	52	50
	9	10
	10	11
	11	12
	12	13
	13	14
	14	15
	15	16
	16	17
	17	18
	18	19
	19	20
	20	21
	21	22
	27	27
	28	28
	31	31
	36	36
	39	41
	40	37
	41	39
	42	40
	43	42
	44	43
	45	44
	46	45
	47	46
	48	47
	49	48
	50	49
	51	50
	52	38
net/minecraft/client/particle/DustParticle	25	29
	20	25
	21	26
	8	13
	25	29
	10	14
	11	15
	12	16
	13	17
	14	18
net/minecraft/client/renderer/debug/HeightMapRenderer	63	68
	26	28
	27	29
	31	33
	32	34
	34	35
	36	37
	37	38
	38	39
	39	41
	40	42
	41	43
	42	44
	43	46
	44	47
	45	48
	46	49
	47	50
	48	52
	54	59
	57	62
	58	63
	59	64
	60	65
	61	66
	62	67
	63	68
net/minecraft/client/renderer/entity/layers/CustomHeadLayer	116	109
	41	41
	42	42
	45	47
	46	48
	47	49
	48	50
	49	51
	50	52
	51	53
	55	56
	56	57
	57	99
	60	58
	62	59
	63	60
	65	61
	67	62
	68	63
	69	64
	70	65
	71	66
	72	67
	75	70
	77	71
	78	72
	79	73
	80	74
	81	75
	84	78
	86	79
	87	80
	88	81
	89	82
	92	84
	93	85
	95	87
	97	90
	99	91
	100	92
	101	93
	103	94
	105	97
	106	99
	109	102
	110	103
	111	104
	112	105
	113	106
	114	107
	116	109
net/minecraft/client/particle/WhiteAshParticle	31	34
	16	19
	22	26
	23	27
	27	30
	12	15
	28	31
	13	16
	29	32
	14	17
	30	33
	15	18
	31	34
net/minecraft/client/renderer/entity/layers/CrossedArmsItemLayer	32	32
	32	32
	18	21
	19	22
	20	23
	24	26
	25	27
	26	28
	28	29
	29	30
	31	31
com/mojang/realmsclient/dto/WorldTemplate	40	44
	32	33
	33	34
	34	35
	35	36
	36	37
	37	40
	38	41
	40	44
	12	13
	14	14
	15	15
	16	16
	17	17
	18	18
	21	21
	22	22
	23	23
	26	26
	28	29
	29	30
	30	31
	31	32
net/minecraft/client/renderer/entity/SquidRenderer	36	35
	32	32
	36	35
	11	14
	14	17
	15	18
	19	21
	24	25
	25	26
	27	27
	28	28
	29	29
	30	30
	31	31
net/minecraft/client/multiplayer/chat/ChatLog	63	70
	34	39
	35	41
	36	42
	38	45
	42	49
	43	50
	12	17
	13	20
	14	21
	15	22
	47	54
	17	23
	51	58
	55	62
	25	30
	26	31
	59	66
	29	34
	30	35
	31	36
	63	70
net/minecraft/client/resources/package-info	0	0
com/mojang/realmsclient/util/LevelType	28	30
	19	21
	20	22
	21	23
	24	26
	9	12
	10	13
	11	14
	12	15
	28	30
com/mojang/realmsclient/gui/screens/RealmsPopups	36	34
	33	34
	34	34
	35	34
	36	34
	13	14
	14	15
	17	18
	18	19
	19	20
	20	21
	21	22
	25	26
	26	27
	27	28
	28	29
	29	30
net/minecraft/client/gui/narration/NarratedElementType	0	0
net/minecraft/client/gui/screens/inventory/tooltip/DefaultTooltipPositioner	33	31
	17	17
	33	31
	18	18
	19	19
	24	23
	25	24
	13	13
	29	27
	30	28
	31	29
net/minecraft/client/gui/components/ImageWidget	74	90
	32	34
	65	69
	66	70
	67	71
	36	38
	68	72
	69	73
	73	77
	42	44
	74	90
	15	17
	16	18
	49	52
	50	53
	19	21
	51	54
	23	25
	55	58
	56	59
	28	30
net/minecraft/client/renderer/entity/ShulkerBulletRenderer	65	54
	65	54
	18	20
	19	21
	24	25
	25	26
	26	27
	30	30
	35	34
	37	35
	38	36
	39	37
	41	38
	42	39
	43	40
	44	41
	46	42
	48	43
	50	44
	51	45
	53	46
	55	47
	56	48
	58	49
	60	50
	61	51
net/minecraft/client/gui/components/PlayerFaceRenderer	45	46
	33	35
	34	36
	36	38
	39	41
	40	42
	42	43
	43	44
	44	45
	45	46
	21	24
	22	25
	25	28
	26	29
	29	32
	30	33
	31	34
net/minecraft/client/multiplayer/SessionSearchTrees	110	124
	33	36
	34	37
	35	38
	40	42
	41	43
	42	44
	45	47
	46	48
	48	50
	51	53
	52	53
	53	54
	54	55
	58	59
	59	62
	60	63
	61	64
	62	65
	64	66
	65	73
	66	70
	67	72
	69	75
	70	77
	71	78
	72	80
	75	83
	79	87
	80	90
	81	91
	82	92
	83	92
	85	92
	86	94
	87	95
	88	97
	91	100
	95	104
	96	107
	97	108
	99	109
	100	114
	101	112
	102	113
	104	116
	105	118
	106	119
	107	121
	110	124
net/minecraft/client/gui/screens/LevelLoadingScreen	131	116
	128	34
	129	35
	130	36
	131	37
	24	40
	25	41
	26	42
	30	46
	35	51
	40	56
	41	57
	42	58
	46	62
	47	63
	49	65
	52	67
	55	70
	60	75
	62	76
	63	77
	64	78
	65	79
	68	82
	69	83
	71	84
	73	85
	74	86
	75	87
	78	90
	80	91
	81	92
	83	93
	84	94
	86	95
	87	96
	89	97
	91	98
	93	99
	94	100
	95	101
	96	102
	97	103
	98	104
	106	107
	107	108
	108	109
	109	110
	110	111
	111	112
	114	115
	115	116
	117	23
	118	24
	119	25
	120	26
	121	27
	122	28
	123	29
	124	30
	125	31
	126	32
	127	33
net/minecraft/client/multiplayer/chat/report/ReportType	17	20
	17	20
	6	9
	7	10
	8	11
	13	16
	14	17
net/minecraft/client/telemetry/TelemetryEventInstance	19	22
	16	19
	19	22
	8	11
	11	14
	12	15
	13	16
	15	18
net/minecraft/client/renderer/entity/CamelRenderer	17	19
	17	19
	9	12
	12	15
	13	16
net/minecraft/client/renderer/texture/TextureManager	233	229
	30	34
	32	35
	42	42
	43	43
	46	46
	47	47
	48	47
	49	47
	51	49
	53	51
	56	54
	59	55
	60	56
	61	57
	64	60
	65	61
	68	64
	70	65
	71	66
	72	67
	73	68
	75	71
	76	72
	79	75
	82	78
	84	79
	86	82
	87	83
	88	84
	91	88
	92	89
	96	93
	97	94
	98	95
	99	96
	100	97
	102	100
	103	101
	104	102
	105	103
	106	104
	107	105
	109	106
	114	111
	116	112
	117	113
	118	114
	121	117
	125	121
	130	125
	131	126
	132	127
	134	129
	136	132
	138	133
	139	134
	141	135
	145	139
	146	140
	147	141
	148	142
	150	144
	154	149
	155	150
	159	154
	160	155
	162	157
	165	160
	166	161
	167	162
	169	164
	173	168
	174	169
	175	170
	176	171
	177	172
	181	182
	183	183
	185	184
	186	185
	187	186
	188	189
	189	190
	190	191
	191	192
	192	193
	194	195
	200	199
	201	200
	203	201
	207	205
	208	206
	209	206
	210	206
	212	208
	214	210
	218	214
	219	215
	220	216
	221	217
	224	220
	225	221
	227	223
	228	224
	229	225
	232	228
	233	229
net/minecraft/client/gui/screens/inventory/AbstractContainerScreen	640	638
	512	507
	513	508
	514	509
	515	510
	517	512
	518	517
	519	518
	521	521
	526	526
	527	527
	530	530
	532	531
	536	535
	537	536
	538	537
	28	30
	541	540
	545	544
	546	545
	547	546
	548	547
	550	548
	554	552
	555	553
	557	556
	558	557
	561	560
	562	561
	566	565
	567	566
	569	569
	570	570
	571	571
	574	574
	576	575
	577	576
	578	577
	579	578
	580	579
	583	583
	587	587
	588	588
	589	589
	590	590
	79	74
	80	75
	592	593
	81	76
	593	594
	82	77
	594	595
	83	78
	595	596
	84	79
	85	80
	86	81
	87	82
	600	601
	91	86
	92	87
	93	88
	605	606
	606	609
	608	607
	97	92
	609	609
	98	93
	100	94
	613	613
	102	95
	104	96
	105	97
	618	618
	107	98
	109	100
	621	619
	110	101
	622	622
	112	102
	624	620
	113	103
	626	624
	116	106
	117	107
	629	627
	119	108
	120	109
	121	110
	633	631
	122	111
	638	636
	127	116
	639	637
	640	638
	129	117
	131	118
	132	119
	133	120
	134	121
	136	122
	137	123
	138	124
	139	125
	141	126
	142	127
	145	131
	148	134
	149	135
	151	136
	152	137
	153	138
	156	141
	157	142
	158	143
	159	144
	161	145
	164	148
	166	149
	167	150
	171	154
	172	155
	173	156
	176	159
	177	160
	180	163
	181	164
	182	165
	184	167
	187	170
	191	174
	192	175
	193	176
	194	177
	195	178
	196	179
	199	182
	200	183
	201	184
	206	189
	207	190
	208	191
	209	192
	210	193
	211	194
	212	195
	214	196
	215	197
	216	198
	217	199
	218	200
	220	203
	221	204
	223	205
	224	206
	225	207
	226	208
	227	209
	228	210
	231	213
	233	215
	234	216
	238	220
	239	221
	240	222
	241	223
	242	224
	243	225
	244	226
	245	227
	249	231
	250	232
	251	233
	253	236
	254	237
	255	238
	257	240
	259	243
	261	246
	262	247
	265	250
	266	251
	267	266
	270	252
	271	253
	272	266
	275	255
	277	257
	278	258
	279	259
	280	260
	281	261
	282	262
	284	266
	288	270
	289	271
	290	272
	291	273
	294	277
	299	282
	300	283
	302	286
	303	287
	304	288
	305	289
	306	290
	308	291
	309	294
	310	295
	311	296
	313	297
	314	298
	315	299
	318	302
	319	303
	322	306
	323	307
	324	308
	327	311
	328	312
	329	313
	330	314
	331	315
	332	316
	334	318
	336	320
	337	321
	338	322
	339	323
	341	325
	342	330
	343	331
	344	332
	345	333
	346	334
	347	335
	349	338
	351	341
	353	343
	354	344
	355	345
	357	346
	358	347
	359	348
	360	349
	361	350
	362	351
	368	292
	371	358
	372	359
	373	360
	375	361
	379	365
	380	366
	381	367
	382	368
	384	371
	385	372
	386	373
	390	377
	393	380
	398	385
	399	386
	401	387
	402	388
	403	389
	404	390
	405	391
	407	393
	408	394
	410	395
	411	396
	412	397
	413	398
	414	399
	415	400
	416	401
	419	404
	420	405
	424	409
	425	416
	426	417
	429	420
	434	425
	435	426
	436	427
	437	428
	439	429
	440	430
	441	431
	444	434
	445	435
	448	438
	449	439
	450	440
	451	441
	452	442
	453	447
	458	452
	460	455
	461	456
	463	458
	464	459
	465	460
	466	461
	467	462
	468	465
	469	466
	470	467
	473	470
	474	471
	475	472
	476	473
	479	476
	481	477
	482	478
	483	479
	485	480
	486	481
	488	483
	489	484
	490	485
	491	486
	492	487
	493	488
	495	490
	496	491
	497	492
	498	493
	499	494
	500	495
	503	498
	505	500
	506	501
	508	503
	509	504
com/mojang/realmsclient/RealmsAvailability	85	86
	66	63
	71	70
	72	71
	75	74
	76	75
	80	79
	81	80
	82	81
	83	82
	84	84
	85	86
	23	23
	29	28
	30	29
	32	32
	36	36
	37	37
	41	41
	42	42
	43	43
	48	44
	49	46
	51	49
	52	50
	54	52
	55	53
	57	54
	59	57
	60	58
	61	59
	63	60
net/minecraft/client/gui/screens/CreateFlatWorldScreen	210	203
	23	25
	40	43
	41	44
	42	45
	43	46
	44	47
	47	50
	51	54
	52	55
	56	59
	57	60
	59	61
	61	62
	62	63
	63	73
	65	64
	67	65
	68	66
	69	67
	70	68
	71	69
	72	70
	73	71
	74	73
	76	74
	77	75
	78	76
	79	77
	80	78
	82	79
	83	80
	84	81
	85	82
	86	83
	88	84
	89	85
	90	86
	91	87
	93	88
	94	89
	95	90
	98	93
	99	94
	102	97
	107	102
	108	103
	112	107
	113	108
	115	109
	116	110
	117	111
	118	112
	122	117
	124	119
	125	120
	127	122
	131	125
	132	126
	133	127
	136	130
	137	131
	138	133
	139	134
	142	137
	143	138
	144	139
	146	141
	151	147
	152	150
	154	151
	155	152
	156	153
	160	155
	161	156
	162	157
	163	158
	165	160
	168	163
	169	164
	172	167
	173	168
	174	169
	175	170
	176	171
	177	172
	180	176
	185	181
	186	184
	187	185
	188	185
	190	185
	196	190
	197	191
	201	195
	203	196
	204	197
	206	199
	209	202
	210	203
net/minecraft/client/model/GhastModel	64	61
	64	61
	19	21
	21	23
	22	24
	24	26
	27	29
	31	33
	32	34
	34	35
	35	36
	36	36
	37	36
	40	38
	41	40
	42	41
	43	42
	44	43
	45	44
	46	45
	47	45
	48	45
	52	49
	57	54
	58	55
	60	57
net/minecraft/client/renderer/entity/LlamaRenderer	27	28
	16	19
	18	20
	19	21
	23	24
	24	25
	25	26
	10	13
	26	27
	11	14
	27	28
	12	15
	13	16
net/minecraft/client/tutorial/CraftPlanksTutorialStep	81	79
	64	61
	66	63
	70	67
	71	68
	73	70
	76	73
	77	74
	78	75
	81	79
	18	19
	19	20
	26	26
	27	27
	31	31
	33	32
	34	33
	35	55
	38	35
	39	36
	40	37
	41	38
	42	39
	43	40
	45	43
	46	44
	47	45
	52	50
	53	50
	54	51
	55	52
	58	55
	62	59
	63	60
com/mojang/realmsclient/dto/RealmsNews	26	27
	16	17
	19	20
	20	21
	21	22
	22	23
	23	24
	26	27
	11	13
net/minecraft/client/renderer/entity/FrogRenderer	15	18
	10	14
	11	15
	15	18
net/minecraft/client/renderer/texture/atlas/sources/DirectoryLister	39	43
	32	36
	33	37
	34	38
	35	39
	39	43
	14	18
	15	19
	16	20
	17	22
	23	28
	24	29
	25	30
	29	34
	31	35
net/minecraft/client/gui/components/ComponentRenderUtils	42	36
	32	32
	33	33
	35	34
	36	35
	38	36
	40	36
	42	36
	17	19
	20	22
	24	26
	25	27
	26	28
	27	29
	30	31
net/minecraft/client/multiplayer/TagCollector	44	47
	33	34
	34	35
	37	38
	38	39
	40	43
	41	44
	42	45
	44	47
	19	21
	20	22
	23	25
	25	26
	26	27
	29	30
	30	31
	31	32
net/minecraft/client/renderer/blockentity/BlockEntityRenderers	54	58
	12	15
	15	34
	16	35
	17	36
	18	37
	19	38
	20	39
	21	40
	22	41
	23	42
	24	43
	25	44
	26	45
	27	46
	28	47
	29	48
	30	49
	31	50
	32	51
	33	52
	34	53
	35	54
	36	55
	37	56
	38	57
	39	58
	42	18
	43	19
	46	22
	47	23
	49	25
	50	26
	51	27
	53	29
	54	30
net/minecraft/client/particle/DustPlumeParticle	34	37
	34	37
	11	14
	12	15
	13	16
	14	17
	15	18
	16	19
	20	23
	21	24
	22	25
	23	26
	29	33
	30	34
net/minecraft/client/renderer/blockentity/BlockEntityRendererProvider	56	69
	32	45
	36	49
	40	53
	44	57
	48	61
	52	65
	23	36
	24	37
	56	69
	25	38
	26	39
	27	40
	28	41
	29	42
net/minecraft/client/gui/screens/reporting/ReportReasonSelectionScreen	192	191
	131	125
	136	130
	137	131
	141	137
	142	144
	143	145
	145	147
	149	151
	150	151
	151	151
	24	25
	152	151
	25	26
	26	27
	157	156
	162	160
	163	161
	164	162
	170	169
	171	170
	45	41
	46	42
	47	43
	175	174
	48	44
	176	175
	49	45
	177	176
	178	177
	53	49
	54	50
	182	181
	55	51
	56	53
	57	55
	58	56
	187	186
	60	57
	188	187
	61	58
	62	59
	63	60
	64	61
	192	191
	65	62
	67	65
	68	66
	70	68
	71	70
	72	71
	76	75
	77	76
	78	77
	80	79
	84	83
	86	84
	87	85
	89	86
	91	87
	92	88
	93	89
	94	90
	95	91
	96	92
	98	93
	99	94
	101	95
	102	96
	104	98
	107	101
	111	105
	115	109
	119	113
	123	117
	127	121
net/minecraft/client/renderer/entity/layers/CatCollarLayer	30	29
	18	20
	19	21
	20	22
	24	25
	25	29
	28	26
	13	16
	29	27
	30	29
net/minecraft/client/particle/TotemParticle	37	35
	32	31
	33	32
	37	35
	8	11
	10	12
	12	13
	13	14
	14	15
	16	16
	18	17
	19	18
	21	19
	22	20
	24	22
	26	24
com/mojang/realmsclient/util/task/DownloadTask	72	80
	64	72
	65	73
	66	57
	68	76
	72	80
	15	18
	17	19
	25	26
	26	27
	27	28
	28	29
	29	30
	33	34
	35	35
	37	39
	38	40
	40	43
	41	44
	42	45
	43	46
	45	49
	46	50
	47	51
	48	52
	49	53
	51	56
	52	58
	53	59
	54	60
	56	63
	57	64
	58	65
	59	66
	60	67
	61	68
	63	71
net/minecraft/client/renderer/entity/layers/DolphinCarryingItemLayer	41	40
	32	32
	34	34
	37	37
	38	38
	40	39
	41	40
	18	21
	19	22
	20	23
	24	26
	26	27
	28	28
	29	29
	30	30
	31	31
net/minecraft/client/resources/sounds/MinecartSoundInstance	59	58
	36	38
	41	43
	42	44
	43	58
	46	46
	47	47
	48	48
	50	49
	19	21
	51	50
	20	22
	52	51
	21	23
	22	24
	54	52
	23	25
	24	26
	56	54
	25	27
	57	55
	26	28
	27	29
	59	58
	31	33
net/minecraft/client/gui/screens/inventory/EnchantmentScreen	263	257
	257	252
	258	253
	259	254
	260	255
	262	256
	263	257
	32	35
	33	35
	34	36
	35	37
	37	40
	38	40
	39	41
	40	42
	42	45
	43	48
	44	50
	45	51
	46	52
	62	65
	63	66
	67	70
	68	71
	69	72
	73	76
	74	77
	75	78
	79	82
	80	83
	81	85
	82	86
	83	87
	84	88
	85	88
	86	89
	87	90
	91	94
	96	99
	97	100
	98	101
	100	102
	102	103
	104	104
	106	106
	107	107
	108	108
	110	109
	111	110
	112	111
	113	112
	114	113
	117	115
	118	116
	119	117
	120	118
	122	119
	123	120
	124	121
	125	122
	126	123
	127	124
	128	125
	130	127
	131	128
	132	129
	133	130
	134	131
	135	132
	137	134
	139	137
	140	138
	141	139
	142	140
	144	143
	146	146
	149	149
	150	150
	152	151
	153	152
	154	153
	156	154
	157	155
	159	156
	160	157
	161	158
	162	159
	163	160
	165	161
	166	162
	168	163
	169	164
	170	165
	172	166
	173	167
	174	168
	175	169
	179	173
	180	174
	182	175
	183	176
	185	178
	186	179
	188	180
	189	185
	192	186
	194	187
	195	188
	196	189
	198	190
	200	193
	201	194
	202	195
	203	196
	206	199
	207	200
	209	202
	211	205
	214	207
	215	208
	217	210
	219	213
	223	217
	224	218
	227	222
	230	225
	232	226
	233	227
	235	230
	236	231
	239	234
	240	235
	241	236
	243	237
	244	239
	245	240
	246	241
	250	245
	251	246
	253	248
	255	251
net/minecraft/client/model/geom/PartPose	32	34
	16	18
	32	34
	17	19
	18	20
	19	21
	4	8
	20	22
	21	23
	24	26
	28	30
	15	17
net/minecraft/client/telemetry/WorldSessionTelemetryManager	79	77
	65	63
	66	64
	67	65
	68	66
	71	69
	72	70
	73	71
	74	72
	75	73
	76	74
	77	75
	79	77
	27	27
	28	28
	29	29
	31	30
	32	31
	33	32
	34	33
	35	34
	38	37
	39	38
	42	41
	43	42
	44	43
	45	44
	48	47
	49	48
	50	49
	53	52
	54	53
	57	56
	58	57
	59	58
	61	60
net/minecraft/client/gui/screens/AlertScreen	59	57
	34	35
	39	40
	41	41
	43	42
	44	43
	45	44
	47	45
	48	46
	52	50
	21	22
	53	51
	22	23
	54	52
	55	53
	25	26
	26	27
	27	28
	59	57
	28	29
	29	30
	30	31
net/minecraft/client/renderer/entity/HumanoidMobRenderer	20	22
	17	19
	18	20
	19	21
	20	22
	11	14
	12	15
	15	18
net/minecraft/client/gui/layouts/SpacerElement	65	66
	65	66
	34	36
	35	37
	39	41
	40	42
	44	46
	14	16
	15	17
	49	51
	18	20
	19	21
	20	22
	21	23
	22	24
	54	56
	25	27
	59	61
	29	31
net/minecraft/client/model/BookModel	101	82
	30	31
	31	32
	32	33
	33	34
	34	35
	35	36
	36	37
	37	38
	38	39
	41	42
	42	43
	44	44
	45	45
	46	45
	47	45
	49	47
	50	48
	51	48
	52	48
	54	50
	55	51
	56	51
	57	51
	59	53
	60	53
	61	53
	64	54
	65	54
	66	54
	69	55
	70	55
	71	56
	72	57
	74	58
	79	63
	80	64
	83	67
	84	68
	87	71
	89	72
	90	73
	91	74
	92	75
	94	76
	95	77
	97	78
	98	79
	99	80
	100	81
	101	82
net/minecraft/client/renderer/block/model/BlockModelDefinition	174	171
	128	107
	132	111
	136	115
	142	141
	144	142
	145	143
	147	144
	148	147
	151	145
	155	152
	157	153
	158	154
	159	156
	160	157
	34	121
	35	121
	36	122
	164	161
	37	123
	38	124
	39	125
	40	126
	169	166
	170	167
	44	130
	173	170
	174	171
	48	134
	49	135
	56	36
	60	40
	64	44
	65	45
	66	46
	70	49
	71	51
	72	52
	73	53
	74	54
	76	57
	79	60
	80	61
	82	63
	86	67
	91	72
	92	73
	93	74
	95	76
	100	82
	101	83
	103	84
	104	84
	105	85
	108	87
	113	93
	117	97
	122	102
	124	103
	125	104
net/minecraft/client/resources/metadata/animation/AnimationMetadataSectionSerializer	76	77
	65	68
	66	69
	67	70
	70	72
	76	77
	17	19
	18	20
	19	21
	20	22
	23	25
	25	27
	27	29
	28	30
	30	31
	31	32
	32	33
	35	36
	36	37
	40	41
	41	42
	43	43
	44	44
	46	47
	47	48
	50	51
	52	52
	57	57
	58	58
	59	61
	60	62
	61	63
	62	64
	63	65
com/mojang/blaze3d/platform/TextureUtil	145	135
	130	121
	131	122
	132	123
	133	124
	134	125
	137	128
	141	131
	145	135
	27	25
	35	30
	37	31
	38	32
	39	33
	40	34
	41	35
	42	36
	45	38
	49	43
	50	44
	51	45
	54	48
	55	49
	58	52
	59	53
	62	56
	63	57
	66	60
	67	61
	69	62
	70	63
	71	64
	72	65
	73	66
	76	69
	77	70
	79	72
	82	75
	83	76
	84	77
	88	80
	89	81
	90	82
	92	83
	97	87
	99	90
	100	91
	101	92
	104	96
	105	97
	106	98
	107	99
	112	104
	113	105
	116	108
	117	109
	119	111
	120	112
	121	113
	123	115
	124	116
	126	117
	127	118
net/minecraft/client/model/ShieldModel	59	51
	32	34
	34	35
	35	35
	36	35
	39	36
	40	36
	41	36
	45	37
	49	41
	53	45
	24	26
	25	27
	26	28
	58	50
	27	29
	59	51
	28	30
	31	33
net/minecraft/client/model/geom/builders/package-info	0	0
net/minecraft/client/model/RavagerModel	158	134
	25	26
	26	27
	27	28
	28	29
	29	30
	30	31
	31	32
	32	33
	33	34
	36	37
	37	38
	39	39
	40	40
	41	41
	42	41
	43	41
	45	43
	46	45
	47	45
	48	45
	49	46
	52	48
	53	50
	54	50
	55	51
	57	53
	58	55
	59	55
	60	56
	62	58
	63	59
	64	59
	65	59
	67	61
	68	63
	69	63
	70	63
	71	64
	73	66
	74	67
	75	67
	76	67
	78	69
	79	70
	80	70
	81	70
	83	72
	84	73
	85	73
	86	73
	88	75
	89	76
	90	76
	91	76
	94	78
	99	83
	104	87
	105	88
	107	89
	108	90
	109	91
	110	92
	111	93
	112	94
	116	97
	118	98
	119	99
	120	100
	121	101
	122	102
	123	103
	124	104
	125	105
	126	106
	127	107
	128	108
	129	109
	131	110
	132	111
	134	112
	135	113
	137	115
	140	118
	141	119
	142	120
	143	121
	144	122
	146	123
	147	124
	148	125
	150	126
	151	127
	152	128
	153	129
	154	130
	155	131
	158	134
net/minecraft/client/renderer/culling/Frustum	76	78
	66	68
	70	72
	71	73
	72	74
	73	75
	74	76
	75	77
	76	78
	18	21
	19	22
	22	25
	23	26
	24	27
	25	28
	26	29
	27	30
	28	31
	31	34
	32	35
	33	36
	34	37
	35	38
	36	40
	37	41
	45	48
	46	49
	47	46
	49	52
	53	56
	54	57
	55	58
	56	59
	59	62
	61	63
	62	64
	63	65
net/minecraft/client/particle/WaterCurrentDownParticle	69	65
	67	63
	68	64
	69	65
	13	16
	15	17
	17	18
	19	19
	20	20
	21	21
	23	22
	24	23
	25	24
	26	25
	30	29
	35	34
	36	35
	37	36
	39	37
	40	38
	41	52
	44	40
	45	41
	46	42
	47	43
	48	44
	49	45
	51	46
	52	47
	55	50
	56	52
	62	59
	63	60
net/minecraft/client/model/dragon/DragonHeadModel	67	62
	65	60
	66	61
	67	62
	20	21
	21	22
	22	23
	25	26
	26	27
	28	28
	29	29
	30	31
	31	32
	32	33
	33	34
	34	35
	35	36
	36	37
	37	38
	38	39
	42	42
	43	43
	44	43
	45	43
	48	45
	53	50
	55	51
	56	52
	57	53
	61	57
	62	58
	63	59
net/minecraft/client/resources/sounds/ElytraOnPlayerSoundInstance	57	53
	17	17
	19	18
	20	19
	21	20
	22	21
	23	22
	27	26
	28	27
	29	51
	30	53
	33	28
	34	29
	35	30
	37	31
	38	32
	39	33
	41	35
	45	38
	46	39
	47	40
	48	41
	51	44
	52	45
	53	46
	55	48
	57	53
net/minecraft/client/multiplayer/AccountProfileKeyPairManager	154	149
	129	123
	130	124
	131	125
	132	126
	133	127
	135	127
	138	130
	142	135
	143	136
	144	149
	148	141
	149	142
	150	143
	152	144
	153	145
	154	146
	34	38
	36	39
	38	40
	47	47
	48	48
	49	49
	53	53
	54	54
	55	55
	60	60
	61	61
	63	62
	67	66
	68	67
	69	68
	71	69
	73	72
	77	75
	78	76
	79	77
	80	78
	81	79
	82	80
	85	81
	86	84
	90	88
	91	89
	94	92
	95	93
	96	94
	97	95
	98	96
	104	102
	105	103
	106	104
	109	107
	110	119
	113	108
	114	119
	117	109
	119	111
	120	112
	121	113
	122	114
	124	116
	125	119
net/minecraft/client/renderer/debug/StructureRenderer	80	123
	64	108
	67	111
	69	112
	71	114
	72	115
	74	117
	78	121
	79	122
	80	123
	30	30
	31	31
	35	35
	36	36
	38	37
	40	38
	42	39
	43	40
	44	41
	45	43
	50	63
	51	64
	52	65
	53	66
	55	67
	56	68
	57	70
	59	88
net/minecraft/client/renderer/entity/GhastRenderer	32	29
	32	29
	19	21
	20	21
	23	21
	10	13
	11	14
	28	25
	29	26
	14	17
	30	27
	15	18
	31	28
net/minecraft/client/model/WardenModel	231	182
	41	40
	43	41
	44	42
	45	43
	46	44
	47	45
	48	46
	49	47
	50	48
	51	49
	52	50
	53	51
	54	52
	56	53
	57	54
	58	55
	59	56
	60	57
	63	60
	64	61
	66	62
	67	62
	68	62
	70	63
	71	64
	72	64
	73	64
	75	66
	76	67
	77	67
	80	69
	81	71
	82	71
	83	72
	86	74
	87	75
	88	75
	89	75
	92	77
	93	78
	94	78
	95	78
	98	80
	99	81
	100	81
	101	81
	104	83
	105	84
	106	84
	107	84
	110	86
	111	87
	112	87
	113	87
	116	89
	117	90
	118	90
	119	90
	122	92
	123	93
	124	93
	125	93
	128	95
	133	99
	135	100
	138	101
	139	102
	140	103
	141	104
	144	105
	145	106
	146	107
	147	108
	148	109
	149	110
	150	111
	153	114
	154	115
	155	116
	158	119
	159	120
	160	121
	163	122
	164	123
	166	124
	167	125
	168	126
	171	129
	172	130
	173	131
	174	132
	175	133
	177	134
	178	135
	180	136
	181	137
	183	138
	184	139
	186	140
	187	141
	189	142
	190	143
	192	144
	193	145
	196	148
	197	149
	198	150
	199	151
	201	152
	202	153
	203	154
	204	155
	205	156
	208	159
	209	160
	210	161
	211	162
	215	166
	219	170
	223	174
	227	178
	231	182
com/mojang/realmsclient/util/task/RestoreTask	69	77
	64	73
	69	77
	14	17
	16	18
	23	24
	24	25
	25	26
	26	27
	30	31
	31	32
	33	36
	34	37
	36	40
	37	41
	38	42
	39	43
	41	46
	42	47
	43	48
	44	49
	45	50
	47	53
	48	55
	49	56
	50	57
	52	60
	53	61
	54	62
	55	63
	56	64
	57	65
	59	68
	60	69
	61	70
	62	54
net/minecraft/client/gui/font/glyphs/BakedGlyph	81	81
	72	72
	73	73
	74	74
	75	75
	76	76
	77	77
	78	78
	79	79
	80	80
	81	81
	21	24
	22	25
	23	26
	24	27
	25	28
	27	29
	28	30
	29	31
	30	32
	31	33
	34	36
	35	37
	37	38
	38	39
	40	40
	41	41
	43	42
	44	43
	45	44
	46	45
	47	46
	50	49
	51	50
	52	51
	53	52
	54	53
	57	56
com/mojang/blaze3d/preprocessor/GlslPreprocessor	134	118
	128	112
	129	113
	130	114
	133	117
	134	118
	18	20
	19	22
	20	23
	23	26
	24	27
	26	28
	27	29
	31	33
	33	34
	35	35
	36	36
	37	37
	38	39
	39	40
	43	41
	44	42
	45	43
	46	44
	49	47
	53	48
	55	49
	56	50
	57	51
	58	52
	59	53
	62	56
	63	57
	64	58
	67	59
	69	60
	70	61
	72	64
	75	66
	76	67
	80	70
	81	71
	83	72
	86	77
	87	78
	88	79
	90	82
	94	86
	95	87
	96	88
	98	89
	100	89
	102	89
	105	91
	109	96
	110	97
	111	98
	112	98
	113	98
	115	99
	119	103
	123	107
	124	108
	125	109
com/mojang/realmsclient/dto/RegionPingResult	25	26
	16	17
	17	18
	20	21
	25	26
	15	16
net/minecraft/client/gui/screens/inventory/tooltip/BelowOrAboveWidgetTooltipPositioner	30	30
	17	19
	18	20
	19	21
	22	22
	23	23
	11	14
	27	26
	12	15
	28	27
	30	30
net/minecraft/client/renderer/texture/atlas/SpriteSourceList	80	83
	64	65
	65	66
	66	67
	70	71
	71	72
	72	74
	73	75
	74	76
	75	77
	76	78
	77	79
	80	83
	27	31
	29	32
	34	36
	35	37
	38	40
	39	41
	42	44
	43	45
	44	46
	46	48
	50	52
	51	54
	52	55
	53	56
	54	57
	55	58
	58	61
	61	63
	63	64
net/minecraft/client/gui/components/tabs/TabManager	52	56
	32	34
	35	37
	36	38
	37	39
	39	42
	40	43
	41	44
	42	45
	44	48
	45	49
	48	52
	52	56
	22	24
	23	25
	24	26
	27	29
	28	30
	29	31
	30	32
net/minecraft/client/renderer/blockentity/PistonHeadRenderer	76	85
	64	62
	67	65
	68	66
	70	67
	71	81
	76	85
	24	28
	25	29
	29	32
	30	33
	31	62
	33	34
	34	35
	35	36
	36	62
	39	37
	40	38
	41	39
	42	40
	44	41
	45	42
	46	43
	48	44
	49	45
	50	47
	51	48
	54	49
	55	50
	56	51
	57	52
	58	53
	60	55
	62	58
	63	59
net/minecraft/client/renderer/entity/BlazeRenderer	24	24
	19	20
	24	24
	11	13
	14	16
	15	17
net/minecraft/realms/package-info	0	0
net/minecraft/client/multiplayer/chat/package-info	0	0
com/mojang/realmsclient/gui/task/RepeatedDelayStrategy	40	42
	32	34
	37	39
	38	40
	39	41
	24	27
	40	42
	25	28
	10	13
	15	18
	31	33
net/minecraft/client/model/ShulkerBulletModel	47	50
	35	38
	40	43
	45	48
	46	49
	47	50
	19	20
	20	21
	21	22
	24	25
	25	26
	27	27
	28	29
	29	30
	30	32
	31	34
net/minecraft/client/model/ModelUtils	14	19
	7	9
	8	11
	9	12
	11	15
	12	16
	14	19
net/minecraft/client/renderer/entity/RenderLayerParent	0	0
net/minecraft/client/gui/screens/social/PlayerEntry	287	272
	258	248
	259	249
	260	250
	261	251
	264	254
	265	255
	266	256
	268	257
	273	261
	274	262
	276	263
	277	264
	278	265
	279	266
	280	267
	281	268
	282	269
	283	270
	284	272
	285	272
	287	272
	34	35
	35	36
	36	38
	37	38
	38	39
	39	40
	41	43
	42	43
	43	44
	45	47
	46	47
	47	48
	71	67
	72	68
	73	69
	74	70
	75	71
	76	72
	77	73
	78	74
	79	75
	83	78
	85	80
	86	81
	87	82
	88	83
	91	86
	92	87
	93	88
	94	89
	96	90
	97	91
	98	92
	99	93
	101	94
	102	95
	104	96
	105	97
	106	98
	107	99
	108	100
	109	107
	110	108
	113	113
	116	116
	117	117
	118	118
	119	119
	120	120
	121	121
	122	122
	125	125
	128	128
	129	129
	130	130
	131	131
	132	132
	133	133
	136	136
	139	139
	140	140
	142	141
	143	142
	144	143
	145	144
	147	146
	149	148
	152	151
	153	152
	155	153
	157	153
	163	158
	164	159
	165	160
	168	161
	169	163
	170	164
	171	165
	173	167
	174	168
	175	169
	178	172
	180	173
	182	174
	183	175
	186	178
	187	179
	189	180
	190	181
	191	182
	192	183
	193	184
	194	185
	195	186
	196	187
	197	188
	199	189
	200	190
	204	194
	205	195
	207	197
	211	201
	216	206
	220	210
	224	214
	228	218
	232	222
	233	223
	236	226
	240	230
	241	231
	244	234
	248	238
	252	242
	253	243
	254	244
	255	245
net/minecraft/client/resources/model/BlockModelRotation	73	70
	65	62
	69	66
	73	70
	13	15
	14	16
	15	17
	16	18
	17	19
	18	20
	19	21
	20	22
	21	23
	22	24
	23	25
	24	26
	25	27
	26	28
	27	29
	28	30
	34	34
	39	40
	45	44
	47	45
	49	46
	51	48
	52	49
	55	52
	56	53
	59	56
	60	57
	61	58
com/mojang/blaze3d/vertex/PoseStack	137	131
	128	122
	132	126
	133	127
	137	131
	14	16
	15	17
	16	18
	17	19
	18	20
	21	23
	22	24
	25	27
	26	28
	27	29
	30	32
	31	33
	34	34
	35	35
	36	36
	38	42
	41	39
	42	40
	43	42
	46	45
	47	46
	48	47
	49	48
	52	51
	53	52
	54	53
	55	54
	58	57
	59	58
	62	61
	63	62
	66	65
	70	69
	74	73
	75	74
	76	75
	77	76
	78	77
	81	80
	82	81
	83	82
	84	83
	86	84
	88	86
	91	89
	100	98
	101	99
	102	100
	105	103
	106	104
	107	105
	108	106
	111	109
	112	110
	113	111
	116	114
	124	118
net/minecraft/client/renderer/entity/ZombieRenderer	19	25
	16	22
	17	23
	19	25
	11	13
	12	14
	15	19
net/minecraft/client/KeyMapping	187	178
	130	128
	134	132
	135	133
	139	136
	140	137
	142	138
	15	17
	16	18
	17	19
	146	142
	147	143
	148	143
	150	143
	155	147
	28	27
	29	28
	30	29
	31	30
	159	151
	32	31
	33	32
	34	33
	35	34
	163	155
	36	35
	164	156
	166	157
	39	44
	40	45
	41	46
	170	161
	43	48
	46	51
	174	165
	47	52
	48	53
	50	55
	178	169
	54	58
	182	173
	55	59
	56	60
	186	177
	59	63
	187	178
	62	66
	63	67
	65	69
	68	72
	69	73
	70	74
	73	77
	76	80
	77	82
	78	83
	80	85
	90	88
	91	89
	94	92
	95	93
	96	94
	97	95
	99	96
	100	97
	101	98
	102	99
	105	102
	109	106
	113	110
	114	111
	116	114
	117	115
	121	119
	122	120
	123	121
	126	124
net/minecraft/client/gui/screens/multiplayer/ServerLinksScreen	104	104
	64	66
	66	67
	67	68
	71	72
	76	77
	77	78
	78	79
	79	80
	86	88
	87	88
	24	26
	88	88
	89	89
	93	93
	94	94
	95	95
	34	34
	35	35
	99	99
	36	36
	37	37
	104	104
	41	41
	42	42
	43	43
	45	45
	46	47
	47	48
	51	52
	52	53
	53	54
	55	56
	59	60
	60	61
net/minecraft/client/gui/screens/worldselection/SwitchGrid	178	182
	128	142
	129	143
	131	144
	133	145
	134	146
	136	147
	137	148
	138	149
	139	150
	142	153
	143	155
	145	158
	148	162
	149	164
	150	165
	152	168
	154	169
	155	170
	156	171
	157	172
	158	173
	159	174
	160	175
	161	176
	162	177
	163	178
	36	51
	164	178
	37	52
	165	178
	166	179
	40	55
	168	182
	41	56
	44	59
	45	60
	46	61
	174	105
	175	106
	176	107
	50	65
	178	109
	51	66
	55	70
	56	71
	60	75
	61	75
	63	76
	64	77
	66	78
	67	79
	68	81
	69	82
	72	85
	73	86
	74	87
	75	88
	76	89
	80	93
	81	94
	88	30
	89	31
	92	34
	93	35
	96	38
	110	124
	111	125
	112	126
	113	127
	114	128
	117	131
	118	132
	122	136
	123	137
	127	141
net/minecraft/client/renderer/blockentity/DecoratedPotRenderer	160	141
	128	116
	130	117
	131	118
	135	120
	136	121
	137	122
	142	127
	144	128
	145	129
	146	130
	148	131
	150	132
	151	133
	152	134
	153	135
	155	136
	156	137
	159	140
	160	141
	46	49
	47	50
	48	51
	49	52
	51	53
	52	54
	53	55
	54	56
	55	57
	56	58
	59	61
	60	62
	62	63
	63	64
	65	65
	66	67
	67	68
	68	70
	69	72
	72	74
	73	75
	74	76
	76	77
	80	81
	81	82
	83	83
	85	84
	86	85
	87	86
	88	87
	90	88
	94	92
	95	93
	96	94
	97	95
	100	99
	107	103
	109	104
	111	105
	112	106
	113	107
	115	108
	116	109
	117	110
	118	111
	121	112
	124	113
	125	114
	127	115
net/minecraft/client/renderer/entity/layers/BreezeEyesLayer	29	28
	16	18
	19	21
	20	22
	25	25
	26	26
	28	27
	29	28
net/minecraft/client/telemetry/events/PerformanceMetricsEvent	57	60
	11	14
	18	21
	19	22
	21	24
	24	27
	25	28
	26	29
	27	30
	31	34
	32	35
	33	36
	34	37
	37	40
	38	41
	39	42
	40	43
	41	44
	45	48
	46	49
	47	50
	48	51
	49	52
	50	53
	51	54
	52	55
	53	56
	54	57
	57	60
net/minecraft/client/model/package-info	0	0
net/minecraft/client/gui/screens/recipebook/RecipeUpdateListener	0	0
net/minecraft/client/gui/screens/options/package-info	0	0
com/mojang/realmsclient/dto/RealmsWorldResetDto	29	27
	24	22
	25	23
	26	24
	27	25
	28	26
	29	27
net/minecraft/client/model/MinecartModel	65	60
	65	60
	16	18
	17	19
	20	22
	21	23
	23	24
	24	25
	25	26
	26	27
	28	28
	29	30
	30	30
	31	31
	35	33
	36	35
	37	35
	38	36
	40	38
	41	40
	42	40
	43	41
	45	43
	46	45
	47	45
	48	46
	50	48
	51	49
	52	49
	53	49
	56	51
	61	56
net/minecraft/client/gui/screens/multiplayer/ServerReconfigScreen	65	66
	65	66
	35	36
	36	37
	37	39
	38	40
	39	41
	40	43
	41	45
	42	46
	46	50
	47	51
	51	55
	53	56
	54	57
	55	58
	24	25
	25	26
	26	27
	60	61
	61	62
	30	31
	63	64
net/minecraft/client/gui/components/TabOrderedElement	5	9
	5	9
net/minecraft/client/gui/components/OptionsList	155	159
	129	131
	134	136
	142	145
	143	146
	144	147
	147	150
	151	156
	152	157
	153	158
	27	27
	155	159
	28	28
	29	29
	30	30
	33	33
	34	34
	37	37
	38	38
	39	39
	41	41
	44	44
	45	45
	47	47
	50	50
	51	51
	55	55
	60	60
	61	61
	62	62
	63	63
	64	64
	68	69
	72	73
	73	74
	74	75
	76	76
	77	77
	82	82
	85	85
	86	86
	87	87
	88	88
	92	93
	101	103
	102	104
	103	105
	106	108
	110	112
	111	113
	113	114
	118	119
	119	120
	120	122
	121	123
	122	124
	123	125
	125	127
net/minecraft/client/particle/AttackSweepParticle	55	55
	33	34
	34	35
	35	39
	38	37
	39	39
	11	13
	43	43
	12	14
	13	15
	14	16
	15	17
	16	18
	17	19
	18	20
	50	51
	19	21
	51	52
	20	22
	55	55
	24	26
	29	31
	30	32
	31	33
net/minecraft/client/User	79	80
	32	34
	65	67
	36	38
	70	71
	71	72
	40	42
	75	76
	44	46
	79	80
	48	50
	52	54
	23	25
	24	26
	56	58
	25	27
	26	28
	27	29
	28	30
	60	63
	29	31
	61	64
	62	65
net/minecraft/client/gui/screens/inventory/SmokerScreen	16	19
	16	19
	10	13
	11	14
	12	15
	15	18
net/minecraft/client/multiplayer/chat/ChatListener	223	210
	25	27
	34	35
	35	36
	38	39
	39	48
	42	40
	44	41
	45	43
	46	44
	49	48
	52	51
	54	52
	56	53
	57	54
	60	57
	61	58
	64	61
	65	62
	68	65
	72	69
	73	70
	74	71
	77	74
	81	78
	85	82
	86	83
	88	85
	90	87
	93	90
	94	91
	95	92
	97	93
	98	94
	99	95
	100	96
	101	97
	102	98
	104	101
	106	103
	109	106
	110	107
	111	108
	113	111
	114	112
	115	113
	116	114
	118	116
	121	119
	123	120
	124	121
	125	122
	126	123
	128	124
	130	125
	131	126
	133	128
	136	133
	137	134
	138	135
	141	138
	142	157
	145	139
	147	140
	148	141
	149	142
	150	143
	151	144
	153	146
	154	147
	155	148
	156	149
	160	153
	162	154
	163	155
	167	162
	168	163
	171	166
	172	166
	175	166
	179	170
	180	171
	181	172
	184	175
	185	176
	186	177
	189	180
	190	190
	193	181
	194	182
	196	184
	197	185
	200	188
	201	190
	204	193
	205	194
	206	195
	207	195
	210	195
	214	199
	215	200
	216	201
	218	203
	223	210
net/minecraft/client/telemetry/events/WorldUnloadEvent	44	44
	33	35
	34	36
	38	40
	39	40
	40	41
	41	42
	42	43
	43	43
	44	44
	14	15
	19	20
	20	21
	21	22
	23	24
	26	27
	27	28
	29	31
	30	32
net/minecraft/client/resources/language/ClientLanguage	76	74
	32	33
	34	35
	66	66
	35	36
	37	38
	39	40
	71	70
	40	41
	41	42
	42	43
	76	74
	46	48
	50	52
	51	53
	52	54
	21	23
	53	55
	54	56
	57	59
	27	28
	28	29
	29	30
	61	62
net/minecraft/client/gui/components/package-info	0	0
net/minecraft/client/particle/SquidInkParticle	63	63
	10	13
	11	14
	12	15
	14	16
	15	17
	17	18
	18	19
	20	20
	22	21
	23	22
	24	23
	25	24
	29	28
	30	29
	31	30
	32	31
	33	32
	35	35
	36	36
	39	39
	45	59
	46	60
	50	63
	58	46
	59	47
	63	50
net/minecraft/client/model/BatModel	106	88
	26	27
	27	28
	28	29
	29	30
	30	31
	31	32
	32	33
	33	34
	34	35
	35	36
	38	39
	39	40
	41	41
	42	42
	43	42
	44	42
	46	44
	47	45
	48	45
	49	45
	51	47
	52	48
	53	48
	54	48
	56	50
	57	51
	58	51
	59	51
	61	53
	62	54
	63	54
	64	54
	66	56
	67	57
	68	57
	69	57
	71	59
	72	60
	73	60
	74	60
	76	62
	77	63
	78	63
	79	63
	81	65
	82	66
	83	66
	84	66
	86	68
	91	73
	96	77
	97	78
	98	79
	100	82
	101	83
	102	84
	105	87
	106	88
net/minecraft/client/server/package-info	0	0
net/minecraft/client/gui/spectator/categories/package-info	0	0
net/minecraft/client/particle/DustColorTransitionParticle	49	62
	32	43
	36	47
	37	48
	38	49
	44	56
	45	57
	14	27
	16	28
	49	62
	18	29
	19	30
	20	31
	23	34
	27	38
	28	39
	29	40
	30	41
	31	42
net/minecraft/client/gui/screens/inventory/StonecutterScreen	196	187
	18	20
	19	21
	20	22
	21	23
	22	24
	23	25
	42	41
	43	42
	44	43
	45	44
	49	48
	50	49
	51	50
	55	54
	56	55
	57	56
	59	57
	60	58
	61	59
	63	60
	64	61
	66	62
	68	63
	69	64
	70	65
	74	69
	76	70
	77	71
	78	72
	80	73
	81	74
	82	76
	83	77
	85	78
	86	79
	87	80
	88	81
	92	85
	95	88
	96	89
	97	90
	98	91
	99	92
	102	94
	103	95
	104	96
	105	97
	107	99
	110	102
	112	104
	115	107
	116	109
	117	110
	118	111
	119	112
	120	113
	122	114
	124	116
	128	120
	129	121
	130	122
	131	123
	133	124
	134	126
	135	127
	136	128
	137	129
	138	130
	139	131
	140	132
	141	133
	145	137
	146	138
	147	139
	148	140
	152	144
	157	149
	158	150
	159	151
	161	152
	162	153
	164	154
	166	155
	168	157
	173	163
	174	164
	175	165
	176	166
	177	167
	179	170
	183	174
	187	178
	191	182
	192	183
	193	184
	194	185
	196	187
net/minecraft/client/gui/navigation/FocusNavigationEvent	23	30
	16	22
	23	14
	9	30
net/minecraft/client/gui/spectator/package-info	0	0
com/mojang/blaze3d/platform/IconSet	43	44
	34	35
	38	39
	39	40
	40	41
	41	42
	43	44
	13	15
	14	16
	20	21
	21	22
	24	25
	25	26
	26	27
	27	28
	28	29
	29	30
net/minecraft/client/multiplayer/TransferState	0	0
net/minecraft/client/main/GameConfig	80	89
	67	42
	68	43
	69	44
	37	62
	70	45
	38	63
	71	46
	39	64
	40	65
	41	66
	74	49
	42	67
	80	73
	52	85
	53	86
	22	26
	54	87
	23	27
	55	88
	24	28
	56	89
	25	29
	26	30
	27	31
net/minecraft/client/renderer/RenderType	1131	1431
	1024	1333
	1025	1334
	1029	1338
	1030	1339
	1034	1343
	1035	1344
	1039	1348
	1040	1349
	1044	1353
	1045	1354
	21	1419
	22	1420
	23	1421
	1049	1358
	1050	1359
	29	1426
	1054	1363
	30	1427
	1055	1364
	34	1431
	1059	1368
	1060	1369
	1064	1373
	1065	1374
	1069	1378
	46	26
	1070	1379
	47	34
	48	35
	49	36
	50	37
	1074	1383
	1075	1384
	53	751
	1079	1388
	56	39
	1080	1389
	57	47
	58	48
	59	49
	60	50
	1084	1393
	63	755
	1088	1398
	66	52
	67	60
	68	61
	69	62
	70	63
	1094	1175
	1095	1176
	1096	1182
	73	759
	1097	1183
	1098	1184
	1099	1185
	1100	1186
	77	763
	1101	1187
	78	764
	79	765
	80	766
	81	767
	82	768
	83	769
	1109	1205
	86	66
	1110	1207
	1111	1209
	1112	1211
	89	773
	1113	1212
	93	777
	1117	1216
	94	778
	95	779
	96	780
	97	781
	98	782
	1122	1221
	99	783
	102	69
	1126	1225
	105	787
	1131	1230
	108	72
	111	791
	112	792
	113	793
	114	794
	115	795
	116	796
	117	797
	118	798
	119	799
	120	800
	122	801
	126	805
	130	809
	133	74
	134	76
	135	77
	136	78
	137	79
	138	80
	139	81
	140	82
	142	83
	146	813
	149	86
	150	88
	151	89
	152	90
	153	91
	154	92
	155	93
	156	94
	158	95
	162	817
	165	98
	166	100
	167	101
	168	102
	169	103
	170	104
	171	105
	172	106
	173	107
	175	108
	179	821
	183	825
	186	111
	187	113
	188	114
	189	115
	190	116
	191	117
	192	118
	193	119
	194	120
	195	121
	197	122
	201	829
	205	833
	208	125
	209	127
	210	128
	211	129
	212	130
	213	131
	214	132
	215	133
	216	134
	217	135
	219	136
	223	837
	226	139
	227	141
	228	142
	229	143
	230	144
	231	145
	232	146
	233	147
	235	148
	239	841
	242	151
	243	153
	244	154
	245	155
	246	156
	247	157
	248	158
	249	159
	250	160
	252	161
	256	845
	260	849
	263	164
	264	166
	265	167
	266	168
	267	169
	268	170
	269	171
	270	172
	271	173
	273	174
	277	853
	281	857
	284	177
	285	179
	286	180
	287	181
	288	182
	289	183
	290	184
	292	185
	296	861
	299	188
	300	190
	301	191
	302	192
	303	193
	304	194
	305	195
	307	196
	311	865
	314	199
	315	201
	316	202
	317	203
	318	204
	319	205
	320	206
	321	207
	322	208
	324	209
	328	869
	331	212
	332	214
	333	215
	334	216
	335	217
	336	218
	337	219
	338	220
	339	221
	340	222
	342	223
	346	873
	349	226
	350	228
	351	229
	352	230
	353	231
	354	232
	355	233
	356	234
	357	235
	358	236
	359	237
	360	238
	362	239
	366	877
	369	242
	370	244
	371	245
	372	246
	373	247
	374	248
	376	249
	380	881
	383	252
	384	254
	385	255
	386	263
	387	264
	388	265
	389	266
	390	267
	394	885
	398	889
	402	893
	403	901
	404	902
	405	903
	406	904
	407	905
	408	906
	409	907
	410	908
	415	913
	416	921
	417	922
	418	923
	419	924
	420	925
	421	926
	422	927
	423	928
	426	271
	427	277
	428	278
	429	279
	430	280
	431	281
	434	933
	437	283
	438	289
	439	290
	440	291
	441	292
	444	937
	448	941
	451	294
	452	300
	453	301
	454	302
	455	303
	456	304
	457	305
	458	306
	459	307
	460	308
	463	945
	466	310
	467	316
	468	317
	469	318
	470	319
	471	320
	472	321
	473	322
	474	323
	475	324
	478	949
	481	326
	482	332
	483	333
	484	334
	485	335
	486	336
	487	337
	488	338
	489	339
	492	953
	495	341
	496	347
	497	348
	498	349
	499	350
	500	351
	501	352
	502	353
	503	354
	504	355
	507	957
	510	357
	511	363
	512	364
	513	365
	514	366
	515	367
	516	368
	517	369
	518	370
	521	961
	524	372
	525	374
	526	375
	527	383
	528	384
	529	385
	530	386
	531	387
	532	388
	536	965
	539	392
	540	393
	541	401
	542	402
	543	403
	544	404
	545	405
	549	969
	552	409
	553	408
	554	416
	555	417
	556	418
	557	419
	558	420
	561	973
	564	422
	565	423
	566	431
	567	432
	568	433
	569	434
	570	435
	574	977
	577	438
	578	439
	579	447
	580	448
	581	449
	582	450
	583	451
	584	452
	588	981
	591	455
	592	456
	593	464
	594	465
	595	466
	596	467
	597	468
	598	469
	602	985
	605	472
	606	473
	607	481
	608	482
	609	483
	610	484
	611	485
	612	486
	613	487
	617	989
	620	491
	621	490
	622	498
	623	499
	624	500
	625	501
	626	502
	627	503
	628	504
	631	993
	634	506
	635	507
	636	515
	637	516
	638	517
	639	518
	640	519
	641	520
	642	521
	646	997
	649	524
	650	532
	651	533
	652	534
	653	535
	654	536
	657	1001
	660	538
	661	546
	662	547
	663	548
	664	549
	667	1005
	670	551
	671	558
	672	558
	673	558
	676	1009
	680	1013
	681	1014
	682	1015
	683	1016
	684	1017
	685	1018
	686	1019
	689	560
	692	1023
	695	561
	696	569
	697	570
	698	572
	699	573
	700	574
	701	576
	704	1027
	707	578
	708	586
	709	587
	710	589
	711	590
	712	591
	713	593
	716	1031
	719	595
	720	596
	723	1035
	724	1043
	725	1044
	726	1045
	727	1046
	728	1047
	729	1048
	730	1049
	734	1054
	738	1058
	741	597
	742	603
	743	604
	744	605
	745	606
	746	607
	747	608
	748	609
	749	610
	752	1062
	755	612
	756	618
	757	619
	758	620
	759	621
	760	622
	761	623
	762	624
	763	625
	766	1066
	769	627
	770	628
	771	634
	772	635
	773	636
	774	637
	775	638
	779	1070
	782	641
	783	649
	784	650
	785	651
	786	652
	789	1074
	792	654
	793	662
	794	663
	795	664
	796	665
	799	1078
	802	667
	803	675
	804	676
	805	677
	806	678
	807	679
	808	680
	811	1082
	814	682
	815	690
	816	691
	817	692
	818	693
	819	694
	822	1086
	825	696
	826	702
	827	703
	828	704
	829	705
	832	1090
	835	707
	836	713
	837	714
	838	715
	839	716
	840	717
	843	1094
	846	719
	847	725
	848	726
	849	727
	850	728
	851	729
	854	1098
	857	731
	858	737
	859	738
	860	739
	861	740
	862	741
	865	1102
	868	743
	877	1106
	878	1107
	879	1108
	880	1109
	881	1110
	882	1111
	883	1112
	886	1117
	890	1123
	894	1127
	895	1128
	896	1129
	897	1130
	901	1134
	905	1138
	909	1142
	913	1146
	917	1150
	921	1154
	925	1158
	929	1162
	933	1166
	937	1170
	959	1268
	960	1269
	961	1270
	962	1271
	963	1272
	964	1273
	965	1274
	966	1275
	967	1276
	968	1277
	969	1278
	970	1279
	971	1280
	972	1281
	974	1282
	989	1297
	993	1301
	997	1305
	1001	1310
	1002	1311
	1003	1312
	1004	1313
	1005	1314
	1006	1315
	1007	1316
	1008	1317
	1009	1318
	1010	1319
	1011	1320
	1012	1321
	1013	1322
	1016	1325
	1019	1328
	1020	1329
net/minecraft/client/gui/font/providers/FreeTypeUtil	70	69
	64	63
	65	64
	66	65
	67	66
	70	69
	12	14
	16	16
	19	19
	20	20
	21	21
	22	22
	23	23
	24	24
	27	28
	32	33
	33	34
	35	36
	38	39
	39	40
	40	41
	42	43
	46	48
	47	49
	48	49
	50	49
	54	53
	55	54
	56	55
	60	59
net/minecraft/client/gui/screens/options/SoundOptionsScreen	33	35
	16	17
	33	35
	21	21
	22	22
	26	26
	27	27
	12	14
	28	28
	29	29
	30	30
	15	17
net/minecraft/client/renderer/texture/atlas/SpriteResourceLoader	50	59
	35	37
	36	38
	37	39
	38	40
	39	41
	42	44
	43	45
	44	46
	45	47
	48	50
	49	58
	50	59
	22	24
	25	27
	28	30
	29	31
	30	32
	31	33
net/minecraft/client/gui/screens/LoadingDotsText	14	13
	4	8
	13	12
	14	13
net/minecraft/client/renderer/chunk/VisibilitySet	56	61
	9	11
	11	12
	14	15
	15	16
	16	17
	19	20
	22	23
	23	24
	24	25
	27	28
	28	29
	31	32
	36	37
	37	38
	38	40
	39	41
	41	44
	43	46
	44	47
	45	49
	46	50
	47	51
	49	53
	50	54
	53	58
	56	61
net/minecraft/client/gui/screens/reporting/SkinReportScreen	83	75
	65	63
	66	64
	67	65
	69	67
	71	70
	72	71
	80	75
	81	75
	83	75
	22	23
	28	28
	29	29
	32	32
	33	33
	36	36
	37	37
	41	41
	42	42
	44	43
	46	44
	48	45
	49	46
	50	47
	51	48
	52	49
	53	51
	54	53
	56	54
	57	55
	58	56
	59	57
	60	58
	61	59
net/minecraft/client/renderer/entity/WardenRenderer	29	43
	11	14
	12	16
	13	18
	14	19
	15	20
	18	23
	20	24
	21	27
	22	34
	23	38
	24	39
	25	40
	29	43
com/mojang/blaze3d/platform/Lighting	42	42
	34	35
	35	36
	38	39
	39	40
	8	11
	40	40
	9	12
	42	42
	11	13
	12	14
	14	15
	15	16
	18	19
	19	20
	22	23
	23	24
	26	27
	27	28
	30	31
	31	32
net/minecraft/client/renderer/item/ClampedItemPropertyFunction	14	16
	14	16
net/minecraft/client/renderer/Rect2i	73	74
	64	65
	65	66
	68	69
	69	70
	70	71
	73	74
	10	14
	11	15
	12	16
	13	17
	14	18
	17	21
	18	22
	19	23
	20	24
	22	25
	23	26
	24	27
	25	28
	27	29
	28	30
	29	31
	30	32
	32	33
	36	37
	40	41
	44	45
	45	46
	48	49
	49	50
	52	53
	56	57
	60	61
	61	62
com/mojang/realmsclient/gui/RealmsServerList	47	45
	33	31
	34	32
	37	35
	38	36
	39	37
	43	41
	47	45
	20	20
	21	21
	24	24
	25	25
	27	26
	28	27
	30	28
net/minecraft/client/gui/components/Checkbox	177	162
	130	55
	135	60
	136	61
	137	62
	140	65
	16	18
	17	19
	145	70
	18	20
	146	71
	19	21
	147	72
	148	73
	150	75
	153	78
	157	82
	158	83
	159	84
	161	85
	163	86
	165	88
	166	89
	168	91
	170	94
	171	95
	173	96
	174	97
	175	98
	176	99
	177	100
	53	117
	54	118
	55	119
	56	120
	59	123
	60	124
	61	125
	65	129
	66	130
	70	134
	71	135
	72	136
	76	140
	77	141
	78	142
	82	146
	83	147
	87	151
	88	152
	92	156
	93	157
	94	158
	95	159
	97	160
	98	161
	99	162
	104	30
	106	31
	107	32
	108	33
	109	34
	110	35
	111	36
	114	39
	118	43
	122	47
	126	51
net/minecraft/client/multiplayer/KnownPacksManager	48	52
	33	35
	34	36
	35	38
	36	39
	37	40
	38	41
	39	42
	42	46
	43	47
	47	51
	48	52
	18	21
	23	25
	24	26
	25	27
	26	28
	27	29
	28	30
	29	31
	30	32
net/minecraft/client/renderer/entity/PufferfishRenderer	57	54
	32	31
	37	35
	38	36
	39	37
	40	38
	41	39
	42	40
	44	42
	15	18
	48	46
	49	47
	50	48
	51	49
	23	25
	55	52
	56	53
	57	54
	26	26
	27	27
	28	28
net/minecraft/client/resources/metadata/animation/AnimationMetadataSection	68	59
	32	30
	33	31
	65	56
	34	32
	66	57
	68	59
	37	35
	38	36
	39	36
	43	36
	14	14
	46	39
	48	40
	17	17
	52	43
	53	44
	57	48
	29	27
	61	52
	30	28
	31	29
net/minecraft/client/renderer/entity/ItemEntityRenderer	125	124
	29	31
	30	32
	32	33
	33	34
	34	35
	38	38
	43	42
	45	43
	46	44
	48	45
	49	46
	52	47
	53	48
	54	49
	55	50
	58	51
	59	52
	61	53
	62	54
	64	55
	65	56
	68	59
	73	64
	74	65
	75	66
	76	67
	77	68
	78	69
	79	71
	80	71
	83	71
	87	78
	88	79
	89	80
	92	92
	94	93
	95	94
	96	95
	98	96
	99	97
	100	98
	101	99
	102	100
	104	103
	105	104
	106	105
	107	106
	108	107
	109	108
	110	109
	111	110
	113	112
	114	113
	115	114
	118	118
	120	119
	121	120
	122	121
	125	124
net/minecraft/client/gui/screens/inventory/BookEditScreen	726	688
	512	480
	513	480
	515	481
	519	485
	520	486
	523	489
	524	490
	525	491
	526	492
	527	493
	529	496
	533	500
	534	501
	535	502
	538	505
	542	509
	543	510
	546	513
	547	514
	548	515
	551	518
	552	519
	553	520
	555	523
	556	524
	558	525
	559	526
	560	527
	49	47
	561	528
	50	48
	562	529
	51	49
	563	530
	52	50
	564	531
	565	532
	566	533
	567	534
	568	535
	569	536
	570	537
	571	538
	572	539
	574	540
	576	541
	579	543
	580	544
	69	64
	582	546
	583	547
	584	548
	73	67
	74	67
	587	551
	77	67
	589	552
	590	553
	591	554
	593	555
	594	556
	595	557
	596	558
	597	559
	598	560
	600	562
	601	563
	602	565
	603	566
	604	567
	605	568
	606	569
	608	572
	98	84
	99	85
	100	86
	612	576
	101	87
	103	88
	104	89
	616	580
	105	90
	617	581
	618	581
	108	93
	620	581
	109	94
	112	97
	113	98
	625	585
	626	586
	116	101
	628	587
	117	102
	629	588
	119	104
	631	589
	122	107
	635	593
	636	594
	126	111
	638	595
	639	596
	641	597
	642	598
	131	116
	132	117
	644	599
	133	118
	137	122
	139	123
	140	124
	652	686
	141	125
	653	687
	142	126
	654	688
	143	127
	144	128
	145	129
	146	130
	148	131
	149	132
	150	133
	151	134
	153	136
	665	672
	154	137
	666	673
	155	138
	667	674
	156	139
	668	675
	669	676
	158	142
	670	677
	159	143
	161	144
	162	145
	674	605
	164	146
	165	147
	167	148
	168	149
	171	152
	172	153
	685	615
	174	156
	686	616
	175	157
	687	617
	176	158
	688	618
	689	619
	690	620
	179	161
	691	621
	180	162
	182	164
	694	624
	183	165
	695	625
	184	166
	696	626
	698	629
	187	170
	699	630
	188	171
	189	172
	701	633
	702	634
	192	175
	193	176
	706	638
	195	177
	707	639
	196	178
	197	179
	709	641
	198	180
	710	642
	199	181
	711	643
	200	182
	712	644
	714	646
	203	185
	204	187
	716	649
	205	188
	207	190
	720	653
	721	654
	210	193
	211	199
	725	658
	214	194
	726	659
	216	195
	218	196
	219	197
	220	199
	225	202
	226	203
	229	206
	230	210
	232	207
	233	208
	234	210
	238	214
	239	215
	242	216
	243	217
	245	219
	246	220
	247	221
	248	222
	250	224
	256	231
	257	232
	260	235
	261	236
	262	237
	263	238
	264	239
	265	240
	267	242
	269	244
	270	245
	271	246
	272	247
	274	249
	280	254
	281	255
	282	256
	283	259
	284	260
	285	261
	286	264
	287	265
	288	266
	289	269
	290	270
	291	271
	294	274
	296	275
	298	281
	299	282
	301	284
	302	285
	305	278
	306	279
	308	290
	309	291
	311	287
	312	288
	314	296
	315	297
	317	293
	318	294
	320	299
	321	300
	323	302
	324	303
	326	305
	327	306
	329	308
	330	309
	334	311
	338	316
	339	317
	342	320
	343	321
	346	324
	347	325
	348	326
	349	327
	352	330
	353	331
	355	333
	356	334
	357	335
	359	337
	362	340
	363	341
	365	343
	366	344
	367	345
	368	346
	370	348
	373	351
	375	361
	376	362
	377	363
	378	364
	381	354
	382	355
	383	356
	385	359
	390	366
	394	371
	395	371
	397	371
	401	375
	402	376
	403	377
	404	378
	406	380
	410	384
	413	385
	415	386
	416	387
	418	388
	419	389
	420	391
	422	393
	423	394
	425	395
	426	396
	427	397
	428	398
	430	399
	432	401
	433	402
	435	403
	436	405
	437	406
	439	409
	440	410
	442	412
	446	416
	447	417
	448	418
	451	421
	452	422
	453	423
	454	424
	456	426
	459	429
	462	432
	463	433
	464	434
	465	435
	466	436
	467	437
	469	439
	472	442
	476	446
	481	451
	482	452
	485	455
	486	456
	488	457
	489	458
	490	459
	491	460
	492	462
	493	463
	495	465
	498	461
	500	468
	502	471
	503	472
	506	475
	510	479
	511	480
net/minecraft/client/gui/screens/packs/PackSelectionModel	269	270
	131	130
	259	260
	136	135
	264	265
	265	266
	141	140
	269	270
	146	145
	151	150
	156	155
	31	31
	32	32
	33	33
	161	160
	34	34
	36	35
	37	36
	165	164
	38	37
	166	165
	39	38
	167	166
	40	39
	168	167
	169	168
	170	169
	43	42
	173	172
	174	173
	47	46
	175	174
	177	176
	51	50
	52	51
	180	179
	181	180
	182	181
	55	54
	183	182
	56	55
	184	183
	57	56
	185	184
	60	59
	189	188
	62	60
	190	189
	191	190
	64	61
	65	62
	66	63
	67	64
	196	195
	197	196
	201	200
	202	201
	203	202
	208	207
	209	208
	83	81
	214	214
	215	215
	219	219
	224	224
	101	99
	229	229
	105	103
	234	234
	238	238
	239	239
	244	245
	117	116
	245	246
	118	117
	249	250
	126	125
	254	255
net/minecraft/client/multiplayer/chat/report/NameReport	73	71
	32	33
	65	64
	66	65
	67	66
	37	38
	70	69
	72	70
	73	71
	42	44
	43	45
	46	48
	47	49
	19	21
	51	53
	20	22
	21	23
	24	26
	57	59
	58	59
	60	59
	29	30
	30	31
	31	32
com/mojang/realmsclient/client/package-info	0	0
net/minecraft/client/gui/components/toasts/TutorialToast	91	92
	65	66
	66	67
	69	70
	70	71
	73	75
	74	76
	75	77
	12	14
	76	78
	77	79
	78	80
	79	81
	85	86
	86	87
	89	90
	90	91
	91	92
	29	30
	30	31
	31	32
	32	33
	33	34
	37	38
	38	39
	40	40
	41	41
	43	43
	44	44
	47	47
	48	48
	49	49
	51	51
	52	52
	54	54
	56	57
	57	58
	58	59
	61	62
net/minecraft/client/gui/screens/inventory/tooltip/ClientBundleTooltip	99	100
	64	73
	66	65
	67	66
	68	67
	69	68
	70	69
	71	70
	73	73
	12	15
	76	76
	77	77
	80	80
	84	84
	22	23
	23	24
	88	89
	89	90
	27	28
	32	33
	96	97
	97	98
	98	99
	99	100
	36	37
	40	41
	45	46
	46	47
	48	48
	50	49
	51	50
	52	52
	53	53
	54	54
	55	55
	56	56
	59	59
	62	62
	63	63
com/mojang/realmsclient/gui/task/DataFetcher	174	176
	128	66
	129	67
	130	68
	131	69
	133	71
	136	74
	137	75
	138	76
	139	77
	141	79
	144	82
	145	83
	146	84
	23	21
	153	92
	154	93
	155	94
	156	95
	30	27
	31	28
	159	98
	32	29
	160	99
	33	30
	162	101
	36	33
	37	34
	165	104
	38	35
	166	105
	40	37
	168	107
	171	110
	44	42
	172	111
	174	113
	64	133
	65	134
	66	135
	67	136
	68	137
	71	140
	72	141
	73	142
	75	143
	77	146
	78	147
	79	148
	80	148
	81	149
	82	150
	83	151
	84	151
	85	152
	86	153
	87	154
	88	155
	91	158
	92	159
	94	161
	95	162
	96	163
	97	164
	98	165
	99	166
	103	170
	106	173
	107	174
	108	175
	109	176
	118	56
	119	57
	120	58
	123	61
	124	62
	125	63
net/minecraft/client/renderer/block/model/multipart/AndCondition	25	25
	18	19
	19	20
	23	24
	25	25
net/minecraft/client/renderer/entity/EntityRenderer	219	204
	36	35
	37	36
	38	37
	41	40
	42	41
	46	45
	50	49
	51	49
	53	49
	57	53
	58	54
	60	57
	61	58
	63	61
	64	62
	65	63
	67	66
	68	67
	71	70
	72	71
	73	72
	74	73
	77	77
	81	81
	85	85
	86	86
	87	87
	88	88
	92	92
	93	95
	96	93
	97	95
	100	98
	102	99
	104	100
	105	101
	106	102
	107	103
	109	104
	110	105
	111	106
	113	107
	115	108
	116	109
	117	110
	119	111
	121	112
	122	113
	124	114
	127	115
	128	116
	130	117
	131	118
	133	119
	134	120
	136	121
	137	122
	139	124
	140	125
	142	128
	143	129
	146	132
	147	133
	150	152
	151	153
	152	154
	153	155
	155	156
	156	157
	157	158
	158	159
	160	160
	161	161
	162	162
	164	163
	165	164
	166	165
	169	168
	175	174
	179	178
	181	179
	182	201
	185	180
	186	181
	187	201
	190	182
	192	183
	194	184
	195	185
	196	186
	198	187
	200	188
	202	189
	203	190
	205	191
	207	192
	209	193
	211	194
	212	195
	215	198
	216	201
	219	204
net/minecraft/client/renderer/entity/SkeletonRenderer	38	42
	33	38
	38	42
	11	14
	14	17
	15	18
	18	23
	19	24
	22	29
	24	30
	25	32
	26	32
	27	32
	29	35
net/minecraft/client/particle/PortalParticle	103	98
	12	15
	14	16
	15	17
	16	18
	17	19
	18	20
	19	21
	20	22
	21	23
	22	24
	24	25
	26	26
	27	27
	28	28
	29	29
	31	30
	32	31
	36	35
	41	40
	42	41
	43	42
	47	46
	48	47
	49	48
	50	49
	51	50
	56	55
	58	56
	59	57
	60	58
	62	59
	63	60
	64	61
	65	62
	66	63
	68	66
	73	71
	74	72
	75	73
	77	74
	78	75
	79	85
	82	77
	83	78
	84	79
	85	80
	87	81
	88	82
	89	83
	90	85
	96	92
	97	93
	101	96
	102	97
	103	98
net/minecraft/client/gui/screens/PresetFlatWorldScreen	316	337
	256	278
	257	279
	261	283
	262	284
	264	287
	265	287
	266	288
	269	291
	273	296
	279	301
	280	302
	281	303
	282	304
	283	305
	287	309
	288	310
	289	311
	293	315
	294	316
	298	320
	299	321
	300	322
	45	48
	301	323
	46	49
	302	324
	305	327
	307	328
	308	329
	55	56
	311	332
	56	57
	312	333
	316	337
	67	67
	68	68
	69	69
	73	73
	77	76
	78	77
	80	80
	81	81
	82	82
	83	83
	87	86
	88	87
	91	90
	92	91
	96	95
	97	96
	98	97
	99	98
	102	101
	103	102
	104	103
	107	105
	111	110
	112	111
	113	112
	115	114
	116	115
	117	116
	118	117
	120	120
	121	121
	124	124
	128	135
	129	136
	130	137
	133	140
	135	141
	136	142
	139	145
	140	146
	141	147
	142	148
	143	149
	144	150
	145	151
	146	152
	147	153
	148	154
	152	158
	156	162
	158	164
	159	165
	160	166
	162	169
	165	172
	166	174
	168	176
	173	181
	174	182
	176	183
	177	184
	178	185
	179	186
	180	187
	182	188
	183	189
	184	190
	185	191
	186	192
	187	193
	188	194
	190	195
	192	196
	193	201
	194	203
	195	204
	196	205
	197	211
	199	213
	200	214
	205	218
	210	223
	211	224
	212	225
	213	226
	217	230
	218	231
	222	235
	224	236
	225	237
	227	238
	228	239
	229	240
	231	241
	233	242
	234	243
	237	246
	238	247
	242	252
	243	254
	244	261
	245	263
	246	267
	248	271
	251	274
	255	277
net/minecraft/client/renderer/texture/PreloadedTexture	42	45
	32	35
	37	40
	38	41
	39	42
	42	45
	17	19
	18	20
	19	21
	23	25
	24	26
	25	27
	26	28
	28	30
com/mojang/realmsclient/util/task/ResettingTemplateWorldTask	19	22
	18	21
	19	22
	12	15
	13	16
	14	17
net/minecraft/client/gui/font/providers/BitmapProvider	226	213
	130	128
	131	130
	132	131
	134	132
	135	133
	137	134
	138	135
	140	136
	142	137
	144	139
	145	140
	146	142
	147	143
	148	144
	151	145
	153	146
	154	147
	155	148
	30	31
	160	154
	36	36
	37	37
	165	160
	38	38
	166	160
	167	161
	168	163
	169	164
	42	42
	43	43
	171	165
	172	166
	48	48
	176	171
	53	53
	62	58
	64	59
	65	60
	193	180
	67	62
	68	63
	198	185
	71	66
	201	188
	74	68
	75	70
	76	71
	78	74
	206	193
	80	75
	83	88
	211	198
	85	89
	86	90
	216	203
	89	93
	90	94
	92	95
	93	96
	221	208
	222	209
	96	99
	97	100
	98	101
	226	213
	99	103
	102	108
	105	77
	106	78
	107	79
	108	80
	109	81
	110	83
	113	112
	114	113
	116	114
	121	119
	126	124
net/minecraft/client/gui/components/DebugScreenOverlay	638	669
	512	546
	513	547
	515	548
	516	549
	517	550
	518	551
	521	554
	525	558
	529	562
	533	566
	537	570
	541	574
	545	578
	546	579
	549	582
	550	583
	551	584
	552	585
	554	587
	557	590
	558	591
	559	592
	560	593
	562	595
	565	598
	566	599
	567	600
	569	602
	572	605
	573	606
	576	609
	580	613
	584	617
	588	621
	589	622
	590	623
	592	625
	81	82
	82	83
	83	84
	595	628
	84	85
	596	629
	85	86
	597	630
	86	87
	598	631
	87	88
	599	632
	88	89
	603	637
	605	638
	606	639
	607	640
	608	641
	611	644
	613	645
	614	646
	617	649
	621	650
	622	651
	623	652
	624	653
	627	656
	628	657
	117	116
	629	658
	118	117
	630	659
	119	118
	120	119
	121	120
	122	121
	634	663
	123	122
	635	665
	124	123
	636	666
	638	669
	127	126
	128	127
	129	128
	132	131
	134	132
	136	133
	137	134
	139	135
	140	136
	141	137
	143	138
	144	139
	145	140
	146	141
	147	142
	148	143
	149	144
	152	148
	153	149
	154	150
	155	151
	156	152
	158	155
	159	156
	161	158
	171	159
	172	160
	175	163
	177	164
	178	165
	179	166
	180	176
	182	177
	183	178
	186	181
	188	182
	189	183
	192	186
	193	188
	194	189
	195	190
	196	191
	197	192
	198	193
	199	194
	202	198
	203	199
	204	200
	205	201
	206	202
	207	203
	208	204
	211	207
	216	210
	217	211
	218	212
	219	213
	220	214
	222	215
	223	217
	224	218
	225	219
	226	220
	228	222
	231	226
	232	227
	233	228
	234	229
	235	230
	237	233
	238	235
	240	238
	243	241
	244	242
	245	243
	246	245
	249	253
	250	254
	251	255
	252	256
	254	258
	258	262
	259	263
	261	265
	263	266
	266	267
	269	268
	272	269
	275	270
	279	272
	280	273
	281	274
	282	275
	285	278
	286	279
	287	280
	288	282
	291	291
	292	292
	293	293
	294	294
	297	296
	298	297
	299	298
	302	301
	303	302
	304	303
	305	312
	306	324
	307	337
	309	340
	310	341
	311	342
	313	344
	314	345
	315	346
	316	347
	317	348
	326	349
	327	351
	328	352
	329	353
	332	357
	334	358
	335	359
	336	361
	337	362
	338	363
	339	364
	340	365
	342	367
	346	372
	348	373
	349	374
	353	375
	354	376
	355	377
	356	378
	357	379
	359	389
	362	393
	363	394
	367	398
	368	399
	369	400
	371	401
	372	402
	373	403
	374	404
	375	405
	376	406
	378	407
	379	408
	380	409
	381	410
	382	416
	384	420
	388	424
	389	425
	390	426
	393	429
	395	432
	399	436
	404	441
	405	442
	406	442
	409	442
	414	447
	415	448
	416	448
	418	448
	422	452
	423	454
	430	461
	431	462
	432	463
	433	464
	435	469
	437	472
	441	476
	442	477
	444	480
	449	484
	450	485
	451	486
	452	487
	454	488
	455	489
	456	490
	457	491
	458	492
	460	494
	462	497
	463	499
	464	500
	467	502
	468	503
	471	506
	472	507
	473	508
	475	509
	476	510
	477	511
	479	513
	480	514
	483	517
	486	520
	487	521
	488	522
	489	523
	490	524
	491	525
	493	527
	494	528
	497	531
	500	534
	501	535
	502	536
	503	537
	504	538
	507	541
	511	545
net/minecraft/client/particle/TrackingEmitter	48	51
	32	35
	33	36
	34	37
	35	38
	36	39
	39	40
	40	41
	41	42
	42	43
	44	47
	45	48
	46	49
	15	18
	16	19
	48	51
	19	22
	20	23
	23	26
	24	27
	25	28
	26	29
	27	30
	28	31
net/minecraft/client/model/geom/builders/CubeDefinition	34	51
	34	51
	23	39
	24	40
	25	41
	26	42
	27	43
	28	44
	29	45
	30	46
	31	47
net/minecraft/client/particle/RisingParticle	17	19
	16	18
	17	19
	7	10
	8	11
	9	12
	10	13
	11	14
	12	15
	13	16
	14	17
net/minecraft/client/gui/layouts/LayoutElement	28	30
	22	24
	26	28
	27	29
	28	30
net/minecraft/client/renderer/entity/MinecartRenderer	118	107
	20	23
	26	28
	27	29
	28	30
	29	31
	30	32
	34	35
	36	36
	38	37
	39	38
	41	39
	42	40
	43	41
	45	42
	47	43
	48	44
	49	45
	51	46
	53	47
	55	48
	57	49
	58	50
	59	51
	60	52
	61	53
	63	56
	64	57
	67	60
	69	61
	70	62
	71	63
	72	64
	73	65
	76	69
	78	70
	79	71
	80	72
	81	73
	82	74
	83	75
	85	78
	86	79
	88	82
	90	83
	91	84
	92	85
	94	86
	96	87
	97	88
	98	89
	99	90
	101	91
	104	94
	105	95
	106	96
	107	97
	108	98
	109	99
	113	102
	117	106
	118	107
com/mojang/realmsclient/util/package-info	0	0
net/minecraft/client/multiplayer/chat/report/ReportEnvironment	66	61
	65	60
	34	37
	66	61
	35	37
	37	37
	42	42
	43	42
	13	16
	45	42
	17	20
	49	46
	51	47
	52	48
	21	24
	53	49
	56	52
	25	28
	29	32
net/minecraft/client/renderer/entity/ShulkerRenderer	65	59
	64	58
	65	59
	35	39
	36	39
	39	39
	40	40
	41	41
	42	42
	44	43
	45	44
	46	45
	19	23
	51	49
	20	26
	23	30
	55	53
	56	53
	25	31
	26	32
	58	53
	30	35
	63	57
net/minecraft/client/gui/spectator/categories/SpectatorPage	29	26
	16	17
	17	18
	18	19
	21	22
	22	22
	25	22
	29	26
net/minecraft/client/gui/package-info	0	0
net/minecraft/client/searchtree/package-info	0	0
net/minecraft/client/gui/navigation/ScreenAxis	30	33
	16	19
	17	20
	18	21
	23	26
	24	27
	9	12
	25	28
	10	13
	11	14
	30	33
net/minecraft/client/renderer/entity/ExperienceOrbRenderer	74	69
	65	56
	66	57
	69	60
	70	66
	74	69
	15	17
	16	18
	19	21
	20	22
	21	23
	22	24
	26	27
	31	31
	33	32
	34	33
	35	34
	36	35
	37	36
	39	37
	40	38
	41	39
	43	40
	44	41
	45	42
	46	43
	47	44
	49	45
	50	46
	52	47
	53	48
	55	49
	57	50
	58	51
	59	52
	60	53
	61	54
	63	55
net/minecraft/client/renderer/entity/DrownedRenderer	40	42
	32	35
	34	36
	35	37
	36	38
	37	39
	38	40
	40	42
	14	17
	17	20
	18	22
	19	23
	20	24
	22	26
	23	27
	27	31
net/minecraft/client/gui/screens/ProgressScreen	80	74
	64	60
	65	61
	66	62
	69	74
	72	65
	74	66
	75	67
	77	70
	78	71
	80	74
	21	22
	22	23
	23	24
	27	28
	32	33
	37	37
	38	38
	42	41
	43	42
	44	43
	48	46
	49	47
	50	48
	54	51
	55	52
	59	55
	60	56
com/mojang/blaze3d/Blaze3D	25	26
	16	18
	17	19
	21	22
	22	23
	25	26
	12	14
	13	15
net/minecraft/realms/RealmsObjectSelectionList	64	63
	64	63
	33	34
	39	39
	40	40
	10	12
	11	13
	44	44
	14	16
	15	17
	16	18
	17	19
	49	49
	19	21
	22	24
	54	54
	23	25
	59	58
	28	29
	63	62
net/minecraft/client/gui/components/debugchart/TpsDebugChart	71	70
	32	33
	66	65
	67	66
	36	37
	37	38
	38	39
	71	70
	40	40
	41	41
	42	42
	44	43
	45	44
	46	45
	47	46
	51	50
	24	25
	56	55
	25	26
	26	27
	61	60
	30	31
	31	32
net/minecraft/client/ParticleStatus	35	34
	35	34
	20	21
	21	22
	22	23
	9	12
	10	13
	26	26
	11	14
	14	16
	31	30
net/minecraft/client/model/FoxModel	203	171
	31	31
	32	32
	33	33
	34	34
	35	35
	36	36
	37	37
	38	38
	39	39
	42	42
	43	43
	45	44
	46	45
	47	45
	48	45
	50	47
	51	47
	52	47
	55	48
	56	48
	57	48
	60	49
	61	49
	62	49
	66	50
	67	52
	68	52
	69	53
	71	55
	72	56
	73	56
	74	57
	75	57
	77	58
	79	59
	80	60
	81	61
	82	62
	83	64
	84	64
	85	65
	88	67
	93	71
	94	72
	96	73
	97	74
	98	75
	99	76
	101	77
	102	78
	103	79
	105	80
	106	81
	107	82
	108	83
	109	84
	110	85
	111	86
	112	87
	114	88
	115	89
	116	90
	117	91
	118	92
	119	93
	120	94
	121	95
	122	96
	123	97
	124	98
	125	99
	126	100
	128	103
	129	104
	130	105
	131	106
	133	107
	134	108
	135	109
	136	110
	137	111
	138	112
	139	113
	140	114
	141	115
	142	116
	143	117
	144	118
	146	119
	147	120
	150	123
	151	124
	152	125
	153	126
	155	127
	156	128
	158	130
	162	134
	167	139
	172	143
	173	144
	174	145
	178	148
	179	149
	180	150
	181	151
	185	154
	186	155
	187	156
	188	157
	189	158
	190	159
	191	160
	195	163
	196	164
	197	165
	198	166
	199	167
	200	168
	201	169
	203	171
net/minecraft/client/gui/components/LerpingBossEvent	36	40
	34	38
	35	39
	36	40
	16	22
	17	23
	18	24
	19	25
	20	26
	21	27
	22	28
	23	29
	27	32
	28	33
	29	34
	30	35
net/minecraft/client/multiplayer/resolver/ServerRedirectHandler	52	50
	32	30
	33	31
	34	32
	35	33
	36	34
	39	37
	40	38
	42	40
	43	41
	44	42
	46	43
	47	44
	16	17
	49	46
	18	18
	52	50
	25	25
	27	26
	29	27
	30	28
	31	29
net/minecraft/client/particle/SonicBoomParticle	25	26
	20	22
	21	23
	8	11
	25	26
	10	12
	11	13
	13	14
	14	15
net/minecraft/client/gui/screens/options/OptionsSubScreen	79	80
	64	64
	66	66
	70	70
	71	71
	75	75
	76	76
	78	79
	79	80
	25	25
	26	26
	27	27
	28	28
	32	32
	33	33
	34	34
	36	36
	37	38
	38	39
	41	42
	42	43
	45	46
	46	47
	48	48
	49	49
	50	50
	52	52
	57	57
	58	58
	62	62
	63	63
net/minecraft/client/renderer/entity/WitchRenderer	36	34
	17	19
	18	20
	34	32
	35	33
	36	34
	22	23
	24	24
	25	25
	12	15
	29	28
	15	18
net/minecraft/client/renderer/entity/PhantomRenderer	38	36
	32	31
	36	34
	37	35
	38	36
	12	15
	15	18
	17	19
	18	20
	22	23
	27	27
	28	28
	29	29
	31	30
net/minecraft/client/gui/screens/options/ChatOptionsScreen	32	43
	32	43
	9	12
	12	15
	13	16
	14	18
	15	20
	16	22
	17	24
	18	26
	19	28
	20	30
	21	32
	26	37
	27	38
	31	42
net/minecraft/client/particle/GlowParticle	181	161
	134	57
	135	58
	10	12
	139	61
	140	62
	142	63
	15	16
	16	17
	17	18
	18	19
	20	20
	148	64
	149	65
	22	21
	150	66
	23	22
	151	67
	24	23
	28	27
	160	106
	33	32
	161	107
	34	33
	35	34
	37	35
	165	110
	38	36
	166	111
	39	37
	167	112
	40	38
	41	39
	169	114
	43	42
	172	117
	48	47
	49	48
	50	49
	178	118
	179	119
	180	120
	181	121
	56	76
	57	77
	61	81
	62	83
	63	84
	65	86
	67	89
	68	90
	69	91
	70	92
	72	95
	73	96
	82	151
	83	152
	87	155
	88	156
	90	157
	96	158
	97	159
	98	160
	99	161
	108	131
	109	132
	113	135
	114	136
	116	137
	122	138
	123	139
	124	140
	125	141
net/minecraft/client/model/AgeableListModel	65	66
	65	66
	22	23
	23	24
	26	27
	27	28
	30	31
	31	32
	32	33
	33	34
	34	35
	35	36
	36	37
	37	38
	40	41
	41	42
	45	46
	46	47
	47	48
	48	49
	49	50
	51	53
	52	54
	53	55
	55	56
	56	57
	57	58
	58	59
	59	60
	60	61
	62	63
	63	64
net/minecraft/client/renderer/entity/LightningBoltRenderer	124	114
	15	18
	16	19
	20	22
	21	23
	22	24
	23	25
	25	26
	26	28
	27	29
	28	30
	29	31
	30	32
	34	35
	35	36
	36	38
	37	39
	38	41
	39	42
	40	43
	41	44
	42	45
	44	48
	45	49
	47	52
	48	53
	49	55
	50	56
	51	57
	52	58
	53	59
	54	60
	56	62
	57	63
	60	66
	61	67
	62	68
	63	69
	65	70
	66	71
	67	72
	70	75
	71	76
	72	77
	75	80
	76	81
	77	82
	78	83
	82	87
	85	107
	86	107
	88	107
	90	107
	92	107
	94	108
	95	108
	97	108
	99	108
	101	108
	103	109
	104	109
	106	109
	108	109
	110	109
	112	110
	113	110
	115	110
	117	110
	119	110
	120	111
	124	114
com/mojang/blaze3d/platform/VideoMode	135	138
	129	131
	131	134
	135	138
	22	25
	23	26
	24	27
	25	28
	26	29
	27	30
	28	31
	31	34
	32	35
	33	36
	34	37
	35	38
	36	39
	37	40
	40	43
	41	44
	42	45
	43	46
	44	47
	45	48
	46	49
	49	52
	53	56
	57	60
	61	64
	65	68
	69	72
	74	77
	75	78
	77	79
	78	88
	80	80
	81	81
	92	94
	97	99
	100	22
	103	103
	104	104
	108	108
	109	109
	110	110
	111	111
	112	112
	114	114
	115	115
	117	117
	119	120
	121	122
	122	123
	124	125
	126	128
	127	129
net/minecraft/client/renderer/BlockEntityWithoutLevelRenderer	163	173
	129	121
	131	132
	132	173
	135	135
	136	136
	137	137
	138	138
	140	139
	141	140
	143	141
	145	142
	146	144
	148	145
	149	147
	151	159
	154	162
	155	163
	156	164
	157	165
	159	167
	160	169
	161	170
	163	173
	53	57
	54	59
	72	74
	73	75
	74	76
	78	79
	79	80
	80	81
	81	82
	84	85
	86	86
	87	87
	88	88
	90	89
	91	90
	92	91
	93	92
	94	93
	97	96
	98	97
	99	98
	100	173
	103	100
	104	102
	105	103
	106	104
	107	105
	108	106
	109	107
	110	108
	111	109
	112	110
	113	111
	114	112
	115	113
	116	114
	117	115
	118	116
	119	117
	120	118
	121	120
	122	124
	123	125
	124	126
	126	128
net/minecraft/client/resources/language/package-info	0	0
net/minecraft/client/gui/screens/social/SocialInteractionsScreen	293	286
	256	247
	260	251
	261	252
	262	253
	263	254
	264	255
	266	257
	269	260
	270	261
	271	262
	272	263
	273	264
	274	265
	275	266
	276	267
	278	270
	279	271
	281	273
	283	276
	29	31
	285	278
	30	32
	31	33
	288	281
	33	34
	289	282
	34	35
	35	36
	36	37
	292	285
	37	38
	293	286
	38	39
	39	40
	40	43
	41	44
	42	45
	43	46
	76	72
	77	73
	80	76
	81	77
	82	78
	83	79
	86	82
	90	86
	94	90
	99	95
	100	96
	102	97
	107	102
	109	103
	111	104
	112	105
	113	106
	115	107
	116	109
	117	112
	119	114
	120	115
	123	118
	124	119
	126	120
	129	123
	130	124
	131	125
	132	126
	133	127
	134	128
	136	129
	137	130
	139	131
	140	133
	141	134
	143	136
	145	137
	147	139
	148	141
	149	142
	153	146
	154	147
	155	148
	156	149
	157	150
	158	151
	159	152
	160	153
	161	154
	162	155
	163	156
	167	160
	168	161
	172	165
	173	166
	176	169
	177	170
	178	171
	179	172
	180	173
	181	174
	183	176
	184	177
	185	178
	186	179
	188	181
	189	182
	190	183
	191	184
	192	185
	194	187
	195	188
	196	189
	197	190
	198	191
	202	194
	203	195
	204	196
	205	197
	206	198
	207	199
	208	200
	209	201
	212	204
	216	208
	218	209
	219	210
	220	211
	221	212
	225	216
	226	217
	228	218
	229	219
	232	222
	233	223
	234	224
	235	225
	236	226
	237	227
	238	228
	239	229
	242	232
	243	233
	247	237
	248	238
	249	239
	251	241
net/minecraft/client/telemetry/ClientTelemetryManager	115	101
	24	26
	25	27
	26	28
	27	29
	28	30
	40	40
	41	41
	43	42
	44	43
	45	44
	46	45
	47	46
	48	47
	49	48
	50	49
	51	50
	52	51
	54	52
	55	53
	56	54
	59	57
	63	61
	67	65
	68	66
	71	69
	72	70
	73	71
	76	74
	77	75
	78	75
	81	76
	82	77
	83	91
	86	78
	87	79
	88	80
	89	81
	90	82
	92	83
	94	84
	95	85
	97	89
	100	86
	102	87
	104	89
	105	91
	109	95
	114	100
	115	101
com/mojang/realmsclient/dto/RealmsServer	363	353
	260	264
	261	265
	262	266
	263	267
	264	268
	265	269
	266	270
	267	271
	268	272
	269	273
	270	274
	271	275
	272	276
	273	277
	274	278
	275	279
	276	280
	277	281
	278	282
	279	283
	280	284
	281	285
	282	286
	286	290
	31	29
	288	292
	289	293
	292	296
	40	37
	296	300
	300	304
	304	308
	308	312
	55	49
	58	52
	59	53
	315	342
	316	343
	62	56
	320	346
	321	347
	66	60
	322	348
	323	349
	324	350
	325	351
	326	352
	71	65
	327	353
	75	69
	76	70
	79	73
	80	74
	83	77
	85	80
	86	81
	87	82
	88	83
	89	84
	90	85
	91	86
	92	87
	93	88
	95	90
	97	93
	98	94
	99	95
	355	325
	100	96
	101	97
	102	98
	103	99
	359	329
	105	101
	363	333
	108	104
	109	105
	110	106
	111	107
	112	108
	113	109
	114	110
	115	111
	116	112
	117	113
	119	116
	123	122
	124	127
	127	130
	128	132
	130	134
	131	135
	132	136
	133	137
	134	138
	135	139
	136	140
	137	141
	138	142
	141	146
	145	150
	146	152
	149	154
	151	155
	152	156
	154	158
	155	159
	157	161
	160	164
	162	165
	163	166
	167	170
	168	171
	169	172
	173	176
	177	180
	178	181
	179	182
	180	183
	182	184
	187	189
	188	190
	189	191
	191	192
	196	198
	197	199
	198	200
	204	206
	205	207
	206	208
	212	214
	213	215
	214	216
	219	221
	223	225
	227	229
	232	234
	237	239
	238	240
	240	243
	241	244
	243	247
	244	248
	246	251
	248	252
	249	253
	250	254
	251	255
	252	256
	253	257
	254	258
	255	259
com/mojang/realmsclient/dto/ServerActivity	21	24
	16	18
	17	19
	18	20
	19	21
	21	24
	14	15
net/minecraft/client/model/VillagerHeadModel	0	0
net/minecraft/client/tutorial/TutorialSteps	36	39
	32	34
	33	35
	36	39
	6	9
	7	10
	8	11
	9	12
	10	13
	11	14
	18	20
	19	21
	20	22
	23	25
	27	29
	31	33
net/minecraft/client/particle/SculkChargePopParticle	44	44
	33	33
	34	34
	35	35
	40	40
	41	41
	10	13
	42	42
	11	14
	43	43
	44	44
	13	15
	14	16
	16	17
	18	18
	19	19
	23	23
	28	28
net/minecraft/client/gui/screens/OutOfMemoryScreen	39	41
	34	36
	35	37
	39	41
	11	14
	12	15
	15	17
	18	20
	19	21
	23	25
	24	26
	25	27
	26	28
	27	29
	28	30
	29	31
	30	32
net/minecraft/client/gui/screens/inventory/ShulkerBoxScreen	29	31
	16	18
	20	22
	21	23
	22	24
	10	13
	26	28
	27	29
	28	30
	13	16
	29	31
	15	17
net/minecraft/client/renderer/FogRenderer	354	349
	40	33
	48	40
	49	41
	50	42
	53	45
	54	46
	56	47
	57	48
	58	49
	59	50
	60	51
	61	52
	62	53
	65	56
	66	57
	67	58
	69	59
	70	60
	71	61
	73	62
	74	63
	75	64
	76	65
	77	66
	78	67
	79	68
	81	69
	82	70
	83	71
	84	72
	86	74
	87	75
	88	76
	89	77
	90	78
	91	79
	92	80
	93	81
	94	82
	95	83
	96	84
	98	86
	99	87
	101	88
	102	89
	103	90
	104	91
	106	92
	107	93
	109	94
	110	97
	112	100
	113	101
	114	102
	116	103
	117	104
	118	105
	119	106
	120	107
	121	108
	123	111
	124	112
	125	113
	126	114
	127	115
	128	116
	129	117
	134	122
	135	123
	136	124
	138	125
	139	126
	140	127
	141	128
	142	129
	143	130
	144	131
	146	134
	147	135
	148	136
	149	137
	150	138
	151	139
	153	142
	156	145
	157	146
	158	147
	159	148
	160	149
	163	152
	164	153
	165	154
	167	157
	168	158
	169	159
	170	160
	173	163
	174	164
	175	165
	176	166
	180	170
	181	171
	182	172
	184	174
	186	176
	187	177
	189	179
	192	182
	193	183
	194	184
	195	185
	196	186
	199	189
	200	190
	203	193
	204	194
	208	198
	209	199
	211	200
	215	204
	216	205
	218	206
	219	207
	221	208
	222	209
	223	210
	224	211
	225	212
	226	213
	227	214
	229	216
	230	217
	232	219
	233	220
	234	221
	235	222
	237	224
	238	225
	240	227
	241	228
	242	229
	244	230
	245	231
	247	233
	248	234
	249	235
	251	236
	252	237
	254	238
	255	239
	256	240
	259	244
	260	245
	261	246
	264	248
	265	249
	266	250
	267	251
	268	252
	269	253
	270	254
	272	256
	273	257
	274	258
	275	259
	278	262
	279	263
	280	264
	281	265
	284	268
	285	269
	294	319
	295	320
	304	336
	308	340
	309	341
	310	342
	311	343
	313	345
	316	349
	323	275
	328	280
	329	281
	330	282
	331	283
	333	285
	334	286
	336	288
	342	295
	347	300
	348	301
	349	302
	350	303
	354	307
net/minecraft/client/server/IntegratedServer	341	292
	258	225
	263	229
	268	233
	270	234
	271	235
	275	238
	280	242
	285	246
	289	250
	290	251
	38	38
	294	254
	299	258
	304	262
	54	60
	310	267
	311	267
	56	61
	57	62
	313	267
	58	63
	60	64
	61	65
	318	271
	319	272
	320	273
	65	68
	67	69
	68	70
	324	277
	69	71
	325	278
	71	72
	327	280
	73	73
	75	74
	331	283
	76	75
	332	284
	77	76
	333	285
	334	286
	79	77
	338	289
	339	290
	84	81
	340	291
	341	292
	89	85
	90	86
	92	87
	93	88
	94	89
	95	90
	96	91
	97	92
	102	95
	103	96
	104	97
	105	117
	108	99
	111	100
	114	103
	116	104
	117	105
	118	106
	119	107
	121	110
	122	111
	123	112
	124	113
	125	114
	127	117
	131	120
	136	124
	140	128
	141	129
	143	131
	147	134
	152	138
	157	142
	162	146
	167	150
	172	154
	177	158
	178	159
	182	162
	183	163
	184	164
	186	165
	191	169
	197	174
	198	175
	199	176
	200	177
	201	178
	203	180
	205	181
	206	182
	207	183
	209	184
	210	185
	212	186
	213	187
	214	188
	215	189
	216	191
	217	192
	220	195
	221	196
	223	197
	228	202
	230	203
	231	204
	232	205
	234	207
	238	210
	239	211
	240	211
	242	212
	243	213
	246	216
	248	217
	250	218
	251	219
	252	220
	254	222
net/minecraft/client/gui/components/SpriteIconButton	116	127
	16	20
	17	21
	81	45
	18	22
	82	46
	19	23
	83	47
	20	24
	84	48
	23	27
	87	51
	88	52
	92	56
	28	89
	93	57
	29	90
	94	58
	33	94
	98	62
	34	95
	99	63
	35	96
	100	64
	36	97
	101	65
	37	98
	105	69
	41	102
	106	70
	110	74
	46	110
	111	75
	47	111
	113	77
	114	78
	51	115
	116	79
	52	116
	53	117
	54	118
	55	119
	59	123
	60	124
	61	125
	62	126
	63	127
com/mojang/blaze3d/platform/DebugMemoryUntracker	47	43
	35	32
	36	39
	39	34
	40	35
	41	36
	43	39
	13	16
	46	42
	15	18
	47	43
	17	19
	18	20
	19	21
	21	22
	22	23
	23	24
	24	25
	25	25
	27	25
	29	26
	30	27
net/minecraft/client/gui/components/debugchart/FpsDebugChart	51	51
	33	33
	37	37
	42	42
	47	47
	51	51
	20	21
	21	22
	25	26
	26	27
	27	28
	29	29
	30	30
	31	31
net/minecraft/client/model/PufferfishMidModel	97	91
	19	21
	20	22
	21	23
	22	24
	25	27
	26	28
	28	29
	29	30
	30	31
	31	31
	32	31
	34	33
	35	34
	36	34
	37	34
	39	36
	40	37
	41	37
	42	37
	44	39
	45	41
	46	41
	47	42
	49	44
	50	46
	51	46
	52	47
	54	49
	55	51
	56	51
	57	52
	59	54
	60	56
	61	56
	62	57
	64	59
	65	61
	66	61
	67	62
	69	64
	70	66
	71	66
	72	67
	74	69
	75	71
	76	71
	77	72
	79	74
	80	76
	81	76
	82	77
	85	79
	90	84
	95	89
	96	90
	97	91
net/minecraft/client/gui/screens/inventory/EnchantmentNames	64	108
	64	108
	43	85
	12	15
	13	16
	46	88
	17	18
	50	92
	19	61
	51	93
	53	95
	54	96
	55	97
	57	100
	59	103
	63	107
net/minecraft/client/renderer/texture/Dumpable	0	0
net/minecraft/client/particle/NoteParticle	46	47
	32	33
	39	41
	40	42
	9	12
	10	13
	11	14
	12	15
	44	45
	13	16
	45	46
	14	17
	46	47
	15	18
	17	19
	18	20
	19	21
	21	22
	22	23
	23	24
	27	28
net/minecraft/client/particle/ShriekParticle	83	76
	64	58
	65	62
	68	60
	69	62
	75	69
	76	70
	80	73
	17	18
	81	74
	82	75
	19	19
	83	76
	21	20
	22	21
	23	22
	25	23
	26	24
	27	25
	28	26
	32	30
	37	35
	38	43
	41	36
	43	37
	44	38
	45	39
	47	40
	48	41
	49	43
	53	47
	58	52
	63	57
net/minecraft/client/gui/screens/reporting/NameReportScreen	52	49
	33	34
	34	38
	36	40
	37	41
	38	42
	39	43
	40	44
	41	45
	15	17
	49	49
	50	49
	20	21
	52	49
	21	22
	24	25
	25	26
	28	29
	29	30
net/minecraft/client/renderer/chunk/RenderChunkRegion	79	73
	65	61
	35	34
	70	65
	40	38
	75	69
	45	44
	79	73
	50	48
	56	53
	27	27
	28	28
	60	57
	29	29
	30	30
	31	31
net/minecraft/client/telemetry/TelemetryProperty	179	190
	134	178
	135	179
	136	180
	139	182
	144	186
	145	187
	149	190
	23	25
	155	152
	28	26
	156	153
	29	27
	157	154
	30	28
	158	155
	31	29
	32	30
	160	156
	33	31
	34	32
	35	33
	163	158
	38	34
	39	35
	40	40
	169	163
	170	164
	43	42
	171	165
	44	47
	174	168
	47	53
	48	55
	51	56
	179	172
	52	57
	55	58
	56	59
	57	60
	58	61
	59	62
	60	63
	63	64
	64	65
	67	67
	68	70
	69	73
	70	76
	73	78
	74	79
	77	82
	81	86
	85	90
	89	94
	93	98
	97	103
	101	112
	105	117
	106	120
	107	121
	112	128
	113	129
	114	130
	116	132
	118	134
	121	137
	126	142
net/minecraft/client/particle/SuspendedTownParticle	131	128
	128	94
	129	95
	130	96
	131	97
	8	11
	10	12
	11	13
	12	14
	13	15
	14	16
	16	17
	18	18
	19	19
	20	20
	22	21
	23	22
	27	26
	32	31
	33	32
	34	33
	38	37
	39	38
	40	39
	42	40
	43	41
	44	48
	47	43
	48	44
	49	45
	50	46
	51	48
	57	122
	58	123
	62	126
	63	127
	64	128
	72	106
	73	107
	77	110
	78	111
	79	112
	80	113
	88	55
	89	56
	93	59
	94	60
	95	61
	96	62
	97	63
	105	72
	106	73
	110	76
	111	77
	112	78
	113	79
	114	80
	115	81
	123	90
	124	91
com/mojang/blaze3d/font/SheetGlyphInfo	35	39
	19	23
	35	39
	23	27
	27	31
	15	19
	31	35
com/mojang/blaze3d/audio/Library	356	329
	258	163
	259	164
	264	167
	266	168
	270	172
	271	173
	272	174
	274	177
	275	178
	277	181
	281	185
	282	186
	283	187
	285	190
	286	191
	291	195
	292	196
	293	197
	295	200
	40	31
	296	201
	298	204
	299	205
	301	208
	302	209
	305	211
	309	216
	311	217
	312	217
	315	217
	319	221
	320	222
	322	223
	323	224
	324	225
	69	43
	326	227
	329	230
	74	48
	334	235
	79	53
	338	239
	83	57
	339	240
	341	242
	88	62
	344	246
	348	256
	349	257
	350	257
	352	257
	97	284
	98	285
	356	261
	103	290
	104	291
	105	292
	107	295
	110	297
	111	298
	112	299
	115	302
	120	308
	121	309
	123	312
	124	313
	129	318
	130	319
	131	320
	135	324
	140	329
	144	65
	145	66
	150	70
	151	71
	154	74
	155	75
	157	76
	158	77
	159	78
	162	81
	163	82
	165	85
	167	87
	168	88
	171	88
	172	88
	173	88
	174	89
	177	92
	178	93
	181	96
	183	97
	184	98
	185	99
	187	100
	188	101
	190	102
	191	103
	193	104
	195	105
	197	108
	199	109
	200	110
	202	113
	203	114
	207	115
	208	116
	211	119
	212	120
	213	121
	214	122
	215	122
	216	122
	217	122
	218	122
	220	123
	221	124
	225	128
	228	131
	229	132
	230	133
	231	134
	234	137
	235	138
	236	139
	237	140
	240	143
	241	145
	242	146
	243	147
	246	151
	248	152
	249	153
	253	158
net/minecraft/client/renderer/block/BlockRenderDispatcher	117	130
	65	86
	67	88
	71	92
	72	93
	73	94
	74	95
	76	96
	78	97
	80	99
	83	102
	87	106
	92	110
	93	111
	94	126
	97	112
	35	37
	99	114
	36	38
	37	39
	101	115
	38	40
	102	116
	39	41
	103	117
	40	42
	104	118
	106	119
	43	45
	107	121
	109	123
	47	51
	48	57
	112	126
	51	52
	52	53
	116	129
	53	54
	117	130
	54	57
	58	69
	59	82
	60	83
	61	84
	63	85
net/minecraft/client/renderer/entity/IronGolemRenderer	37	36
	33	31
	34	32
	35	33
	36	34
	37	36
	13	16
	16	19
	17	20
	18	21
	19	22
	23	25
	28	29
	29	30
	30	36
net/minecraft/client/renderer/entity/layers/DrownedOuterLayer	26	28
	19	20
	20	21
	21	22
	25	26
	26	28
	14	16
net/minecraft/client/resources/model/ModelManager	223	270
	41	49
	43	50
	44	52
	45	54
	46	56
	47	58
	48	60
	49	62
	50	64
	51	66
	52	68
	64	79
	65	80
	66	81
	67	82
	68	83
	71	86
	75	90
	79	94
	84	105
	85	106
	86	107
	87	110
	89	113
	91	114
	92	117
	93	121
	94	122
	95	123
	99	127
	100	128
	101	130
	102	132
	103	133
	104	134
	105	135
	106	136
	107	137
	108	138
	112	144
	117	152
	118	153
	119	155
	120	157
	121	158
	122	159
	123	160
	124	162
	125	163
	126	164
	127	165
	128	166
	129	167
	132	171
	135	176
	140	182
	142	183
	143	184
	145	185
	146	186
	147	187
	148	188
	149	189
	151	192
	152	193
	155	195
	156	202
	159	206
	160	207
	161	208
	163	209
	164	211
	165	212
	166	213
	167	214
	168	215
	169	216
	172	220
	173	222
	174	223
	175	224
	179	228
	181	229
	182	230
	184	231
	185	232
	186	233
	187	234
	188	235
	189	236
	191	237
	192	238
	193	239
	196	242
	197	243
	199	246
	200	247
	201	248
	202	249
	203	250
	204	251
	205	252
	209	256
	213	260
	218	265
	219	266
	222	269
	223	270
net/minecraft/client/gui/spectator/PlayerMenuItem	44	45
	32	33
	19	21
	21	22
	37	38
	22	23
	38	39
	23	24
	39	40
	40	41
	27	28
	28	29
	44	45
net/minecraft/client/particle/GustParticle	62	64
	32	34
	33	38
	35	36
	36	38
	42	45
	11	13
	43	46
	12	14
	13	15
	14	16
	15	17
	47	49
	16	18
	17	19
	21	23
	55	58
	56	59
	26	28
	60	62
	61	63
	62	64
	31	33
net/minecraft/client/resources/sounds/RidingMinecartSoundInstance	58	54
	36	37
	41	42
	42	43
	43	54
	46	44
	47	45
	48	54
	18	20
	19	21
	51	47
	20	22
	21	23
	53	48
	54	49
	23	24
	24	25
	56	51
	25	26
	26	27
	58	54
	27	28
	31	32
net/minecraft/client/resources/sounds/BeeSoundInstance	80	70
	66	60
	67	60
	69	60
	75	65
	80	70
	18	20
	19	21
	20	22
	21	23
	22	24
	23	25
	24	26
	25	27
	26	28
	30	32
	31	33
	33	34
	34	35
	37	38
	38	51
	39	53
	42	39
	43	40
	44	41
	46	42
	47	43
	48	44
	50	45
	52	47
	53	48
	55	53
	58	56
	59	56
	61	56
com/mojang/realmsclient/gui/screens/RealmsTermsScreen	96	102
	67	74
	68	75
	69	76
	70	77
	73	79
	78	85
	83	92
	85	93
	22	23
	86	94
	23	24
	87	95
	24	25
	25	26
	89	96
	90	97
	91	98
	92	99
	94	100
	95	101
	96	102
	33	33
	34	34
	35	35
	36	36
	40	40
	42	42
	43	45
	44	49
	48	53
	49	54
	50	55
	52	57
	56	62
	58	65
	59	66
	60	67
	61	68
	63	70
net/minecraft/client/renderer/debug/package-info	0	0
net/minecraft/client/gui/components/CommandSuggestions	573	595
	513	531
	514	532
	515	533
	516	534
	517	535
	519	536
	522	538
	526	543
	527	544
	528	545
	529	546
	530	547
	531	548
	532	549
	534	555
	537	558
	539	559
	540	560
	542	563
	543	564
	546	567
	547	568
	549	570
	550	571
	552	573
	555	576
	556	577
	557	578
	558	579
	47	49
	559	580
	560	581
	49	50
	561	582
	50	51
	562	583
	51	53
	563	584
	564	585
	567	588
	568	589
	569	590
	570	591
	571	593
	573	595
	78	81
	79	82
	80	83
	81	84
	82	85
	83	86
	84	87
	85	88
	86	89
	87	90
	89	91
	90	92
	93	95
	94	96
	95	97
	97	99
	100	102
	101	103
	104	106
	106	107
	107	108
	108	111
	109	115
	110	116
	112	112
	116	120
	120	124
	124	128
	125	129
	126	130
	127	131
	128	133
	129	134
	132	137
	133	138
	134	139
	137	142
	140	145
	144	149
	145	150
	146	151
	148	152
	151	154
	152	155
	154	156
	160	161
	161	162
	165	165
	166	166
	167	167
	169	168
	170	169
	171	171
	172	172
	173	175
	175	173
	178	179
	179	180
	183	184
	185	185
	186	186
	189	189
	190	190
	191	191
	194	194
	195	195
	196	196
	197	197
	198	198
	200	201
	202	202
	203	203
	204	204
	206	205
	207	206
	210	209
	212	210
	213	211
	214	212
	215	213
	216	216
	218	214
	219	216
	222	219
	223	220
	224	221
	225	222
	227	224
	230	227
	231	228
	234	231
	236	232
	237	234
	238	235
	241	238
	245	242
	246	243
	247	244
	248	245
	250	246
	254	250
	256	251
	257	252
	258	253
	259	255
	260	256
	261	257
	262	258
	264	260
	267	264
	268	265
	270	267
	271	268
	275	272
	276	273
	278	274
	279	274
	281	274
	282	275
	287	278
	288	279
	289	280
	291	282
	294	285
	295	286
	296	287
	297	292
	298	293
	299	294
	301	296
	302	297
	303	298
	304	299
	308	303
	309	304
	310	305
	311	306
	312	307
	314	309
	318	314
	319	314
	321	314
	327	319
	328	319
	331	319
	336	323
	337	324
	338	325
	340	326
	341	328
	342	329
	343	330
	346	333
	347	334
	350	338
	351	339
	354	340
	355	341
	356	342
	358	346
	359	347
	360	348
	361	349
	362	350
	363	351
	364	352
	367	356
	368	357
	372	361
	373	362
	375	364
	378	367
	379	368
	380	369
	382	371
	386	376
	387	378
	388	379
	389	380
	390	381
	391	382
	393	384
	396	387
	397	387
	399	387
	413	402
	414	403
	415	406
	416	407
	417	408
	418	409
	419	410
	420	411
	423	414
	424	415
	425	416
	426	417
	427	418
	428	419
	430	420
	431	421
	434	424
	435	425
	436	426
	437	433
	438	434
	439	435
	440	436
	444	441
	445	442
	446	443
	447	444
	453	452
	454	454
	455	455
	456	456
	457	459
	458	460
	459	461
	461	464
	463	467
	466	472
	467	473
	468	474
	469	475
	472	478
	475	481
	476	482
	479	485
	480	486
	481	487
	482	488
	485	491
	489	496
	490	501
	492	505
	493	506
	494	507
	497	509
	501	514
	502	515
	503	516
	504	517
	505	520
	506	521
	507	522
	508	523
	509	526
	510	527
	511	528
net/minecraft/client/gui/components/StringWidget	66	67
	64	65
	65	66
	66	67
	15	18
	16	19
	19	22
	20	23
	23	26
	24	27
	25	28
	29	31
	30	32
	34	36
	35	37
	39	41
	43	45
	47	49
	52	54
	53	55
	54	56
	55	57
	56	58
	57	59
	59	60
	60	61
	61	62
net/minecraft/client/renderer/block/model/package-info	0	0
net/minecraft/client/gui/screens/multiplayer/SafetyScreen	45	44
	33	35
	34	36
	36	37
	37	37
	39	38
	12	15
	44	43
	13	16
	45	44
	14	17
	15	18
	20	22
	21	23
	22	24
	26	28
	27	29
	28	29
	29	30
	30	31
	31	32
net/minecraft/client/renderer/ItemInHandRenderer	669	609
	512	427
	513	428
	515	431
	517	432
	518	433
	520	435
	521	436
	522	437
	523	438
	524	439
	525	440
	528	441
	529	442
	530	443
	534	447
	536	457
	537	458
	538	459
	539	460
	541	462
	542	463
	545	466
	546	467
	35	35
	547	468
	36	37
	549	470
	550	471
	552	473
	554	474
	555	475
	556	476
	557	477
	559	478
	560	479
	561	480
	562	481
	563	482
	565	485
	566	486
	567	487
	568	488
	569	489
	571	492
	573	493
	574	494
	575	495
	578	497
	580	498
	581	499
	582	500
	583	501
	585	502
	586	503
	587	504
	588	505
	590	508
	591	509
	592	510
	593	511
	594	512
	596	515
	598	516
	599	517
	600	518
	603	520
	607	522
	608	523
	609	524
	610	525
	611	526
	612	527
	614	529
	615	530
	616	531
	617	532
	618	533
	619	534
	620	535
	623	538
	626	549
	627	551
	631	554
	632	555
	634	556
	635	557
	636	558
	638	559
	639	560
	641	563
	642	564
	645	567
	646	568
	647	569
	649	571
	650	572
	651	573
	654	576
	655	577
	658	580
	659	581
	661	583
	664	586
	665	587
	667	589
	156	120
	157	121
	669	591
	158	122
	159	123
	162	134
	163	149
	166	135
	167	149
	170	152
	171	153
	172	154
	173	154
	177	158
	179	159
	181	160
	183	161
	184	162
	185	163
	186	164
	188	165
	189	166
	191	168
	193	171
	194	172
	197	177
	199	178
	201	179
	202	180
	203	181
	204	182
	205	183
	208	186
	209	187
	211	188
	212	189
	213	190
	214	191
	215	192
	216	193
	218	194
	219	195
	220	196
	221	197
	222	198
	225	201
	226	202
	227	203
	228	204
	230	205
	231	206
	232	207
	234	208
	235	209
	236	210
	238	211
	239	212
	241	213
	244	216
	245	217
	247	218
	249	219
	250	220
	253	223
	254	224
	256	225
	258	226
	259	227
	261	228
	262	229
	264	230
	266	231
	268	232
	269	233
	270	234
	271	235
	273	236
	274	237
	276	239
	279	242
	280	243
	281	244
	282	245
	283	246
	284	247
	285	248
	291	249
	293	250
	294	251
	295	252
	296	253
	298	254
	300	255
	301	256
	302	257
	303	258
	304	259
	306	260
	307	261
	308	262
	310	264
	312	266
	315	269
	316	270
	318	271
	319	272
	320	273
	323	276
	325	277
	326	278
	328	279
	329	280
	330	281
	331	282
	334	285
	336	286
	337	287
	338	288
	340	289
	341	290
	342	291
	343	292
	345	293
	347	294
	348	295
	349	296
	351	297
	352	298
	354	299
	355	300
	357	302
	359	303
	360	304
	361	305
	363	306
	365	308
	368	311
	370	312
	371	313
	373	314
	374	315
	375	316
	376	317
	377	318
	380	321
	381	322
	382	323
	385	326
	386	327
	387	328
	389	329
	391	330
	392	331
	393	332
	394	333
	396	334
	397	335
	398	336
	399	337
	402	340
	403	341
	404	342
	405	343
	408	346
	409	347
	413	596
	414	597
	415	598
	420	604
	421	605
	422	606
	425	609
	432	351
	433	352
	435	353
	436	354
	438	355
	439	356
	442	357
	443	358
	446	360
	447	361
	450	362
	454	367
	455	368
	457	369
	458	374
	462	370
	463	371
	464	372
	468	379
	472	394
	473	551
	476	395
	477	396
	479	397
	480	398
	481	399
	482	400
	485	402
	486	403
	487	404
	489	406
	491	408
	492	409
	493	410
	494	411
	496	412
	497	413
	499	414
	500	415
	501	416
	502	417
	504	418
	505	419
	506	420
	507	421
	509	424
	510	425
	511	426
net/minecraft/client/renderer/block/LiquidBlockRenderer	382	352
	29	33
	30	34
	34	38
	35	39
	36	40
	37	41
	38	42
	39	43
	42	46
	46	50
	47	51
	48	52
	49	53
	51	55
	55	60
	61	64
	65	70
	69	74
	70	75
	72	76
	73	77
	74	78
	75	79
	77	80
	78	81
	79	82
	80	83
	81	84
	82	85
	83	86
	84	87
	85	88
	86	89
	87	90
	88	91
	90	92
	91	93
	93	95
	94	96
	95	97
	96	98
	98	99
	99	294
	102	100
	103	101
	104	102
	105	103
	107	104
	114	105
	115	110
	116	111
	117	112
	118	113
	119	114
	121	116
	122	117
	123	118
	124	119
	126	120
	127	121
	128	122
	129	123
	132	126
	133	127
	134	128
	136	129
	137	130
	139	131
	141	132
	142	133
	143	134
	144	135
	155	136
	156	145
	157	146
	158	147
	159	148
	160	149
	161	150
	162	151
	163	152
	164	153
	165	154
	167	156
	168	157
	169	158
	170	159
	171	160
	172	161
	173	162
	174	163
	175	164
	176	165
	177	166
	178	167
	179	168
	182	171
	183	172
	185	173
	187	174
	188	175
	189	176
	190	177
	191	178
	192	179
	193	180
	194	181
	196	182
	197	183
	198	184
	199	185
	201	186
	202	187
	203	188
	204	189
	206	190
	208	191
	209	192
	210	193
	211	194
	215	198
	216	199
	217	200
	218	201
	219	202
	221	203
	222	204
	223	205
	224	206
	226	207
	227	208
	228	209
	229	210
	232	213
	234	215
	243	223
	245	225
	246	226
	247	227
	248	228
	249	229
	250	230
	251	231
	252	232
	254	234
	255	235
	256	236
	257	237
	258	238
	259	239
	260	240
	261	241
	263	243
	264	244
	265	245
	266	246
	267	247
	268	248
	269	249
	270	250
	272	252
	273	253
	274	254
	275	255
	276	256
	277	257
	278	258
	282	261
	284	263
	286	264
	288	265
	289	266
	290	267
	291	268
	295	272
	296	273
	298	274
	299	275
	300	276
	302	277
	304	278
	305	279
	306	280
	308	281
	309	282
	310	283
	311	284
	313	285
	314	286
	315	287
	316	288
	317	289
	321	294
	324	297
	325	313
	327	298
	328	299
	329	300
	330	301
	331	302
	333	305
	335	308
	336	309
	337	310
	338	311
	342	318
	343	319
	344	320
	345	321
	346	322
	347	323
	349	325
	352	328
	353	329
	357	333
	358	334
	359	335
	360	335
	362	335
	363	337
	364	337
	366	337
	370	342
	371	343
	374	346
	375	347
	377	348
	378	349
	379	350
	380	351
	382	352
com/mojang/realmsclient/dto/RealmsServerAddress	29	31
	18	19
	19	20
	21	23
	22	24
	23	25
	24	26
	25	27
	26	28
	11	13
	29	31
net/minecraft/client/gui/Font	350	400
	259	378
	260	379
	264	383
	265	384
	266	385
	267	386
	268	387
	269	388
	278	391
	279	392
	280	393
	281	395
	282	396
	286	400
	35	36
	291	197
	292	198
	293	199
	297	214
	298	215
	299	216
	303	234
	304	235
	305	236
	51	45
	307	238
	52	46
	53	47
	54	48
	310	241
	57	51
	314	245
	62	56
	318	249
	63	57
	64	58
	65	59
	322	253
	68	60
	326	257
	72	67
	330	261
	76	83
	334	265
	80	89
	338	269
	84	104
	342	273
	88	110
	89	111
	90	113
	346	277
	91	114
	92	115
	93	116
	94	117
	350	281
	95	118
	96	119
	97	120
	98	121
	99	122
	101	123
	102	124
	103	125
	105	126
	111	133
	112	135
	113	136
	114	137
	118	140
	119	140
	121	140
	125	156
	126	157
	129	160
	131	161
	132	162
	133	163
	134	164
	137	167
	139	168
	143	183
	145	184
	146	185
	147	186
	148	187
	151	190
	153	191
	181	309
	182	310
	184	313
	185	314
	188	326
	189	327
	190	328
	191	329
	192	330
	193	331
	194	332
	195	333
	196	334
	197	335
	198	336
	199	337
	200	338
	204	341
	205	342
	206	343
	208	344
	213	345
	215	346
	216	350
	217	351
	218	352
	219	353
	220	354
	222	356
	223	357
	224	358
	227	361
	228	362
	229	363
	231	364
	232	365
	235	368
	237	369
	238	370
	239	371
	249	374
	250	375
net/minecraft/client/sounds/ChunkedSampleByteBuf	51	51
	32	33
	33	34
	34	35
	37	38
	39	39
	40	40
	43	43
	44	44
	45	45
	46	46
	47	47
	19	20
	51	51
	20	21
	21	22
	25	26
	26	27
	27	28
	28	29
	31	32
net/minecraft/client/particle/SmokeParticle	20	23
	16	20
	20	23
	8	11
	9	12
	15	19
com/mojang/blaze3d/audio/OpenAlUtil	86	94
	66	71
	67	72
	68	73
	70	74
	71	75
	72	76
	73	77
	74	80
	11	14
	75	81
	77	83
	14	17
	78	84
	79	85
	16	19
	80	88
	81	89
	18	21
	20	23
	22	25
	86	94
	24	27
	26	29
	31	34
	32	35
	33	36
	34	37
	36	39
	40	44
	42	46
	44	48
	46	52
	48	50
	50	54
	52	56
	57	61
	58	62
	59	63
	60	64
	62	66
net/minecraft/client/animation/AnimationChannel	44	33
	35	24
	36	25
	37	26
	38	27
	39	28
	40	29
	41	30
	42	31
	28	19
	44	33
	29	20
	30	21
net/minecraft/client/gui/screens/inventory/ContainerScreen	37	37
	33	33
	34	34
	35	35
	36	36
	37	37
	10	13
	15	17
	17	18
	18	19
	19	20
	21	21
	22	22
	23	23
	27	27
	28	28
	29	29
net/minecraft/client/renderer/entity/StrayRenderer	20	21
	16	18
	20	21
	9	12
	10	13
	13	16
	15	17
net/minecraft/client/sounds/WeighedSoundEvents	75	66
	34	25
	35	27
	67	58
	36	28
	38	31
	72	63
	73	64
	43	35
	75	66
	45	36
	46	48
	49	37
	50	39
	51	40
	53	41
	54	42
	58	46
	28	20
	30	21
	62	53
	63	54
net/minecraft/client/gui/components/debugchart/PingDebugChart	36	38
	16	18
	17	19
	36	38
	21	23
	22	24
	26	28
	31	33
net/minecraft/client/renderer/entity/layers/PhantomEyesLayer	18	21
	18	21
	10	13
	13	16
	14	17
net/minecraft/realms/RepeatedNarrator	37	40
	16	18
	19	21
	35	38
	20	23
	36	39
	21	25
	37	40
	23	24
	25	27
	26	28
	28	30
	15	17
com/mojang/blaze3d/vertex/VertexMultiConsumer	140	147
	128	135
	133	140
	134	141
	7	10
	11	14
	139	146
	140	147
	15	18
	19	22
	28	31
	29	32
	31	35
	32	36
	33	37
	37	41
	38	42
	39	43
	44	48
	45	49
	46	50
	51	55
	52	56
	53	57
	58	62
	59	63
	60	64
	65	69
	66	70
	67	71
	72	76
	73	77
	74	78
	79	83
	80	84
	81	85
	85	99
	86	91
	87	92
	88	93
	89	94
	93	100
	96	103
	97	104
	99	106
	103	110
	104	111
	109	116
	110	117
	115	122
	116	123
	121	128
	122	129
	127	134
com/mojang/blaze3d/platform/WindowEventHandler	0	0
net/minecraft/client/resources/language/LanguageManager	92	85
	64	60
	65	61
	69	65
	71	66
	73	67
	75	68
	76	69
	79	72
	80	73
	83	76
	87	80
	24	26
	25	27
	92	85
	32	33
	33	34
	34	35
	37	38
	39	39
	41	41
	42	42
	44	43
	46	45
	47	46
	49	48
	51	49
	56	53
	57	54
	58	55
	59	56
	61	57
	62	58
	63	59
net/minecraft/client/gui/screens/inventory/DispenserScreen	33	36
	32	35
	33	36
	10	13
	13	16
	14	17
	18	21
	19	22
	20	23
	24	27
	25	28
	26	29
	30	33
	31	34
net/minecraft/client/model/IronGolemModel	106	97
	23	25
	24	26
	25	27
	26	28
	27	29
	28	30
	29	31
	32	34
	33	35
	35	36
	36	38
	37	38
	38	38
	39	39
	41	41
	42	43
	43	44
	44	46
	45	48
	47	50
	48	51
	49	51
	50	51
	52	53
	53	54
	54	54
	55	54
	57	56
	58	57
	59	57
	60	57
	62	59
	63	60
	64	60
	65	60
	68	62
	73	67
	78	71
	79	72
	81	73
	82	74
	83	75
	84	76
	85	77
	89	80
	90	81
	91	82
	92	83
	94	85
	95	86
	96	87
	97	88
	99	90
	100	91
	103	94
	106	97
com/mojang/realmsclient/gui/screens/RealmsPlayerScreen	284	290
	260	237
	261	238
	263	239
	264	240
	266	242
	269	245
	270	246
	272	247
	273	248
	275	249
	276	250
	277	251
	278	252
	279	253
	280	254
	281	255
	282	256
	283	257
	284	258
	33	35
	35	36
	36	37
	52	47
	53	48
	54	49
	55	50
	59	54
	61	55
	62	56
	64	57
	65	58
	66	61
	67	65
	69	67
	70	69
	71	70
	75	74
	76	75
	77	76
	79	78
	82	81
	83	88
	85	82
	86	84
	87	85
	89	88
	93	92
	94	93
	97	96
	98	97
	100	99
	102	101
	108	267
	109	273
	110	274
	114	278
	115	279
	116	280
	118	281
	122	285
	127	290
	132	105
	133	106
	134	107
	136	108
	137	109
	138	110
	150	119
	151	120
	153	121
	154	122
	155	123
	156	124
	157	125
	158	128
	159	129
	160	133
	162	134
	163	135
	164	136
	165	137
	166	138
	167	141
	168	142
	169	146
	171	147
	172	148
	173	149
	174	150
	175	151
	176	152
	177	155
	179	156
	180	157
	183	160
	184	161
	187	164
	188	165
	189	166
	191	169
	192	170
	195	173
	196	174
	199	177
	200	178
	201	179
	203	182
	204	183
	207	186
	208	187
	209	204
	210	189
	211	190
	213	193
	214	194
	215	195
	217	198
	218	199
	220	202
	221	203
	222	204
	223	205
	225	207
	228	210
	229	211
	231	213
	234	216
	235	217
	236	218
	239	221
	240	221
	242	221
	248	226
	253	231
net/minecraft/client/multiplayer/ClientChunkCache	241	233
	30	32
	38	39
	39	40
	40	43
	41	44
	42	45
	46	48
	50	52
	51	53
	53	56
	54	57
	58	61
	59	68
	61	62
	62	63
	63	64
	64	65
	66	68
	71	72
	72	73
	73	74
	74	75
	78	79
	79	79
	81	79
	86	83
	90	87
	91	88
	92	98
	94	90
	96	91
	97	92
	98	93
	100	95
	102	98
	106	102
	107	103
	108	104
	110	107
	112	108
	113	109
	114	110
	116	111
	117	112
	118	113
	120	115
	122	118
	123	119
	128	123
	131	126
	132	127
	133	128
	136	131
	137	132
	139	133
	140	134
	141	135
	142	136
	143	138
	144	139
	145	140
	146	141
	147	142
	148	143
	152	148
	154	150
	158	153
	163	157
	168	161
	173	165
	174	166
	185	178
	186	179
	187	180
	188	181
	191	184
	195	188
	196	189
	197	190
	198	191
	201	194
	202	195
	204	197
	207	200
	208	200
	209	201
	212	204
	213	205
	217	209
	222	214
	227	218
	228	219
	229	221
	230	222
	231	223
	232	224
	233	225
	234	226
	238	230
	239	231
	241	233
net/minecraft/client/renderer/entity/LivingEntityRenderer	293	275
	257	237
	258	238
	259	239
	260	240
	261	241
	262	242
	263	243
	264	244
	265	245
	267	247
	269	249
	271	251
	273	253
	275	255
	278	260
	282	264
	283	265
	284	266
	285	267
	31	33
	288	271
	293	275
	39	39
	40	40
	41	41
	42	42
	45	45
	50	50
	55	54
	58	55
	59	56
	60	57
	62	58
	63	59
	64	60
	67	61
	68	62
	70	63
	71	64
	72	65
	73	66
	75	69
	76	70
	78	73
	79	74
	80	75
	83	78
	86	81
	88	82
	89	83
	90	84
	93	87
	95	88
	96	89
	97	90
	98	91
	99	92
	103	96
	104	97
	106	98
	107	99
	111	100
	112	101
	115	102
	118	103
	119	104
	120	105
	121	106
	122	107
	123	108
	124	109
	127	112
	128	113
	132	117
	134	118
	136	119
	137	120
	138	121
	139	122
	141	123
	142	124
	143	125
	144	126
	145	127
	148	130
	149	131
	150	132
	154	136
	155	137
	156	138
	160	142
	161	143
	162	144
	164	145
	165	146
	167	148
	168	148
	170	148
	174	153
	178	157
	182	161
	184	163
	186	165
	188	167
	190	169
	192	171
	197	176
	201	180
	202	181
	205	184
	206	185
	208	188
	209	189
	210	190
	211	191
	212	192
	214	195
	215	196
	216	197
	217	198
	218	199
	219	200
	220	201
	221	202
	222	203
	223	204
	224	205
	225	206
	226	207
	228	209
	231	212
	235	216
	239	220
	243	224
	247	228
	251	231
	252	232
	253	233
	254	234
com/mojang/realmsclient/client/UploadStatus	0	0
net/minecraft/client/model/ColorableAgeableListModel	19	21
	18	20
	19	21
	10	12
	13	15
	14	16
com/mojang/realmsclient/exception/RealmsDefaultUncaughtExceptionHandler	15	19
	9	13
	10	14
	14	18
	15	19
net/minecraft/client/renderer/PostChain	347	348
	256	251
	259	254
	263	258
	264	259
	265	260
	267	261
	268	262
	270	264
	274	268
	275	269
	277	272
	278	273
	280	276
	281	277
	284	280
	285	281
	286	282
	290	286
	291	287
	294	290
	295	291
	296	292
	297	294
	298	295
	300	298
	301	299
	303	301
	48	46
	49	47
	50	48
	306	304
	51	49
	307	306
	52	50
	308	307
	53	51
	54	52
	310	309
	55	53
	57	54
	313	312
	58	55
	314	314
	315	315
	61	58
	317	318
	62	60
	318	320
	63	61
	319	321
	320	322
	65	62
	321	323
	66	63
	322	324
	67	64
	324	327
	69	66
	326	330
	71	68
	327	331
	72	69
	73	70
	74	71
	330	334
	75	72
	331	335
	77	75
	333	337
	336	340
	81	79
	82	80
	83	81
	85	83
	341	345
	342	346
	87	85
	88	86
	344	348
	89	87
	345	348
	90	88
	91	89
	347	348
	93	92
	96	95
	97	96
	98	97
	99	98
	101	100
	104	103
	105	104
	107	106
	109	107
	110	108
	111	109
	113	110
	114	111
	116	114
	119	116
	122	119
	124	120
	125	121
	126	122
	127	123
	128	124
	129	125
	131	126
	132	127
	134	130
	135	131
	138	134
	140	135
	141	136
	142	137
	143	139
	145	141
	146	142
	147	143
	150	146
	151	147
	152	148
	154	150
	155	151
	157	154
	159	155
	160	156
	161	157
	165	160
	166	163
	168	164
	170	165
	171	166
	172	167
	173	168
	174	169
	175	170
	176	171
	177	172
	179	174
	180	175
	182	178
	184	179
	185	180
	187	182
	190	184
	191	185
	192	186
	193	187
	195	190
	199	194
	200	195
	201	196
	202	198
	204	200
	205	201
	206	202
	207	203
	208	204
	210	207
	213	210
	216	213
	217	214
	218	215
	220	216
	221	217
	224	220
	225	221
	226	223
	228	223
	230	225
	231	226
	232	227
	233	228
	234	229
	236	232
	239	235
	244	240
	245	241
	247	243
	248	244
	250	246
	251	247
	253	249
com/mojang/blaze3d/platform/NativeImage	853	838
	45	43
	47	45
	58	55
	59	56
	62	59
	63	75
	65	60
	66	61
	67	62
	68	63
	69	64
	70	65
	71	66
	73	68
	75	71
	76	72
	78	77
	81	80
	82	88
	84	81
	85	82
	86	83
	87	84
	88	85
	89	86
	90	90
	94	94
	98	98
	102	102
	107	106
	109	109
	110	110
	111	111
	113	113
	114	114
	119	119
	123	123
	124	124
	125	125
	126	126
	127	127
	133	132
	134	133
	136	136
	137	137
	139	140
	140	142
	141	143
	142	144
	143	145
	145	146
	146	147
	147	148
	149	151
	154	162
	155	163
	156	164
	157	165
	159	167
	160	168
	162	170
	165	173
	166	174
	168	176
	174	180
	175	181
	176	182
	178	184
	181	188
	182	189
	185	192
	189	196
	193	200
	199	204
	200	205
	201	208
	202	209
	204	212
	205	213
	206	214
	212	218
	213	219
	214	222
	215	223
	217	226
	218	227
	219	228
	220	229
	223	232
	224	233
	226	236
	228	237
	229	238
	230	239
	231	240
	232	242
	233	243
	235	246
	239	250
	240	251
	242	254
	244	255
	245	256
	246	258
	247	259
	249	261
	254	264
	255	265
	257	268
	258	269
	259	270
	260	271
	264	275
	266	276
	267	277
	268	280
	269	281
	271	284
	272	285
	273	286
	274	287
	277	290
	278	291
	279	292
	280	295
	281	296
	284	299
	285	300
	289	304
	290	305
	291	306
	292	309
	293	310
	296	313
	297	314
	301	318
	302	319
	303	320
	304	323
	305	324
	308	327
	309	328
	314	332
	315	333
	316	336
	317	337
	320	340
	321	341
	329	345
	330	346
	332	349
	334	350
	335	351
	336	352
	337	353
	339	354
	340	355
	341	356
	342	357
	344	358
	345	359
	347	360
	348	361
	349	362
	350	363
	352	364
	353	365
	355	368
	356	369
	358	372
	359	373
	361	376
	362	377
	365	380
	366	381
	367	382
	368	383
	370	384
	371	385
	376	389
	377	390
	379	393
	380	394
	381	396
	382	397
	383	398
	384	399
	385	399
	386	399
	387	399
	388	399
	392	403
	396	407
	397	408
	400	411
	401	412
	406	415
	407	416
	408	416
	409	416
	411	418
	413	420
	417	424
	418	425
	419	426
	422	427
	423	428
	425	430
	427	433
	428	434
	430	435
	432	436
	433	437
	434	438
	435	439
	438	442
	439	443
	442	446
	445	449
	446	450
	448	451
	450	452
	452	453
	453	454
	454	455
	455	456
	459	460
	462	463
	463	464
	464	465
	466	468
	467	469
	468	470
	469	471
	472	474
	473	475
	474	476
	475	477
	478	480
	479	481
	482	484
	483	485
	486	486
	487	487
	490	489
	491	490
	492	491
	493	492
	496	493
	497	501
	500	494
	501	495
	502	496
	504	497
	513	820
	514	821
	518	825
	520	828
	521	829
	522	830
	524	832
	527	835
	528	836
	530	838
	535	509
	536	510
	538	513
	539	515
	540	516
	541	517
	544	520
	548	524
	549	525
	551	527
	552	528
	555	530
	560	536
	562	539
	563	540
	564	541
	566	544
	567	545
	570	548
	571	549
	573	551
	582	556
	583	557
	585	560
	586	561
	587	562
	588	563
	589	564
	591	566
	592	567
	593	569
	594	570
	595	571
	596	572
	599	575
	603	578
	604	579
	605	580
	608	583
	612	586
	613	587
	620	590
	621	591
	622	592
	623	593
	624	594
	625	595
	628	598
	632	601
	633	602
	634	603
	635	604
	637	607
	638	608
	639	609
	640	610
	641	611
	642	612
	645	615
	646	617
	652	620
	653	621
	654	622
	656	625
	657	626
	658	627
	659	627
	661	629
	665	632
	666	633
	669	797
	670	798
	671	799
	672	800
	678	805
	679	806
	682	809
	690	637
	696	638
	702	639
	708	640
	734	671
	735	672
	736	673
	737	674
	738	675
	739	676
	740	677
	741	678
	742	679
	743	680
	744	681
	745	682
	746	683
	747	684
	750	687
	754	691
	755	692
	756	693
	759	696
	760	697
	761	698
	764	701
	768	705
	772	709
	776	713
	780	717
	784	721
	788	725
	792	729
	796	733
	800	737
	804	741
	808	745
	812	749
	816	753
	820	757
	824	761
	828	765
	832	769
	836	773
	840	777
	844	781
	846	783
	848	785
	850	787
	853	790
net/minecraft/client/gui/screens/multiplayer/WarningScreen	75	77
	66	67
	67	68
	69	71
	70	72
	71	73
	75	77
	32	30
	33	31
	36	34
	37	35
	38	36
	39	37
	40	38
	41	39
	47	45
	48	46
	49	47
	50	49
	51	51
	53	52
	54	53
	55	54
	56	55
	58	58
	60	60
	61	62
	62	63
net/minecraft/client/renderer/debug/DebugRenderer	304	203
	257	164
	258	165
	261	168
	262	169
	265	172
	266	173
	275	178
	276	179
	278	180
	279	196
	282	181
	283	182
	284	183
	285	184
	287	185
	288	186
	289	187
	290	188
	292	189
	293	190
	295	191
	297	194
	298	196
	304	203
	52	50
	53	51
	54	52
	55	53
	56	54
	57	55
	58	56
	59	57
	60	58
	61	59
	62	60
	63	61
	64	62
	65	63
	66	64
	67	65
	68	66
	69	67
	70	68
	71	69
	72	70
	75	73
	76	74
	77	75
	78	76
	79	77
	80	78
	81	79
	82	80
	83	81
	84	82
	85	83
	86	84
	87	85
	88	86
	89	87
	90	88
	91	89
	92	90
	93	91
	94	92
	95	93
	96	94
	99	97
	100	98
	108	102
	109	103
	184	106
	185	107
	188	110
	189	111
	194	113
	195	114
	196	115
	198	116
	200	117
	201	118
	202	119
	203	120
	204	121
	207	123
	209	123
	212	123
	216	129
	217	130
	223	135
	224	136
	225	141
	228	137
	229	138
	230	139
	231	141
	237	144
	238	145
	239	150
	242	146
	243	147
	244	148
	245	150
	248	153
	249	154
	252	159
	253	160
	254	161
net/minecraft/client/animation/definitions/WardenAnimation	683	917
	13	12
	14	13
	15	17
	16	18
	17	19
	18	20
	19	21
	20	22
	21	23
	22	24
	23	25
	24	26
	25	27
	26	28
	27	29
	28	30
	29	31
	30	32
	32	35
	33	39
	34	40
	35	41
	36	42
	37	43
	38	44
	39	45
	40	46
	41	47
	42	48
	43	49
	44	50
	45	51
	46	52
	47	53
	48	54
	49	55
	51	58
	52	62
	53	63
	54	64
	55	65
	56	66
	57	67
	58	68
	59	69
	60	70
	61	71
	62	72
	63	73
	64	74
	65	75
	66	76
	67	77
	68	78
	69	79
	71	82
	72	86
	73	87
	74	88
	75	89
	76	90
	77	91
	78	92
	79	93
	80	94
	81	95
	82	96
	83	97
	84	98
	85	99
	86	100
	87	101
	88	102
	90	105
	91	109
	92	110
	93	111
	94	112
	95	113
	96	114
	97	115
	98	116
	99	117
	101	120
	102	124
	103	125
	104	126
	105	127
	106	128
	107	129
	108	130
	109	131
	110	132
	112	135
	113	139
	114	140
	115	141
	116	142
	117	143
	118	144
	119	145
	120	146
	121	147
	123	150
	124	154
	125	155
	126	156
	127	157
	128	158
	129	159
	130	160
	131	161
	132	162
	134	165
	135	169
	136	170
	137	171
	138	172
	139	173
	140	174
	141	175
	142	176
	143	177
	144	178
	145	179
	146	180
	147	181
	148	182
	149	183
	150	184
	151	185
	152	186
	153	187
	155	190
	156	194
	157	195
	158	196
	159	197
	160	198
	161	199
	162	200
	163	201
	164	202
	165	203
	166	204
	167	205
	168	206
	169	207
	170	208
	171	209
	172	210
	174	213
	175	217
	176	218
	177	219
	178	220
	179	221
	180	222
	181	223
	182	224
	183	225
	184	226
	185	227
	186	228
	187	229
	188	230
	189	231
	190	232
	191	233
	192	234
	193	235
	194	236
	195	237
	196	238
	198	241
	199	245
	200	246
	201	247
	202	248
	203	249
	204	250
	205	251
	206	252
	207	253
	208	254
	209	255
	210	256
	211	257
	212	258
	213	259
	214	260
	215	261
	216	262
	217	263
	219	266
	220	270
	221	271
	222	272
	223	273
	224	274
	225	275
	226	276
	227	277
	228	278
	229	279
	230	280
	232	283
	233	287
	234	288
	235	289
	236	290
	237	291
	238	292
	239	293
	240	294
	241	295
	242	296
	243	297
	244	298
	245	299
	246	300
	247	301
	248	302
	249	303
	251	306
	252	310
	253	311
	254	312
	255	313
	256	314
	257	315
	258	316
	259	317
	260	318
	261	319
	262	320
	263	321
	265	324
	266	328
	267	329
	268	330
	269	331
	270	332
	271	333
	272	334
	273	335
	274	336
	275	337
	276	338
	277	339
	278	340
	279	341
	280	342
	282	345
	284	346
	285	347
	286	351
	287	352
	288	353
	289	354
	290	355
	291	356
	292	357
	293	358
	294	359
	295	360
	296	361
	297	362
	298	363
	299	364
	300	365
	301	366
	302	367
	303	368
	304	369
	306	372
	307	376
	308	377
	309	378
	310	379
	311	380
	312	381
	313	382
	314	383
	315	384
	316	385
	317	386
	319	389
	320	393
	321	394
	322	395
	323	396
	324	397
	325	398
	326	399
	328	402
	329	406
	330	407
	332	410
	333	414
	334	415
	335	416
	336	417
	337	418
	338	419
	339	420
	340	421
	341	422
	342	423
	344	426
	345	430
	346	431
	347	432
	348	433
	349	434
	351	437
	352	441
	353	442
	354	443
	355	444
	356	445
	357	446
	358	447
	359	448
	360	449
	361	450
	362	451
	363	452
	365	455
	366	459
	367	460
	368	461
	369	462
	370	463
	371	464
	372	465
	373	466
	375	469
	376	473
	377	474
	378	475
	379	476
	380	477
	381	478
	382	479
	383	480
	384	481
	386	484
	387	488
	388	489
	389	490
	390	491
	391	492
	392	493
	393	494
	394	495
	396	498
	397	502
	398	503
	399	504
	400	505
	401	506
	402	507
	403	508
	404	509
	405	510
	407	513
	408	517
	409	518
	410	519
	411	520
	412	521
	413	522
	414	523
	415	524
	417	527
	419	528
	420	529
	421	533
	422	534
	423	535
	424	536
	425	537
	426	538
	427	539
	428	540
	430	543
	431	547
	432	548
	433	549
	434	550
	435	551
	437	554
	438	558
	439	559
	440	560
	441	561
	442	562
	443	563
	444	564
	445	565
	447	568
	448	572
	449	573
	450	574
	451	575
	452	576
	453	577
	455	580
	456	584
	457	585
	458	586
	459	587
	460	588
	461	589
	462	590
	463	591
	465	594
	466	598
	467	599
	468	600
	469	601
	470	602
	471	603
	472	604
	473	605
	475	608
	476	612
	477	613
	478	614
	479	615
	480	616
	481	617
	482	618
	484	621
	485	625
	486	626
	487	627
	488	628
	489	629
	491	632
	492	636
	493	637
	494	638
	495	639
	496	640
	497	641
	498	642
	500	645
	501	649
	502	650
	503	651
	504	652
	505	653
	507	656
	509	657
	510	658
	511	662
	512	663
	513	664
	514	665
	515	666
	516	667
	518	670
	519	674
	520	675
	521	676
	522	677
	523	678
	524	679
	525	680
	526	681
	527	682
	529	685
	530	689
	531	690
	532	691
	533	692
	534	693
	536	696
	537	700
	538	701
	539	702
	540	703
	541	704
	543	707
	545	708
	546	709
	547	713
	548	714
	549	715
	550	716
	552	719
	553	723
	554	724
	555	725
	556	726
	558	729
	559	733
	560	734
	561	735
	562	736
	564	739
	565	743
	566	744
	567	745
	568	746
	570	749
	571	753
	572	754
	573	755
	574	756
	576	759
	577	763
	578	764
	579	765
	580	766
	582	769
	583	773
	584	774
	585	775
	586	776
	588	779
	589	783
	590	784
	591	785
	592	786
	594	789
	596	790
	597	791
	598	795
	599	796
	600	797
	601	798
	602	799
	603	800
	604	801
	605	802
	607	805
	608	809
	609	810
	610	811
	611	812
	612	813
	613	814
	615	817
	616	821
	617	822
	618	823
	619	824
	620	825
	621	826
	623	829
	624	833
	625	834
	626	835
	627	836
	628	837
	629	838
	631	841
	632	845
	633	846
	634	847
	635	848
	636	849
	637	850
	638	851
	640	854
	641	858
	642	859
	643	860
	644	861
	645	862
	647	865
	648	869
	649	870
	650	871
	651	872
	652	873
	653	874
	654	875
	655	876
	656	877
	657	878
	659	881
	660	885
	661	886
	662	887
	663	888
	665	891
	666	895
	667	896
	668	897
	669	898
	670	899
	671	900
	672	901
	673	902
	674	903
	675	904
	677	907
	678	911
	679	912
	680	913
	681	914
	683	917
net/minecraft/client/renderer/Sheets	218	197
	130	111
	134	115
	138	119
	142	123
	146	127
	150	131
	154	135
	30	33
	158	139
	31	34
	32	35
	33	36
	34	37
	162	143
	35	38
	36	39
	37	40
	166	147
	39	41
	40	42
	41	43
	42	44
	170	151
	43	45
	171	152
	44	46
	172	153
	45	47
	46	48
	48	49
	49	50
	177	158
	50	51
	178	159
	51	52
	179	160
	53	53
	54	55
	184	165
	188	169
	193	174
	194	174
	196	174
	71	57
	200	178
	73	59
	201	179
	202	180
	75	60
	203	181
	204	183
	77	62
	205	184
	78	63
	207	185
	83	66
	211	190
	85	68
	213	192
	215	194
	88	69
	89	70
	218	197
	91	73
	93	75
	95	76
	96	77
	97	78
	98	79
	99	80
	100	81
	101	82
	102	83
	103	84
	106	87
	110	91
	114	95
	118	99
	122	103
	126	107
com/mojang/realmsclient/gui/screens/RealmsParentalConsentScreen	65	65
	33	35
	65	65
	34	36
	35	37
	36	38
	37	39
	38	40
	39	40
	42	40
	44	41
	45	43
	46	45
	47	46
	18	21
	51	50
	52	51
	56	55
	57	56
	27	29
	59	59
	28	30
	60	60
	29	31
	61	61
com/mojang/blaze3d/pipeline/MainTarget	157	140
	128	116
	129	118
	131	117
	140	123
	141	124
	143	125
	16	16
	144	129
	146	126
	19	19
	147	127
	21	20
	22	21
	152	135
	25	24
	27	25
	28	26
	157	140
	30	27
	31	28
	32	29
	33	30
	34	31
	35	32
	37	33
	38	34
	39	35
	40	36
	41	37
	42	38
	43	39
	45	40
	47	41
	48	42
	50	43
	51	44
	53	45
	54	46
	55	47
	58	50
	60	51
	61	52
	63	53
	64	55
	65	56
	67	57
	68	58
	70	61
	71	62
	74	65
	75	66
	79	70
	83	74
	84	75
	86	76
	87	77
	89	78
	93	82
	94	83
	96	84
	97	85
	99	86
	108	96
	111	99
	120	109
	121	110
	122	111
	125	114
	127	115
net/minecraft/client/gui/components/ContainerObjectSelectionList	209	214
	128	124
	133	129
	134	130
	138	134
	143	139
	144	140
	146	143
	147	144
	149	147
	22	24
	150	148
	23	25
	155	153
	28	30
	30	31
	32	32
	160	158
	33	35
	161	159
	34	36
	35	37
	163	162
	164	163
	39	40
	40	41
	41	42
	170	169
	43	43
	171	170
	172	173
	45	46
	173	171
	46	47
	174	172
	176	175
	49	49
	177	176
	50	50
	51	51
	179	179
	180	181
	181	182
	54	53
	182	183
	55	54
	183	184
	56	55
	184	185
	57	57
	61	61
	189	190
	63	65
	64	66
	65	67
	67	70
	195	196
	68	71
	196	197
	69	73
	197	198
	198	199
	199	200
	73	33
	201	203
	202	204
	203	207
	204	208
	78	79
	79	85
	207	212
	81	80
	209	214
	82	81
	83	82
	85	85
	89	89
	91	89
	93	89
	98	94
	103	99
	104	100
	105	101
	106	102
	108	104
	109	105
	110	106
	111	107
	114	111
	115	112
net/minecraft/client/gui/components/events/ContainerEventHandler	252	252
	27	28
	28	29
	29	30
	32	34
	37	39
	38	40
	39	41
	40	42
	41	43
	43	46
	46	50
	51	55
	52	56
	53	57
	54	58
	57	62
	62	67
	63	67
	65	67
	74	76
	80	81
	85	86
	90	91
	101	101
	105	105
	111	111
	112	112
	113	112
	115	112
	121	118
	124	119
	125	120
	126	121
	127	122
	132	126
	133	127
	135	129
	136	129
	139	129
	144	135
	145	136
	146	137
	147	138
	150	139
	151	141
	152	142
	154	143
	155	144
	157	146
	161	149
	163	150
	164	151
	166	153
	167	154
	168	155
	169	156
	170	157
	173	161
	178	166
	179	167
	180	168
	181	169
	182	170
	184	172
	185	173
	190	181
	191	182
	192	183
	193	184
	195	185
	196	187
	197	188
	200	189
	201	190
	202	191
	203	192
	204	193
	205	194
	206	194
	207	195
	213	202
	214	205
	215	207
	216	209
	217	210
	218	211
	219	212
	222	216
	227	223
	228	224
	230	225
	232	227
	233	230
	234	231
	237	232
	238	234
	240	236
	241	237
	242	238
	245	243
	246	245
	247	246
	248	247
	249	248
	252	252
net/minecraft/client/particle/FallingDustParticle	96	90
	64	57
	67	60
	68	61
	69	62
	70	64
	76	71
	77	72
	82	76
	19	21
	83	77
	20	22
	84	78
	22	23
	23	24
	87	81
	24	25
	88	82
	89	83
	26	26
	90	84
	28	27
	92	87
	93	88
	30	28
	94	89
	31	29
	32	30
	96	90
	34	31
	35	32
	36	33
	40	37
	45	42
	50	47
	51	48
	52	49
	54	50
	55	51
	56	64
	59	53
	61	54
	62	55
	63	56
net/minecraft/client/model/PiglinHeadModel	42	41
	32	32
	34	33
	35	34
	36	35
	37	36
	41	40
	42	41
	17	18
	18	19
	19	20
	20	21
	23	24
	24	25
	26	26
	31	31
net/minecraft/client/gui/font/providers/GlyphProviderType	32	32
	16	18
	32	32
	22	23
	23	24
	24	25
	9	12
	10	13
	11	14
	12	15
	28	28
	13	16
net/minecraft/client/renderer/entity/player/PlayerRenderer	245	244
	47	49
	49	50
	50	53
	51	54
	52	55
	54	58
	55	59
	56	60
	57	61
	58	62
	59	63
	60	64
	61	65
	62	66
	63	67
	67	70
	68	71
	69	72
	73	75
	74	76
	77	77
	81	81
	82	82
	83	83
	84	84
	85	85
	87	87
	89	88
	90	89
	91	90
	92	91
	93	92
	94	93
	96	94
	98	95
	99	96
	102	97
	103	98
	106	101
	107	102
	108	103
	110	105
	111	106
	114	109
	118	112
	119	113
	120	114
	123	117
	124	118
	125	119
	126	120
	127	123
	128	124
	129	127
	130	128
	131	131
	132	132
	133	135
	134	136
	135	139
	136	140
	137	143
	138	144
	141	146
	142	147
	146	150
	151	154
	156	158
	157	159
	158	160
	162	165
	164	166
	165	167
	166	168
	167	169
	168	170
	169	171
	170	172
	171	174
	172	181
	176	185
	177	186
	178	187
	181	190
	182	191
	185	194
	186	195
	189	200
	190	201
	192	202
	193	203
	194	204
	195	205
	196	206
	197	207
	198	208
	199	209
	200	210
	201	211
	205	214
	206	215
	208	216
	209	217
	211	218
	212	219
	214	220
	215	221
	218	224
	219	225
	220	226
	221	227
	222	228
	223	229
	224	230
	225	231
	227	233
	228	234
	232	235
	235	236
	236	237
	238	238
	240	239
	243	242
	245	244
net/minecraft/client/renderer/block/model/Variant	126	122
	64	61
	65	63
	67	62
	72	72
	73	73
	74	74
	75	75
	76	75
	25	27
	26	28
	27	29
	91	90
	28	30
	29	31
	93	91
	94	92
	95	93
	32	34
	96	94
	98	95
	37	39
	102	99
	42	44
	106	103
	107	104
	109	105
	46	48
	110	106
	111	107
	113	109
	51	53
	117	114
	121	118
	123	119
	124	120
	61	58
	62	59
	126	122
com/mojang/realmsclient/gui/screens/RealmsLongRunningMcoTaskScreen	111	112
	67	64
	69	65
	70	66
	72	68
	76	72
	77	73
	78	74
	80	76
	85	82
	86	83
	87	84
	24	26
	88	85
	89	87
	26	27
	90	89
	91	90
	95	94
	96	95
	97	96
	100	99
	101	100
	38	36
	39	37
	103	103
	40	38
	104	104
	41	39
	42	40
	107	107
	108	108
	45	43
	46	44
	110	111
	47	45
	111	112
	48	46
	49	47
	50	51
	51	52
	52	53
	58	56
	60	57
	61	58
	62	59
	63	60
net/minecraft/client/gui/font/providers/UnihexProvider	471	483
	38	39
	53	49
	54	50
	59	55
	64	60
	68	438
	69	439
	70	440
	71	441
	72	443
	74	445
	75	446
	76	447
	78	448
	90	270
	91	271
	92	271
	93	273
	95	275
	98	278
	102	282
	107	286
	112	290
	117	197
	118	198
	119	199
	120	201
	126	207
	127	208
	128	209
	132	213
	137	218
	141	222
	142	223
	147	228
	148	229
	150	231
	152	233
	153	234
	154	235
	155	236
	156	237
	161	241
	163	243
	164	244
	165	245
	166	246
	167	248
	168	249
	169	250
	170	251
	175	256
	176	257
	177	258
	178	259
	179	260
	180	261
	182	262
	193	409
	194	411
	195	412
	197	415
	201	419
	202	420
	206	423
	208	424
	209	425
	211	427
	212	428
	214	431
	220	65
	221	66
	223	68
	224	69
	225	73
	227	70
	228	71
	231	76
	234	79
	235	80
	236	81
	238	83
	243	171
	247	175
	248	176
	249	178
	250	179
	251	180
	252	181
	253	182
	255	185
	260	190
	267	462
	271	466
	272	467
	273	469
	274	470
	275	471
	276	472
	277	473
	278	474
	279	475
	281	478
	286	483
	295	356
	299	360
	300	361
	301	362
	302	364
	303	365
	304	366
	305	367
	306	368
	307	369
	308	370
	309	371
	310	372
	311	373
	313	376
	317	380
	318	381
	319	382
	320	384
	321	385
	322	386
	323	387
	324	388
	325	389
	326	390
	327	391
	328	392
	329	393
	330	394
	331	395
	333	398
	339	298
	344	303
	349	308
	354	313
	359	318
	362	321
	367	326
	372	331
	377	336
	378	337
	379	338
	380	339
	381	340
	386	344
	399	87
	401	88
	403	91
	404	92
	405	93
	410	97
	411	98
	413	101
	414	103
	415	104
	418	107
	419	108
	420	109
	421	111
	422	112
	423	113
	424	114
	425	115
	427	117
	430	120
	431	121
	432	122
	434	94
	437	127
	441	131
	442	132
	443	133
	444	134
	445	135
	446	136
	447	137
	448	138
	449	139
	450	140
	451	141
	452	143
	453	144
	454	145
	455	146
	456	147
	457	148
	459	142
	465	154
	466	155
	467	156
	468	159
	469	160
	471	163
net/minecraft/client/renderer/blockentity/LecternRenderer	44	39
	32	30
	34	31
	35	32
	37	33
	39	34
	40	35
	41	36
	43	37
	44	39
	19	22
	20	23
	24	26
	25	27
	26	39
	29	28
	30	29
net/minecraft/client/model/SheepModel	52	45
	32	30
	33	31
	36	33
	41	37
	43	38
	44	39
	45	40
	49	43
	18	19
	19	20
	51	44
	52	45
	22	23
	23	24
	25	25
	26	26
	27	26
	28	26
	30	28
	31	30
net/minecraft/client/particle/ItemPickupParticle	97	105
	64	62
	65	63
	67	64
	68	65
	69	66
	71	67
	72	68
	73	69
	74	81
	75	82
	79	86
	80	87
	81	88
	83	91
	84	92
	85	93
	88	96
	89	97
	90	98
	91	99
	94	102
	95	103
	32	33
	96	104
	33	34
	97	105
	36	39
	37	40
	38	41
	39	42
	40	43
	41	44
	42	45
	43	46
	46	49
	47	49
	50	49
	55	54
	60	59
	61	60
	63	61
net/minecraft/client/color/block/BlockColor	0	0
net/minecraft/client/gui/components/EditBox	580	557
	514	498
	515	499
	518	502
	522	506
	523	507
	524	508
	528	511
	529	528
	532	512
	534	513
	535	514
	536	515
	538	516
	539	517
	28	30
	541	520
	542	521
	543	522
	544	523
	547	526
	548	528
	551	531
	552	532
	555	535
	559	539
	560	540
	563	543
	564	544
	55	55
	567	547
	568	547
	570	547
	62	61
	63	62
	575	552
	576	553
	66	65
	67	66
	579	556
	580	557
	70	69
	71	70
	72	71
	73	72
	75	74
	78	77
	79	78
	82	81
	83	82
	87	86
	88	87
	92	91
	93	102
	96	92
	97	93
	99	95
	102	98
	103	99
	104	100
	105	102
	108	105
	112	109
	113	110
	115	111
	119	115
	120	116
	123	119
	124	120
	125	121
	126	122
	127	142
	130	123
	131	124
	132	125
	133	126
	134	127
	136	130
	137	131
	140	134
	141	135
	142	142
	145	136
	146	137
	147	138
	149	139
	150	142
	153	145
	154	146
	156	148
	159	151
	160	152
	162	154
	164	156
	167	159
	168	166
	171	160
	172	161
	173	166
	176	163
	177	166
	180	169
	181	170
	184	173
	185	188
	188	174
	189	175
	190	188
	193	177
	194	178
	195	179
	196	188
	199	180
	201	181
	202	188
	205	182
	206	183
	207	188
	210	191
	214	195
	218	199
	219	200
	220	201
	222	203
	223	204
	224	215
	225	216
	227	219
	228	220
	231	205
	233	206
	234	207
	235	208
	237	210
	238	211
	244	225
	248	229
	249	230
	252	233
	256	237
	258	238
	259	239
	262	242
	263	243
	266	246
	267	247
	268	248
	271	251
	272	252
	275	255
	276	256
	280	260
	281	329
	284	261
	286	314
	287	315
	289	317
	292	320
	294	306
	295	307
	297	309
	300	312
	302	263
	303	264
	306	267
	308	300
	309	301
	312	304
	314	322
	316	323
	318	325
	320	326
	323	274
	324	275
	325	276
	326	277
	327	278
	328	279
	329	280
	330	281
	331	282
	332	283
	334	286
	335	288
	336	289
	337	290
	338	291
	340	294
	343	297
	347	334
	352	339
	353	340
	355	343
	356	344
	357	345
	360	348
	363	350
	368	356
	369	357
	370	358
	372	361
	373	362
	374	363
	378	367
	382	371
	383	425
	386	372
	387	373
	388	374
	391	377
	392	378
	393	379
	394	380
	395	381
	396	382
	397	383
	398	384
	400	385
	402	386
	403	387
	404	388
	407	391
	408	392
	410	393
	411	394
	412	395
	413	396
	414	397
	417	400
	418	401
	421	404
	422	405
	425	408
	426	409
	429	412
	430	413
	431	414
	433	416
	437	420
	438	421
	439	422
	441	425
	444	428
	445	429
	446	430
	447	431
	449	434
	450	435
	451	436
	452	437
	455	440
	456	441
	458	444
	459	445
	462	448
	463	449
	466	452
	468	453
	469	454
	470	455
	472	457
	475	460
	479	464
	483	468
	487	472
	488	473
	491	476
	492	477
	495	480
	496	481
	500	485
	501	491
	503	486
	504	487
	505	488
	507	491
	510	494
net/minecraft/client/renderer/debug/VillageSectionsDebugRenderer	48	45
	32	30
	33	31
	37	35
	39	36
	40	37
	41	38
	43	40
	44	41
	47	44
	48	45
	17	15
	20	18
	24	22
	25	23
	28	26
	29	27
net/minecraft/client/sounds/SoundEngineExecutor	63	60
	13	14
	14	10
	15	15
	18	18
	19	19
	20	20
	21	21
	22	22
	27	26
	32	30
	37	34
	41	38
	42	39
	44	41
	49	44
	50	45
	53	48
	54	49
	56	52
	57	53
	58	54
	60	57
	61	58
	62	59
	63	60
com/mojang/realmsclient/dto/Backup	59	55
	32	26
	33	27
	35	30
	36	31
	37	32
	38	33
	39	34
	40	36
	41	36
	42	37
	43	38
	47	42
	48	43
	18	17
	50	46
	54	50
	26	22
	58	54
	59	55
	29	23
net/minecraft/client/gui/components/Button	107	98
	64	86
	65	87
	69	91
	70	92
	74	96
	75	97
	76	98
	16	18
	81	23
	88	27
	90	28
	91	29
	92	30
	96	34
	97	35
	101	39
	38	60
	39	61
	40	62
	106	44
	107	45
	43	65
	44	66
	45	67
	49	71
	50	72
	54	76
	55	77
	56	78
	60	82
net/minecraft/client/model/SquidModel	69	62
	65	58
	69	62
	20	21
	21	22
	22	23
	25	26
	29	30
	30	31
	31	32
	33	33
	34	34
	35	35
	36	35
	37	35
	40	37
	41	38
	42	38
	44	40
	45	41
	46	42
	47	43
	48	44
	50	45
	51	46
	53	47
	56	50
	61	55
	63	56
net/minecraft/client/color/item/package-info	0	0
net/minecraft/client/renderer/blockentity/BlockEntityRenderer	20	23
	16	19
	20	23
	12	15
net/minecraft/client/renderer/entity/LlamaSpitRenderer	44	39
	32	31
	34	32
	35	33
	37	34
	39	35
	40	36
	44	39
	15	18
	20	22
	21	23
	22	24
	26	27
	28	28
	29	29
	30	30
com/mojang/realmsclient/util/task/OpenServerTask	74	77
	64	66
	66	69
	67	70
	70	73
	74	77
	15	18
	17	19
	25	26
	26	27
	27	28
	28	29
	29	30
	33	34
	34	36
	35	37
	36	38
	40	42
	41	43
	42	44
	43	45
	44	46
	47	49
	49	50
	50	51
	52	53
	54	55
	57	58
	58	59
	59	60
	61	63
	62	64
	63	65
net/minecraft/realms/RealmsConnect	117	117
	22	24
	30	31
	31	32
	34	35
	35	36
	36	37
	38	38
	39	39
	40	40
	43	43
	45	46
	47	47
	48	48
	51	51
	53	54
	54	55
	57	59
	58	61
	59	62
	62	65
	63	66
	66	69
	68	70
	69	71
	72	74
	73	75
	74	76
	75	77
	76	78
	77	79
	79	80
	80	81
	83	84
	84	85
	86	86
	87	87
	88	88
	91	92
	92	94
	94	96
	95	98
	96	99
	99	102
	101	103
	102	103
	103	104
	104	105
	107	107
	110	110
	111	111
	112	112
	114	114
	117	117
net/minecraft/client/resources/model/BlockStateModelLoader	259	297
	257	263
	258	264
	259	267
	44	48
	49	51
	51	52
	52	53
	54	54
	56	57
	57	58
	58	60
	67	69
	72	81
	73	82
	74	83
	75	84
	77	85
	78	86
	79	87
	82	90
	83	91
	85	92
	86	94
	87	95
	89	98
	90	99
	93	102
	95	103
	97	104
	99	105
	100	106
	102	107
	104	108
	107	111
	108	112
	109	113
	112	115
	113	116
	114	119
	116	123
	119	126
	121	130
	122	135
	123	137
	124	138
	125	141
	127	144
	128	146
	129	147
	131	155
	133	157
	135	159
	136	160
	137	161
	138	162
	141	164
	142	165
	143	166
	144	167
	145	168
	146	169
	148	172
	151	175
	152	176
	153	177
	154	178
	156	180
	158	181
	159	182
	160	184
	161	185
	162	186
	163	187
	164	188
	168	192
	169	193
	171	195
	173	197
	176	200
	177	202
	178	203
	179	204
	180	205
	181	206
	182	207
	183	208
	184	209
	185	210
	186	214
	188	211
	190	215
	191	216
	196	221
	198	222
	199	223
	200	232
	203	224
	204	225
	205	226
	209	230
	215	239
	219	243
	220	244
	221	245
	224	248
	229	254
	230	255
	235	281
	236	282
	237	284
	238	285
	239	286
	240	287
	241	288
	245	292
	246	293
	250	297
net/minecraft/client/DebugQueryHandler	47	47
	35	35
	36	36
	40	40
	41	41
	42	42
	45	45
	46	46
	47	47
	21	21
	22	22
	25	25
	26	26
	27	27
	28	28
	31	30
net/minecraft/client/gui/layouts/package-info	0	0
net/minecraft/client/renderer/entity/layers/RenderLayer	40	60
	32	52
	33	53
	36	56
	40	60
	18	21
	19	22
	22	40
	23	41
	24	42
	25	43
	26	44
	28	46
	31	51
net/minecraft/client/renderer/texture/SpriteLoader	134	151
	129	143
	134	151
	30	32
	31	33
	39	40
	40	41
	41	42
	42	43
	43	44
	46	47
	50	51
	51	52
	53	53
	54	54
	56	56
	57	57
	58	58
	59	59
	60	60
	61	68
	64	71
	68	74
	69	75
	72	77
	73	78
	74	79
	76	81
	80	85
	81	86
	82	87
	83	88
	84	93
	85	96
	86	97
	91	100
	92	101
	93	102
	94	103
	97	105
	98	107
	100	110
	103	113
	107	120
	108	122
	112	126
	116	132
	117	134
	118	136
	119	137
	123	141
	125	142
	126	142
net/minecraft/client/gui/layouts/Layout	27	23
	22	18
	23	19
	24	20
	26	22
	27	23
	12	14
	13	15
net/minecraft/client/renderer/blockentity/VaultRenderer	50	60
	34	31
	35	32
	36	41
	39	33
	40	34
	41	36
	42	41
	45	55
	46	56
	47	57
	48	58
	49	59
	50	60
	20	24
	21	25
	25	28
	26	41
	29	29
	30	30
	31	41
net/minecraft/client/gui/screens/inventory/tooltip/ClientTextTooltip	29	31
	18	20
	23	25
	28	30
	13	15
	29	31
	14	16
net/minecraft/client/model/PufferfishSmallModel	72	60
	65	53
	70	58
	71	59
	72	60
	19	21
	20	22
	21	23
	22	24
	25	27
	26	28
	28	29
	29	30
	30	31
	31	31
	32	31
	34	33
	35	34
	36	34
	37	34
	39	36
	40	37
	41	37
	42	37
	44	39
	45	40
	46	40
	47	40
	49	42
	50	43
	51	43
	52	43
	54	45
	55	46
	56	46
	57	46
	60	48
net/minecraft/client/renderer/item/package-info	0	0
net/minecraft/client/gui/screens/inventory/CreativeInventoryListener	22	23
	17	19
	18	20
	22	23
	12	15
	13	16
net/minecraft/client/renderer/chunk/VisGraph	162	160
	128	125
	130	128
	133	130
	134	131
	136	134
	139	136
	140	137
	142	140
	145	142
	146	143
	148	146
	21	23
	22	24
	23	25
	151	148
	152	149
	25	27
	154	152
	27	28
	29	29
	157	154
	30	30
	158	155
	31	31
	160	158
	33	32
	34	34
	162	160
	35	35
	36	36
	37	37
	38	38
	43	43
	45	44
	48	47
	49	48
	50	49
	53	52
	57	56
	61	60
	63	61
	64	62
	65	63
	66	64
	68	66
	69	67
	70	68
	75	73
	79	77
	81	78
	82	79
	83	80
	85	82
	86	83
	87	84
	89	86
	90	87
	91	88
	92	89
	93	90
	97	95
	101	99
	102	100
	103	101
	104	102
	105	103
	108	106
	109	107
	110	108
	111	109
	112	110
	115	113
	116	114
	117	115
	118	116
	119	117
	121	119
	124	122
	127	124
net/minecraft/client/model/VexModel	138	146
	128	136
	129	137
	130	138
	133	141
	134	142
	136	144
	138	146
	28	30
	29	31
	30	32
	31	33
	32	34
	33	35
	34	36
	35	37
	36	38
	39	41
	40	42
	42	43
	43	44
	44	45
	45	45
	47	47
	48	50
	49	52
	50	54
	52	56
	53	58
	54	59
	55	61
	56	63
	57	64
	59	66
	60	68
	61	69
	62	71
	63	73
	64	74
	66	76
	71	80
	72	81
	73	82
	74	83
	76	84
	77	85
	79	86
	80	87
	81	88
	83	90
	85	93
	86	94
	87	95
	88	96
	89	97
	90	98
	91	99
	94	102
	95	103
	96	104
	97	105
	98	106
	99	107
	100	108
	101	122
	104	110
	105	111
	106	112
	107	113
	109	116
	110	117
	111	118
	112	119
	114	122
	118	126
	123	131
	124	132
	125	133
	126	134
	127	135
net/minecraft/client/gui/components/Renderable	0	0
net/minecraft/client/resources/sounds/package-info	0	0
net/minecraft/client/resources/sounds/EntityBoundSoundInstance	37	38
	34	34
	35	35
	36	36
	37	38
	12	15
	13	16
	14	17
	15	18
	17	19
	18	20
	19	21
	20	22
	24	26
	29	31
	30	32
	31	38
net/minecraft/client/multiplayer/chat/report/package-info	0	0
net/minecraft/client/renderer/block/ModelBlockRenderer	648	967
	512	770
	513	771
	514	772
	516	773
	517	774
	518	775
	519	776
	521	777
	522	778
	523	779
	524	780
	526	781
	527	782
	528	783
	529	784
	531	785
	532	786
	533	787
	534	788
	537	804
	538	806
	539	807
	541	809
	544	812
	545	813
	34	35
	547	816
	548	817
	550	820
	39	41
	551	821
	40	42
	553	824
	43	56
	44	57
	45	58
	557	828
	558	829
	47	61
	559	830
	48	62
	50	64
	52	66
	564	950
	53	67
	565	951
	54	68
	566	952
	567	953
	56	69
	568	954
	57	70
	569	955
	58	71
	570	956
	571	957
	60	73
	572	958
	573	959
	574	960
	63	87
	575	961
	64	88
	65	89
	67	90
	68	92
	580	966
	69	93
	581	967
	70	94
	71	95
	585	349
	75	96
	76	97
	77	98
	591	394
	81	103
	82	104
	83	105
	84	106
	597	439
	86	108
	89	122
	90	123
	91	125
	603	522
	92	126
	93	127
	94	128
	609	529
	98	129
	99	130
	103	131
	615	574
	105	132
	108	137
	109	138
	110	139
	111	140
	113	142
	116	156
	117	157
	629	626
	118	158
	630	627
	631	628
	120	159
	632	629
	121	164
	633	630
	634	631
	635	632
	636	633
	126	177
	639	645
	640	646
	641	647
	642	648
	643	649
	644	650
	133	199
	645	651
	134	200
	135	201
	136	202
	648	654
	137	203
	139	205
	140	206
	141	207
	144	210
	145	211
	148	216
	149	217
	150	218
	151	219
	152	220
	153	221
	154	223
	155	224
	156	225
	157	226
	158	227
	159	228
	160	229
	161	230
	162	231
	163	232
	166	235
	167	236
	168	237
	169	238
	170	239
	171	240
	172	241
	173	242
	174	243
	175	244
	176	245
	177	246
	178	247
	179	248
	182	251
	183	252
	184	253
	186	255
	187	256
	188	257
	190	259
	191	260
	192	261
	194	263
	195	264
	196	265
	198	267
	199	268
	200	269
	202	271
	203	272
	204	273
	206	275
	207	276
	210	278
	213	292
	214	293
	215	294
	217	295
	218	296
	221	299
	222	300
	223	300
	228	302
	231	307
	232	308
	233	310
	234	311
	235	312
	237	315
	238	316
	239	317
	242	320
	246	324
	247	325
	248	326
	249	327
	251	329
	252	330
	253	331
	255	334
	257	336
	260	836
	261	837
	262	838
	263	839
	264	840
	265	841
	272	848
	273	849
	274	850
	275	851
	276	852
	277	853
	278	854
	279	855
	282	859
	283	860
	284	861
	285	862
	286	863
	289	866
	298	873
	299	874
	302	877
	304	879
	305	880
	308	882
	309	883
	312	886
	314	888
	315	889
	319	896
	320	897
	323	900
	324	901
	325	902
	326	903
	329	906
	330	907
	331	908
	332	909
	333	910
	337	914
	338	915
	339	916
	340	917
	342	920
	344	923
	348	927
	349	928
	350	929
	351	930
	352	931
	356	935
	357	936
	358	937
	359	938
	361	941
	363	944
	367	38
	370	339
	371	340
	374	343
	375	344
	378	660
	379	661
	382	664
	385	669
	386	670
	388	671
	390	672
	392	673
	393	674
	394	675
	395	676
	397	677
	398	678
	399	679
	400	680
	402	681
	403	682
	404	683
	405	684
	407	685
	408	686
	409	687
	410	688
	412	689
	413	690
	414	691
	415	692
	416	693
	417	694
	418	695
	419	696
	430	699
	431	703
	432	704
	433	705
	434	706
	436	700
	437	701
	439	711
	440	715
	441	716
	442	717
	443	718
	445	712
	446	713
	448	723
	449	727
	450	728
	451	729
	452	730
	454	724
	455	725
	457	735
	458	739
	459	740
	460	741
	461	742
	463	736
	464	737
	467	745
	468	746
	469	747
	470	748
	471	749
	474	752
	475	753
	476	754
	478	755
	480	756
	481	790
	482	791
	483	792
	484	793
	486	794
	487	795
	488	796
	489	797
	491	798
	492	799
	493	800
	494	801
	496	757
	497	758
	498	759
	499	760
	501	761
	502	762
	503	763
	504	764
	506	765
	507	766
	508	767
	509	768
	511	769
com/mojang/realmsclient/gui/screens/RealmsUploadScreen	455	442
	50	51
	58	57
	59	58
	97	91
	98	92
	99	93
	100	94
	101	95
	102	96
	103	97
	104	98
	105	99
	109	103
	110	104
	111	105
	113	106
	114	107
	115	108
	116	109
	118	111
	119	112
	120	113
	122	116
	123	117
	124	118
	125	119
	126	120
	127	121
	128	122
	130	124
	131	125
	135	130
	136	132
	137	133
	141	137
	142	138
	145	141
	146	142
	149	145
	150	146
	151	147
	155	151
	156	152
	157	153
	159	155
	161	158
	163	160
	168	166
	170	167
	171	171
	172	172
	175	175
	177	176
	178	177
	181	180
	182	181
	183	182
	186	185
	187	186
	188	187
	189	188
	192	191
	195	194
	196	195
	198	196
	199	197
	200	198
	201	199
	203	200
	204	201
	207	204
	208	205
	209	206
	210	207
	211	208
	213	211
	214	212
	217	215
	218	216
	220	218
	222	220
	225	223
	226	224
	227	225
	228	226
	229	227
	231	229
	235	233
	237	234
	239	235
	240	236
	241	237
	243	239
	246	242
	247	243
	248	244
	249	245
	251	248
	252	249
	253	250
	255	253
	260	259
	261	260
	264	263
	265	264
	266	385
	269	266
	271	268
	273	270
	274	271
	275	272
	278	275
	279	276
	282	279
	283	280
	287	284
	288	285
	289	385
	292	287
	294	288
	295	289
	296	385
	299	290
	300	291
	301	385
	304	293
	305	294
	307	295
	308	296
	309	385
	313	297
	314	339
	315	340
	316	341
	318	342
	319	343
	321	344
	322	345
	323	346
	325	385
	328	349
	329	350
	330	351
	332	385
	335	298
	337	300
	339	309
	340	310
	341	311
	342	312
	343	313
	344	314
	346	317
	348	318
	349	319
	351	321
	354	323
	356	325
	357	326
	358	327
	359	328
	360	329
	364	333
	365	334
	366	335
	370	359
	372	361
	374	363
	376	365
	378	366
	379	367
	381	382
	384	368
	386	369
	387	370
	389	373
	390	374
	393	377
	394	378
	395	379
	398	387
	399	388
	402	391
	403	392
	406	395
	407	396
	408	397
	411	400
	415	404
	417	407
	418	408
	419	409
	420	410
	421	411
	422	412
	424	414
	425	415
	431	421
	432	442
	435	422
	436	423
	437	424
	438	425
	440	426
	441	427
	442	428
	443	431
	444	431
	446	433
	447	434
	449	435
	450	436
	451	437
	455	442
net/minecraft/client/main/SilentInitException	14	14
	9	9
	10	10
	13	13
	14	14
net/minecraft/client/ClientBrandRetriever	12	13
	12	13
net/minecraft/client/gui/components/toasts/package-info	0	0
net/minecraft/client/renderer/blockentity/StructureBlockRenderer	207	166
	25	25
	29	28
	30	97
	33	29
	34	30
	36	31
	37	97
	39	32
	40	97
	43	33
	44	34
	49	35
	53	36
	56	39
	58	41
	59	42
	60	43
	62	45
	63	46
	64	47
	66	49
	67	50
	71	57
	73	59
	74	60
	75	61
	76	62
	77	63
	79	65
	80	66
	81	67
	82	68
	83	69
	85	71
	86	72
	87	73
	88	74
	89	75
	91	77
	92	78
	93	79
	94	80
	98	83
	99	84
	100	85
	102	86
	103	87
	104	88
	107	91
	108	92
	110	97
	113	100
	114	101
	116	102
	117	103
	119	105
	120	106
	121	107
	122	108
	123	109
	124	110
	125	111
	126	112
	127	113
	129	114
	130	115
	131	116
	132	117
	133	118
	134	119
	136	120
	138	121
	140	122
	142	123
	144	124
	145	125
	146	126
	147	127
	163	131
	166	134
	167	135
	168	158
	171	136
	172	137
	174	138
	175	139
	177	141
	178	142
	179	143
	180	143
	181	143
	182	143
	187	147
	188	148
	189	149
	190	150
	191	151
	192	152
	193	153
	194	154
	196	155
	197	156
	198	158
	202	161
	207	166
net/minecraft/client/renderer/entity/EntityRenderers	200	208
	20	23
	23	26
	24	26
	25	26
	29	71
	30	72
	31	73
	32	74
	33	75
	34	76
	35	77
	36	78
	37	79
	38	80
	39	81
	40	82
	41	83
	42	84
	43	85
	44	86
	45	87
	46	88
	47	89
	48	90
	49	91
	50	92
	51	93
	52	94
	53	95
	54	96
	55	97
	56	98
	57	99
	58	100
	59	101
	60	102
	61	103
	62	104
	63	105
	64	106
	65	107
	66	108
	67	109
	68	110
	69	111
	70	112
	71	113
	72	114
	73	115
	74	116
	75	117
	76	118
	77	119
	78	120
	79	121
	80	122
	81	123
	82	124
	83	125
	84	126
	85	127
	86	128
	87	129
	88	130
	89	131
	90	132
	91	133
	92	134
	93	135
	94	136
	95	137
	96	138
	97	139
	98	140
	99	141
	100	142
	101	143
	102	144
	103	145
	104	146
	105	147
	106	148
	107	149
	108	150
	109	153
	110	155
	111	156
	112	157
	113	158
	114	159
	115	160
	116	161
	117	162
	118	163
	119	164
	120	165
	121	166
	122	167
	123	168
	124	169
	125	170
	126	171
	127	172
	128	173
	129	174
	130	175
	131	176
	132	177
	133	178
	134	179
	135	180
	136	181
	137	182
	138	183
	139	184
	140	185
	141	186
	142	187
	143	188
	144	189
	145	190
	146	191
	147	192
	148	193
	149	194
	150	195
	151	196
	152	197
	153	198
	154	199
	155	200
	156	201
	157	204
	158	208
	161	30
	162	31
	165	34
	166	35
	168	37
	169	38
	170	39
	172	41
	173	42
	178	46
	179	47
	181	49
	182	50
	183	51
	185	53
	186	54
	190	58
	191	60
	192	61
	195	61
	196	62
	197	63
	200	67
net/minecraft/client/resources/sounds/AmbientSoundHandler	0	0
com/mojang/blaze3d/font/SpaceProvider	50	54
	49	53
	34	36
	50	54
	22	24
	38	42
	23	25
	39	42
	24	26
	40	43
	44	48
	29	31
net/minecraft/client/gui/screens/recipebook/OverlayRecipeComponent	282	271
	257	231
	258	232
	260	233
	261	234
	262	235
	264	236
	265	237
	268	240
	270	243
	271	244
	279	253
	280	254
	281	255
	26	28
	282	256
	27	29
	28	30
	29	31
	30	32
	31	34
	32	36
	33	38
	34	40
	40	45
	56	57
	57	58
	59	59
	60	60
	63	63
	65	64
	66	65
	68	66
	69	67
	71	68
	72	69
	73	70
	74	71
	77	72
	78	73
	79	74
	80	75
	83	78
	84	79
	85	80
	86	81
	89	84
	90	85
	91	86
	92	87
	95	90
	97	91
	98	93
	99	94
	100	95
	102	96
	103	97
	104	98
	105	99
	107	101
	111	105
	112	106
	115	109
	120	114
	125	119
	126	120
	129	123
	130	124
	131	125
	132	126
	136	130
	141	135
	146	140
	147	158
	150	141
	152	142
	154	143
	155	144
	157	145
	158	146
	159	147
	161	148
	162	149
	164	150
	166	152
	167	153
	170	156
	171	158
	174	161
	175	162
	178	165
	184	170
	188	174
	193	263
	194	264
	198	268
	199	269
	200	270
	201	271
	210	184
	211	185
	212	186
	213	187
	214	188
	216	189
	217	190
	220	193
	221	194
	225	198
	226	199
	230	202
	231	203
	232	204
	234	206
	239	211
	240	212
	241	213
	243	215
	246	217
	247	218
	249	222
	252	227
	254	228
	255	229
net/minecraft/client/multiplayer/ClientAdvancements	107	111
	64	67
	68	71
	71	74
	74	77
	78	81
	79	82
	80	83
	82	86
	83	87
	84	88
	85	89
	23	26
	88	92
	91	95
	92	96
	93	97
	94	98
	95	99
	96	100
	97	101
	99	103
	100	104
	37	37
	38	38
	102	106
	39	39
	42	42
	106	110
	43	43
	107	111
	44	44
	47	47
	48	48
	49	50
	50	51
	51	52
	52	53
	53	54
	54	55
	55	56
	56	57
	58	60
	59	61
	60	62
	62	65
	63	66
net/minecraft/client/particle/CritParticle	92	92
	67	69
	68	70
	72	73
	9	12
	73	74
	10	13
	74	75
	11	14
	75	76
	12	15
	76	77
	13	16
	14	17
	15	18
	16	19
	17	20
	19	21
	20	22
	84	53
	21	23
	85	54
	22	24
	23	25
	25	26
	89	57
	90	58
	27	27
	91	59
	28	28
	92	60
	29	29
	33	33
	38	38
	39	39
	40	40
	41	41
	45	45
	52	86
	53	87
	57	90
	58	91
	59	92
net/minecraft/client/renderer/block/model/multipart/package-info	0	0
net/minecraft/client/resources/model/AtlasSet	76	91
	64	86
	33	36
	34	37
	35	38
	68	90
	69	91
	38	41
	39	48
	40	49
	41	51
	75	62
	76	63
	50	72
	51	73
	20	23
	52	74
	21	24
	22	25
	23	26
	56	78
	25	28
	28	31
	60	82
net/minecraft/client/renderer/debug/LightSectionDebugRenderer	140	150
	128	138
	129	139
	130	140
	131	141
	132	142
	133	143
	139	149
	140	150
	24	26
	27	28
	28	29
	37	37
	38	38
	39	39
	43	43
	44	44
	45	45
	46	46
	49	51
	50	52
	52	53
	53	54
	54	55
	55	56
	58	68
	59	69
	60	70
	61	71
	62	72
	63	73
	64	74
	67	86
	68	87
	69	88
	70	89
	71	90
	72	91
	73	92
	74	93
	75	94
	76	95
	77	96
	80	101
	81	102
	82	103
	83	104
	93	105
	94	105
	95	105
	96	105
	98	107
	101	112
	102	113
	103	114
	104	115
	105	116
	106	117
	108	118
	109	119
	110	120
	111	121
	119	130
	121	131
	122	132
	124	134
	125	135
	126	136
	127	137
com/mojang/realmsclient/dto/PendingInvitesList	32	36
	16	17
	32	36
	19	20
	21	23
	22	24
	23	25
	24	26
	25	28
	26	29
	29	32
	14	16
	30	33
net/minecraft/client/renderer/package-info	0	0
com/mojang/realmsclient/gui/RowButton	65	70
	65	70
	16	18
	17	19
	18	20
	19	21
	20	22
	23	25
	24	26
	25	27
	26	28
	27	29
	32	34
	36	38
	42	46
	43	47
	44	48
	47	51
	50	56
	51	57
	53	58
	54	59
	55	60
	56	61
	57	62
	59	64
	60	65
	61	66
net/minecraft/client/resources/model/UnbakedModel	0	0
net/minecraft/client/renderer/block/model/ItemOverrides	125	125
	29	30
	30	31
	31	32
	34	35
	35	35
	36	35
	37	35
	38	35
	40	36
	41	38
	42	39
	45	42
	46	44
	47	45
	48	46
	50	47
	51	48
	52	49
	53	50
	55	51
	57	54
	58	55
	62	59
	63	60
	64	60
	66	60
	71	65
	72	66
	73	67
	74	69
	75	70
	76	71
	77	72
	78	73
	80	75
	84	79
	85	80
	86	81
	87	82
	88	83
	90	86
	95	91
	103	123
	104	124
	105	125
	114	101
	115	102
	116	103
	119	106
	120	107
	121	108
	122	109
	125	113
com/mojang/realmsclient/util/task/package-info	0	0
net/minecraft/client/renderer/debug/SolidFaceRenderer	97	97
	21	24
	22	25
	26	29
	27	30
	29	31
	32	33
	33	34
	35	35
	40	36
	41	38
	42	39
	44	40
	45	41
	46	42
	48	43
	49	44
	50	45
	52	46
	53	47
	54	48
	55	49
	56	50
	57	51
	58	52
	60	55
	61	56
	62	57
	63	58
	64	59
	65	60
	67	63
	68	64
	69	65
	70	66
	71	67
	72	68
	74	71
	75	72
	76	73
	77	74
	78	75
	79	76
	81	79
	82	80
	83	81
	84	82
	85	83
	86	84
	88	87
	89	88
	90	89
	91	90
	92	91
	93	92
	97	97
net/minecraft/client/particle/SpriteSet	0	0
net/minecraft/client/gui/components/tabs/GridLayoutTab	33	35
	16	18
	32	34
	17	19
	33	35
	21	23
	26	28
	27	29
	31	33
net/minecraft/client/renderer/entity/WitherBossRenderer	47	40
	32	29
	34	29
	39	33
	41	34
	42	35
	43	36
	14	15
	46	39
	15	16
	47	40
	18	19
	20	20
	21	21
	25	24
	30	28
	31	29
net/minecraft/client/renderer/entity/layers/ElytraLayer	65	60
	64	58
	65	60
	35	36
	36	37
	37	60
	42	39
	43	40
	44	41
	45	42
	46	43
	47	44
	49	46
	52	49
	55	52
	24	27
	56	53
	58	54
	59	55
	29	31
	61	56
	30	32
	62	57
	31	33
net/minecraft/client/renderer/entity/SilverfishRenderer	22	23
	17	19
	22	23
	9	12
	12	15
	13	16
net/minecraft/client/tutorial/FindTreeTutorialStepInstance	96	92
	64	59
	66	61
	70	65
	71	66
	72	67
	73	68
	76	71
	80	75
	81	76
	83	78
	22	24
	86	81
	23	25
	90	85
	91	86
	92	87
	93	88
	30	31
	31	32
	96	92
	35	36
	37	37
	38	38
	39	53
	42	40
	43	41
	44	42
	45	42
	46	43
	47	44
	52	48
	53	48
	54	49
	55	50
	58	53
	62	57
	63	58
com/mojang/blaze3d/systems/package-info	0	0
net/minecraft/client/model/BeeModel	192	151
	40	38
	42	39
	44	40
	45	41
	46	42
	47	43
	49	44
	50	45
	51	46
	52	47
	53	48
	54	49
	57	52
	58	53
	60	54
	61	54
	62	54
	64	55
	65	56
	66	56
	68	58
	69	58
	70	58
	73	59
	74	60
	75	60
	76	60
	78	62
	79	63
	80	63
	81	63
	84	65
	85	66
	86	68
	87	68
	88	69
	90	71
	91	73
	92	73
	93	74
	95	76
	96	77
	97	77
	98	77
	100	79
	101	80
	102	80
	103	80
	105	82
	106	83
	107	83
	108	83
	111	85
	116	89
	118	90
	121	91
	122	92
	126	95
	127	96
	128	97
	129	98
	131	99
	132	100
	133	101
	134	102
	135	103
	136	104
	137	105
	139	106
	140	107
	141	108
	143	110
	144	111
	145	112
	147	113
	148	114
	149	115
	151	116
	152	117
	153	118
	155	119
	156	120
	157	121
	160	124
	161	125
	162	126
	163	127
	166	128
	167	129
	168	130
	170	131
	171	132
	173	133
	174	134
	176	135
	180	139
	181	140
	183	142
	187	146
	192	151
net/minecraft/client/gui/screens/Screen	624	637
	512	514
	515	517
	519	521
	520	522
	521	523
	523	526
	524	527
	527	530
	528	532
	529	533
	530	534
	532	535
	533	536
	535	537
	536	538
	538	541
	539	542
	540	545
	541	546
	544	550
	546	552
	549	555
	554	560
	555	561
	556	564
	557	565
	558	566
	559	567
	560	568
	561	572
	563	569
	565	573
	566	574
	58	60
	570	578
	59	61
	61	62
	62	63
	574	582
	63	64
	575	583
	64	65
	65	66
	66	67
	578	586
	67	68
	579	587
	68	69
	581	589
	584	592
	585	593
	588	596
	589	597
	592	600
	593	601
	82	80
	83	81
	595	603
	598	606
	599	607
	602	610
	603	611
	98	94
	99	95
	611	634
	100	96
	612	635
	613	636
	102	98
	614	637
	105	101
	106	102
	619	615
	109	105
	624	620
	113	109
	117	113
	118	114
	119	115
	120	116
	122	118
	126	122
	127	124
	128	125
	130	127
	134	131
	135	132
	136	133
	138	136
	139	137
	141	140
	142	144
	143	143
	144	146
	145	145
	146	141
	147	142
	149	148
	150	149
	152	150
	153	151
	154	152
	156	155
	157	156
	160	160
	164	164
	165	165
	169	169
	173	173
	174	174
	175	175
	176	176
	177	177
	180	180
	183	183
	184	184
	185	185
	187	187
	190	190
	191	191
	192	192
	194	194
	198	198
	199	199
	200	200
	203	203
	207	207
	208	208
	211	211
	212	212
	216	216
	217	217
	221	221
	222	222
	223	223
	227	227
	228	228
	230	231
	231	232
	233	235
	234	236
	237	239
	238	240
	239	241
	240	242
	243	245
	247	251
	250	254
	251	255
	254	258
	255	259
	256	260
	257	261
	259	263
	260	264
	261	265
	262	266
	265	270
	266	271
	267	272
	268	273
	269	274
	271	277
	272	278
	274	280
	276	282
	277	283
	279	285
	280	286
	281	287
	282	288
	283	289
	284	290
	285	291
	286	292
	287	293
	290	296
	292	298
	293	299
	295	301
	298	304
	300	307
	304	311
	305	312
	306	313
	307	314
	308	315
	309	316
	310	317
	312	319
	314	322
	315	323
	317	324
	318	325
	321	328
	322	329
	323	330
	324	331
	325	332
	329	336
	333	340
	336	343
	339	346
	342	349
	345	352
	346	353
	348	356
	349	357
	350	358
	353	361
	354	362
	355	363
	358	366
	359	367
	362	370
	363	371
	366	374
	367	375
	370	378
	371	379
	372	380
	373	381
	374	382
	377	385
	378	386
	381	389
	386	393
	387	394
	390	396
	394	401
	398	406
	402	411
	406	415
	410	419
	414	423
	419	427
	420	428
	424	431
	425	432
	426	433
	427	434
	431	438
	432	439
	433	440
	434	441
	435	442
	436	443
	438	445
	441	448
	442	449
	444	450
	445	451
	448	453
	449	453
	452	453
	457	459
	461	463
	464	466
	465	467
	466	468
	468	470
	471	473
	472	474
	475	477
	476	478
	479	481
	480	482
	483	485
	484	486
	487	489
	491	493
	492	494
	493	495
	494	496
	495	497
	498	500
	501	503
	502	504
	504	506
	507	509
	508	510
	509	511
	510	512
net/minecraft/client/gui/screens/inventory/HangingSignEditScreen	37	38
	32	33
	33	34
	18	21
	20	22
	37	38
	24	26
	25	27
	12	15
	29	31
	30	32
net/minecraft/client/searchtree/IntersectionIterator	41	39
	32	26
	33	27
	34	28
	35	29
	38	32
	39	33
	41	35
	19	18
	20	19
	22	20
	23	21
	28	25
	29	39
net/minecraft/client/renderer/FaceInfo	81	89
	65	62
	66	63
	69	66
	7	11
	12	17
	78	86
	79	87
	80	88
	17	23
	81	89
	22	29
	27	35
	32	43
	41	71
	42	72
	43	73
	44	74
	45	75
	46	76
	49	47
	50	48
	51	49
	52	50
	53	51
	54	52
	55	53
	56	54
	61	58
net/minecraft/client/sounds/LoopingAudioStream	56	63
	32	23
	36	27
	41	32
	42	33
	43	34
	44	35
	45	36
	46	37
	49	40
	18	58
	19	59
	54	45
	55	46
	56	47
	24	63
	28	19
	29	20
	30	21
	31	22
net/minecraft/client/model/geom/builders/LayerDefinition	19	22
	19	22
	10	13
	11	14
	12	15
	15	18
net/minecraft/client/renderer/entity/WanderingTraderRenderer	30	30
	17	19
	18	20
	19	21
	23	24
	12	15
	28	28
	29	29
	30	30
	15	18
net/minecraft/client/resources/GrassColorReloadListener	26	26
	17	18
	18	19
	19	20
	25	25
	26	26
	12	14
com/mojang/realmsclient/dto/PingResult	13	14
	10	12
	13	14
net/minecraft/client/gui/screens/ReceivingLevelScreen	86	87
	65	68
	66	69
	73	74
	74	75
	76	77
	14	16
	80	81
	81	82
	82	83
	86	87
	23	25
	24	26
	25	27
	26	28
	27	29
	31	33
	36	38
	41	43
	42	44
	43	45
	47	49
	49	57
	50	58
	51	59
	54	51
	55	52
	57	54
	59	61
	62	64
	63	65
net/minecraft/client/particle/HugeExplosionParticle	55	55
	33	34
	34	35
	35	39
	38	37
	39	39
	11	13
	43	43
	12	14
	13	15
	14	16
	15	17
	16	18
	17	19
	18	20
	50	51
	19	21
	51	52
	20	22
	55	55
	24	26
	29	31
	30	32
	31	33
net/minecraft/client/model/FrogModel	162	117
	128	92
	129	92
	132	94
	133	95
	134	95
	135	95
	138	97
	143	101
	145	102
	146	103
	147	104
	149	105
	150	106
	152	108
	155	111
	157	112
	158	113
	31	32
	32	33
	33	34
	34	35
	162	117
	35	36
	36	37
	37	38
	38	39
	39	40
	40	41
	41	42
	44	45
	45	46
	47	47
	48	47
	49	47
	51	48
	52	50
	53	50
	54	50
	55	51
	57	53
	58	55
	59	55
	60	55
	61	56
	63	58
	64	58
	65	58
	67	59
	68	60
	69	60
	70	60
	72	62
	73	63
	74	63
	75	63
	78	65
	79	67
	80	67
	81	68
	84	70
	85	71
	86	71
	87	71
	90	73
	91	74
	92	74
	93	74
	96	76
	97	77
	98	77
	99	77
	102	79
	103	80
	104	80
	105	80
	108	82
	109	83
	110	83
	111	83
	114	85
	115	86
	116	86
	117	86
	120	88
	121	89
	122	89
	123	89
	126	91
	127	92
net/minecraft/client/model/WaterPatchModel	0	0
net/minecraft/client/gui/layouts/LinearLayout	110	114
	66	65
	71	70
	72	71
	76	75
	77	76
	16	15
	17	16
	81	80
	20	19
	21	20
	22	21
	86	85
	25	24
	26	25
	90	89
	30	29
	94	93
	34	33
	101	102
	38	37
	102	104
	103	107
	105	109
	42	41
	108	112
	109	113
	46	45
	110	114
	51	50
	52	51
	56	55
	57	56
	61	60
net/minecraft/client/gui/screens/recipebook/RecipeBookTabButton	119	105
	20	22
	21	22
	22	22
	31	29
	32	30
	34	31
	35	32
	38	35
	39	36
	40	37
	41	47
	43	38
	44	39
	45	40
	46	41
	48	42
	52	47
	56	51
	57	76
	60	52
	61	53
	62	54
	63	55
	64	56
	65	57
	68	60
	69	61
	71	62
	73	63
	74	64
	75	65
	78	68
	79	69
	81	70
	83	71
	84	72
	85	73
	87	76
	90	79
	92	80
	94	81
	95	82
	96	83
	97	84
	98	85
	100	87
	103	90
	107	94
	108	95
	110	96
	111	97
	112	98
	113	99
	114	100
	119	105
net/minecraft/client/renderer/entity/DragonFireballRenderer	53	51
	32	30
	34	31
	35	32
	37	33
	38	34
	39	35
	40	36
	42	37
	44	38
	45	39
	15	16
	16	17
	48	42
	49	48
	19	20
	20	21
	53	51
	24	24
	29	28
	30	29
net/minecraft/client/particle/TerrainParticle	110	103
	68	66
	73	71
	76	72
	77	72
	80	72
	21	21
	22	22
	87	103
	25	25
	26	26
	27	27
	28	28
	29	29
	30	30
	31	31
	95	89
	96	90
	33	32
	97	91
	34	33
	98	92
	35	34
	36	35
	100	95
	37	36
	40	39
	42	40
	106	79
	43	41
	107	80
	44	42
	108	82
	110	81
	48	46
	53	51
	58	56
	63	61
net/minecraft/client/model/SpiderModel	143	124
	128	110
	129	111
	130	112
	131	113
	132	114
	133	115
	135	116
	136	117
	137	118
	138	119
	139	120
	140	121
	141	122
	142	123
	143	124
	33	34
	34	35
	35	36
	36	37
	37	38
	38	39
	39	40
	40	41
	41	42
	42	43
	43	44
	46	47
	47	48
	49	49
	50	50
	51	51
	52	51
	53	51
	55	53
	56	54
	57	54
	58	54
	60	56
	61	57
	62	57
	63	57
	65	59
	66	59
	67	60
	68	60
	70	61
	71	62
	72	63
	73	64
	74	65
	75	66
	76	67
	77	68
	79	69
	84	74
	89	79
	90	80
	92	81
	93	82
	94	83
	96	84
	97	85
	99	86
	100	87
	102	88
	103	89
	105	90
	106	91
	107	92
	108	93
	109	94
	110	95
	111	96
	112	97
	113	98
	114	99
	116	100
	117	101
	118	102
	119	103
	121	104
	122	105
	123	106
	124	107
	126	108
	127	109
net/minecraft/client/renderer/entity/TntRenderer	48	46
	32	34
	35	37
	36	38
	37	39
	39	40
	41	41
	43	42
	44	43
	16	19
	48	46
	17	20
	18	21
	19	22
	23	25
	24	26
	25	27
	26	28
	27	29
	28	30
	29	31
	30	32
	31	33
com/mojang/realmsclient/util/UploadTokenCache	19	22
	18	21
	19	22
	10	13
	14	17
	15	18
net/minecraft/client/renderer/entity/BatRenderer	17	19
	17	19
	9	12
	12	15
	13	16
net/minecraft/client/renderer/entity/SpectralArrowRenderer	15	17
	7	10
	10	13
	11	14
	15	17
com/mojang/blaze3d/platform/Window	480	465
	31	34
	64	63
	66	64
	67	65
	69	66
	71	67
	72	68
	73	69
	74	70
	75	71
	77	73
	79	76
	82	77
	84	78
	85	79
	87	80
	89	81
	90	82
	91	83
	92	84
	93	85
	94	86
	96	87
	98	88
	99	89
	100	90
	101	91
	103	93
	104	94
	105	95
	106	96
	107	97
	110	100
	112	101
	116	102
	117	103
	119	104
	121	105
	123	106
	124	107
	125	108
	126	109
	127	110
	128	111
	131	114
	132	116
	133	117
	134	118
	135	119
	136	120
	137	121
	138	122
	139	123
	144	128
	145	129
	150	133
	154	137
	155	138
	156	139
	157	140
	158	141
	159	142
	160	143
	163	146
	167	149
	168	150
	170	153
	171	154
	172	156
	173	157
	174	159
	175	160
	176	161
	177	162
	178	163
	180	164
	181	165
	182	166
	183	167
	187	171
	189	174
	192	177
	195	182
	197	184
	200	187
	201	188
	206	191
	207	192
	210	195
	211	197
	212	199
	216	203
	217	204
	218	205
	219	206
	220	207
	221	208
	224	211
	225	212
	226	213
	228	215
	231	218
	232	219
	233	220
	234	221
	238	225
	239	226
	240	227
	241	228
	242	229
	243	230
	246	233
	247	234
	248	235
	251	238
	252	249
	254	239
	255	240
	257	241
	258	249
	261	242
	262	243
	263	244
	264	245
	266	249
	269	252
	270	253
	271	254
	273	255
	274	256
	275	257
	278	260
	279	261
	280	262
	283	265
	284	266
	286	268
	289	271
	290	272
	292	274
	295	277
	296	278
	299	281
	303	285
	304	286
	305	287
	306	288
	308	290
	311	293
	315	297
	316	298
	317	299
	318	300
	320	302
	323	305
	324	306
	325	307
	326	308
	328	310
	333	313
	334	314
	335	315
	336	316
	337	317
	338	318
	340	320
	342	321
	344	324
	345	325
	346	326
	347	327
	348	328
	349	329
	351	332
	352	333
	353	334
	354	335
	355	336
	356	337
	358	338
	362	342
	363	343
	364	344
	365	345
	366	346
	368	348
	371	351
	372	352
	375	355
	376	356
	377	357
	378	358
	379	359
	382	362
	384	365
	385	366
	386	367
	387	368
	388	369
	389	370
	391	372
	394	375
	395	377
	396	378
	398	381
	399	382
	401	385
	405	389
	406	390
	407	391
	408	392
	409	393
	410	394
	413	397
	414	398
	417	401
	421	405
	425	409
	429	413
	433	417
	434	418
	437	421
	438	422
	441	425
	445	429
	449	433
	453	437
	457	441
	461	445
	465	449
	470	454
	474	458
	475	459
	479	464
	480	465
com/mojang/realmsclient/util/JsonUtils	100	101
	64	69
	65	69
	67	69
	71	73
	72	74
	73	75
	75	77
	14	16
	15	17
	16	18
	80	82
	17	19
	81	83
	18	20
	82	84
	20	22
	84	86
	25	28
	89	91
	26	29
	90	92
	27	30
	91	93
	28	31
	29	32
	93	95
	31	34
	98	100
	35	39
	99	101
	36	40
	100	101
	37	41
	39	43
	43	48
	44	49
	45	50
	47	52
	53	58
	54	59
	55	60
	57	62
	63	68
net/minecraft/client/gui/layouts/GridLayout	215	227
	129	140
	134	145
	135	146
	138	149
	142	153
	146	157
	19	21
	20	22
	23	25
	24	26
	28	30
	156	168
	157	169
	30	31
	158	170
	31	32
	159	171
	160	172
	33	34
	161	173
	34	35
	35	36
	164	176
	38	39
	39	40
	168	180
	41	42
	42	43
	43	44
	44	46
	45	47
	47	50
	48	51
	49	53
	177	190
	50	54
	178	191
	181	194
	54	58
	55	59
	57	60
	185	198
	58	62
	59	63
	61	66
	189	202
	62	68
	63	69
	193	206
	66	72
	194	207
	67	73
	68	75
	196	208
	69	76
	197	209
	198	210
	71	79
	199	211
	72	80
	201	214
	74	81
	75	83
	203	215
	76	84
	78	87
	79	88
	207	219
	82	91
	83	92
	211	223
	84	93
	87	96
	215	227
	91	100
	95	104
	99	108
	103	112
	104	113
	106	116
	107	117
	109	120
	110	121
	111	122
	115	126
	119	130
	120	131
	124	135
	125	136
net/minecraft/client/searchtree/MergingUniqueIterator	46	44
	34	31
	35	32
	37	35
	38	36
	41	39
	42	40
	43	41
	46	44
	20	18
	21	19
	23	20
	24	21
	28	25
	29	26
	30	27
	31	28
com/mojang/realmsclient/util/task/ResettingGeneratedWorldTask	19	22
	18	21
	19	22
	12	15
	13	16
	14	17
net/minecraft/client/gui/font/providers/package-info	0	0
net/minecraft/client/gui/screens/GenericWaitingScreen	96	91
	64	60
	65	61
	67	64
	68	65
	72	69
	74	70
	76	71
	77	72
	78	73
	80	75
	82	77
	86	81
	91	86
	92	87
	29	28
	96	91
	33	32
	37	36
	38	37
	39	38
	40	39
	41	40
	42	41
	46	45
	48	46
	49	47
	52	50
	53	51
	55	52
	56	53
	57	54
	59	55
	60	56
net/minecraft/client/renderer/block/model/ItemTransform	117	104
	19	20
	26	26
	27	27
	28	28
	29	29
	32	32
	33	46
	35	33
	36	34
	37	35
	39	36
	40	37
	41	38
	44	41
	45	42
	46	43
	47	44
	48	46
	52	50
	53	51
	56	54
	57	58
	59	59
	62	55
	67	64
	68	65
	69	66
	70	66
	74	71
	75	72
	76	73
	82	78
	84	79
	86	80
	87	81
	88	82
	89	82
	90	82
	91	82
	94	83
	95	84
	96	84
	97	84
	98	84
	101	85
	105	89
	106	90
	108	93
	109	94
	110	95
	113	98
	114	100
	115	101
	117	104
net/minecraft/client/gui/components/BossHealthOverlay	185	176
	128	121
	129	122
	133	125
	134	126
	135	127
	136	128
	140	131
	141	132
	142	133
	143	134
	144	135
	146	137
	20	25
	21	25
	149	140
	22	26
	150	141
	23	27
	24	28
	25	29
	153	144
	26	30
	154	145
	27	31
	155	146
	156	147
	30	34
	31	34
	32	35
	33	36
	161	152
	34	37
	35	38
	36	39
	37	40
	165	156
	166	157
	167	158
	40	43
	168	159
	41	43
	42	44
	43	45
	44	46
	173	164
	47	49
	48	49
	49	50
	177	168
	50	51
	178	169
	51	52
	179	170
	180	171
	185	176
	58	58
	59	59
	62	62
	63	84
	66	63
	68	64
	70	65
	71	67
	72	68
	74	69
	76	70
	77	71
	78	72
	79	73
	80	74
	81	75
	82	76
	84	77
	89	82
	90	84
	93	87
	94	88
	95	89
	96	90
	98	92
	101	97
	102	98
	103	99
	104	100
	106	103
	107	104
	110	107
	113	109
	114	110
	118	113
	119	114
	123	117
	124	118
net/minecraft/client/animation/definitions/CamelAnimation	416	658
	13	12
	14	13
	15	14
	16	18
	17	19
	18	20
	20	23
	21	27
	22	28
	23	29
	24	30
	25	31
	27	34
	28	38
	29	39
	30	40
	32	43
	33	47
	34	48
	35	49
	36	50
	38	53
	39	57
	40	58
	41	59
	43	62
	44	66
	45	67
	46	68
	47	69
	49	72
	50	76
	51	77
	52	78
	53	79
	55	82
	56	86
	57	87
	58	88
	59	89
	60	90
	62	93
	63	97
	64	98
	65	99
	67	102
	68	106
	69	107
	70	108
	71	109
	73	112
	74	116
	75	117
	76	118
	77	119
	78	120
	80	123
	81	127
	82	128
	83	129
	84	130
	85	131
	87	134
	88	138
	89	139
	90	140
	92	143
	94	144
	95	145
	96	149
	97	150
	98	151
	99	152
	101	155
	102	159
	103	160
	104	161
	105	162
	107	165
	108	169
	109	170
	110	171
	111	172
	113	175
	114	179
	115	180
	116	181
	117	182
	118	183
	120	186
	121	190
	122	191
	123	192
	124	193
	126	196
	127	200
	128	201
	129	202
	130	203
	131	204
	133	207
	134	211
	135	212
	136	213
	137	214
	138	215
	139	216
	141	219
	142	223
	143	224
	144	225
	145	226
	146	227
	147	228
	149	231
	150	235
	151	236
	152	237
	153	238
	154	239
	155	240
	157	243
	158	247
	159	248
	160	249
	161	250
	162	251
	163	252
	165	255
	166	259
	167	260
	168	261
	169	262
	171	265
	172	269
	173	270
	174	271
	175	272
	177	275
	179	276
	180	277
	181	281
	182	282
	184	285
	185	289
	186	290
	188	293
	189	297
	190	298
	192	301
	193	305
	194	306
	196	309
	197	313
	198	314
	200	317
	201	321
	202	322
	204	325
	205	329
	206	330
	208	333
	209	337
	210	338
	212	341
	213	345
	214	346
	216	349
	217	353
	218	354
	220	357
	221	361
	222	362
	224	365
	225	369
	226	370
	228	373
	230	374
	231	375
	232	379
	233	380
	234	381
	235	382
	236	383
	238	386
	239	390
	240	391
	241	392
	242	393
	243	394
	244	395
	246	398
	247	402
	248	403
	249	404
	250	405
	251	406
	252	407
	254	410
	255	414
	256	415
	257	416
	258	417
	259	418
	260	419
	262	422
	263	426
	264	427
	265	428
	266	429
	267	430
	268	431
	270	434
	271	438
	272	439
	273	440
	274	441
	275	442
	276	443
	278	446
	279	450
	280	451
	281	452
	282	453
	283	454
	284	455
	285	456
	287	459
	288	463
	289	464
	290	465
	291	466
	292	467
	293	468
	294	469
	295	470
	297	473
	298	477
	299	478
	300	479
	301	480
	302	481
	303	482
	304	483
	306	486
	307	490
	308	491
	309	492
	310	493
	311	494
	312	495
	313	496
	314	497
	316	500
	317	504
	318	505
	319	506
	320	507
	321	508
	323	511
	324	515
	325	516
	326	517
	327	518
	328	519
	330	522
	332	523
	333	524
	334	525
	335	529
	336	530
	338	533
	339	537
	340	538
	341	539
	342	540
	343	541
	345	544
	346	548
	347	549
	348	550
	349	551
	350	552
	352	555
	353	559
	354	560
	355	561
	356	562
	357	563
	359	566
	360	570
	361	571
	362	572
	363	573
	364	574
	366	577
	367	581
	368	582
	369	583
	370	584
	371	585
	373	588
	374	592
	375	593
	376	594
	377	595
	378	596
	380	599
	381	603
	382	604
	384	607
	385	611
	386	612
	388	615
	390	616
	391	617
	392	621
	393	622
	394	623
	395	624
	397	627
	398	631
	399	632
	400	633
	402	636
	403	640
	404	641
	405	642
	406	643
	407	644
	409	647
	410	651
	411	652
	412	653
	413	654
	414	655
	416	658
net/minecraft/client/renderer/ItemModelShaper	51	53
	35	36
	39	40
	40	41
	43	44
	47	48
	48	50
	49	51
	51	53
	20	22
	21	23
	24	26
	26	27
	31	32
net/minecraft/client/animation/definitions/BreezeAnimation	169	270
	11	12
	12	13
	13	17
	14	18
	15	19
	16	20
	17	21
	19	24
	20	28
	21	29
	22	30
	23	31
	24	32
	26	35
	27	38
	29	41
	30	45
	31	46
	32	47
	33	48
	34	49
	36	52
	37	56
	38	57
	39	58
	40	59
	41	60
	43	63
	44	67
	45	68
	46	69
	47	70
	48	71
	50	74
	51	78
	52	79
	53	80
	54	81
	55	82
	57	85
	58	89
	59	90
	60	91
	61	92
	62	93
	64	96
	65	100
	66	101
	67	102
	68	103
	69	104
	71	107
	72	111
	73	112
	75	115
	77	116
	78	117
	79	121
	80	122
	81	123
	82	124
	83	125
	85	128
	86	132
	87	133
	88	134
	89	135
	90	136
	92	139
	93	143
	94	144
	95	145
	96	146
	97	147
	99	150
	100	154
	101	155
	102	156
	104	159
	105	163
	106	164
	107	165
	108	166
	109	167
	111	170
	112	174
	113	175
	114	176
	116	179
	117	183
	118	184
	119	185
	120	186
	121	187
	123	190
	124	194
	125	195
	126	196
	128	199
	129	203
	130	204
	131	205
	132	206
	133	207
	135	210
	136	214
	137	215
	139	218
	141	219
	142	220
	143	224
	144	225
	146	228
	147	232
	148	233
	150	236
	151	240
	152	241
	154	244
	156	245
	157	246
	158	250
	159	251
	161	254
	162	258
	163	259
	165	262
	166	266
	167	267
	169	270
net/minecraft/client/resources/sounds/BeeAggressiveSoundInstance	20	23
	20	23
	9	12
	10	13
	11	14
	15	18
net/minecraft/client/renderer/entity/EntityRendererProvider	67	81
	32	46
	35	49
	67	81
	39	53
	43	57
	47	61
	51	65
	55	69
	25	39
	26	40
	27	41
	59	73
	28	42
	29	43
	30	44
	31	45
	63	77
net/minecraft/client/model/Model	26	27
	16	17
	19	20
	25	26
	26	27
	15	16
net/minecraft/client/player/RemotePlayer	101	96
	65	68
	66	71
	68	69
	71	74
	73	75
	74	76
	75	77
	76	78
	16	19
	80	81
	81	82
	18	20
	82	83
	19	21
	23	24
	24	25
	25	26
	89	86
	27	29
	28	30
	93	89
	94	90
	95	91
	33	34
	99	94
	100	95
	101	96
	38	39
	39	40
	40	41
	44	44
	45	45
	46	46
	48	49
	49	50
	50	51
	52	54
	53	55
	54	57
	55	58
	56	59
	58	62
	60	65
	62	66
net/minecraft/client/main/Main	299	274
	256	229
	258	230
	261	233
	263	235
	264	237
	269	241
	270	241
	272	241
	276	245
	280	249
	286	255
	287	256
	288	257
	289	258
	290	259
	291	260
	294	264
	299	269
	56	273
	57	274
	63	57
	64	58
	66	59
	67	60
	68	61
	69	62
	70	63
	71	64
	72	65
	73	66
	74	67
	75	68
	76	69
	77	70
	78	71
	79	72
	80	73
	81	74
	82	75
	83	76
	84	77
	85	78
	86	79
	87	80
	88	81
	89	82
	90	83
	91	84
	92	85
	93	86
	94	87
	95	88
	96	89
	97	90
	98	91
	100	92
	103	93
	104	94
	110	95
	114	100
	115	101
	118	104
	119	105
	120	106
	121	107
	123	108
	124	109
	125	110
	127	111
	129	112
	130	113
	131	114
	133	115
	135	116
	137	117
	138	118
	139	119
	142	122
	143	123
	144	124
	145	125
	149	128
	150	129
	151	130
	153	132
	154	133
	159	137
	160	138
	161	139
	162	140
	165	143
	170	148
	171	149
	172	150
	173	151
	174	152
	175	153
	176	154
	177	155
	178	156
	179	157
	180	158
	181	159
	184	160
	185	161
	186	162
	187	165
	188	166
	189	167
	191	168
	192	169
	193	170
	194	171
	196	173
	197	176
	204	182
	205	183
	206	184
	207	185
	208	186
	209	187
	210	188
	211	189
	212	190
	215	193
	218	196
	219	197
	220	203
	223	198
	224	199
	225	200
	227	203
	229	205
	230	206
	232	207
	235	210
	236	211
	238	212
	239	213
	240	214
	241	215
	242	216
	243	217
	244	218
	245	219
	246	220
	247	221
	248	222
	249	223
	250	224
	251	225
	254	228
net/minecraft/client/resources/language/FormattedBidiReorder	34	36
	16	18
	32	34
	17	19
	33	35
	18	20
	34	36
	20	21
	21	22
	22	24
	23	25
	24	26
	27	29
net/minecraft/client/renderer/chunk/package-info	0	0
net/minecraft/client/renderer/entity/MagmaCubeRenderer	42	40
	32	31
	33	32
	34	33
	38	36
	39	37
	40	38
	41	39
	42	40
	14	16
	17	19
	18	20
	22	23
	27	27
net/minecraft/client/model/SalmonModel	88	76
	65	53
	66	55
	67	55
	68	56
	71	58
	76	63
	81	68
	82	69
	83	70
	84	71
	21	22
	85	72
	22	23
	23	24
	87	75
	88	76
	26	27
	27	28
	29	29
	30	30
	31	31
	32	31
	33	31
	35	33
	36	34
	37	34
	38	34
	40	36
	41	37
	42	37
	43	37
	45	39
	46	40
	47	40
	48	40
	50	42
	51	43
	52	43
	53	43
	55	45
	56	46
	57	46
	58	46
	60	48
	61	50
	62	50
	63	51
net/minecraft/client/renderer/blockentity/SignRenderer	235	245
	44	45
	46	47
	52	52
	53	55
	54	55
	56	58
	57	59
	61	62
	62	63
	63	64
	64	65
	65	66
	66	67
	67	68
	70	71
	74	75
	79	89
	80	90
	81	91
	82	92
	83	102
	84	112
	85	113
	88	116
	89	117
	91	118
	92	119
	94	121
	97	124
	98	125
	99	126
	100	127
	101	128
	102	129
	103	130
	104	131
	107	134
	108	135
	109	136
	112	139
	117	143
	118	144
	119	145
	120	146
	121	147
	122	148
	123	149
	129	154
	130	155
	131	156
	132	157
	134	159
	135	160
	136	161
	139	164
	140	165
	141	166
	143	167
	144	168
	146	170
	149	174
	150	175
	153	178
	154	179
	157	182
	158	183
	159	184
	160	185
	163	188
	167	192
	168	193
	171	196
	172	197
	173	198
	174	199
	177	202
	178	203
	186	207
	188	208
	189	209
	192	212
	193	213
	194	214
	195	215
	197	216
	201	220
	205	224
	206	225
	208	226
	209	226
	210	226
	213	227
	214	227
	215	227
	219	228
	227	237
	228	238
	229	239
	230	240
	234	244
	235	245
com/mojang/realmsclient/client/RealmsClientConfig	19	22
	16	19
	17	20
	19	22
	12	15
net/minecraft/client/server/LanServer	26	29
	17	20
	21	24
	25	28
	26	29
	11	14
	12	15
	13	16
	14	17
net/minecraft/client/particle/PlayerCloudParticle	89	88
	68	68
	69	69
	73	72
	12	15
	13	16
	14	17
	16	18
	17	19
	81	81
	18	20
	82	82
	19	21
	20	22
	21	23
	22	24
	86	85
	87	86
	24	25
	88	87
	25	26
	89	88
	26	27
	27	28
	28	29
	30	30
	31	31
	33	32
	34	33
	35	34
	39	38
	44	43
	49	48
	50	49
	51	50
	52	51
	53	52
	54	53
	55	54
	56	55
	57	56
	58	57
	62	61
net/minecraft/client/multiplayer/PingDebugMonitor	23	26
	18	21
	19	22
	22	25
	23	26
	13	16
	14	17
	15	18
net/minecraft/client/renderer/entity/PandaRenderer	113	99
	17	20
	18	21
	19	22
	20	23
	21	24
	22	25
	23	26
	24	27
	25	28
	28	31
	30	32
	31	33
	35	36
	40	40
	42	41
	43	42
	44	43
	46	44
	47	45
	49	46
	50	47
	51	48
	52	49
	54	50
	55	51
	56	52
	57	53
	58	54
	59	55
	60	56
	62	57
	63	58
	64	59
	65	60
	66	61
	67	62
	68	63
	70	64
	71	65
	72	66
	73	67
	74	68
	75	69
	76	70
	78	71
	79	72
	83	76
	84	77
	85	78
	86	79
	89	80
	91	81
	92	82
	94	83
	95	84
	96	85
	101	90
	102	91
	103	92
	104	93
	105	94
	107	96
	110	99
	111	99
	113	99
net/minecraft/client/resources/metadata/animation/AnimationFrame	23	26
	16	19
	19	22
	23	26
	10	13
	11	14
	14	17
	15	18
net/minecraft/client/gui/narration/NarratableEntry	20	22
	20	22
	9	12
net/minecraft/client/quickplay/QuickPlay	97	98
	26	29
	27	30
	28	31
	29	32
	31	33
	32	34
	33	35
	36	38
	37	39
	38	40
	40	41
	41	42
	42	43
	43	44
	44	45
	45	46
	47	48
	50	51
	51	52
	52	53
	53	57
	55	55
	56	57
	59	60
	60	61
	61	62
	62	63
	63	64
	64	65
	65	66
	68	69
	69	70
	70	71
	76	77
	77	78
	78	79
	79	80
	80	81
	81	82
	82	83
	83	84
	84	85
	85	86
	87	89
	88	90
	89	91
	90	92
	91	98
	94	94
	95	95
	96	96
	97	98
net/minecraft/client/gui/screens/inventory/FurnaceScreen	16	19
	16	19
	10	13
	11	14
	12	15
	15	18
net/minecraft/client/model/AxolotlModel	352	278
	34	34
	35	35
	36	36
	37	37
	38	38
	39	39
	40	40
	41	41
	42	42
	43	43
	44	44
	45	45
	48	48
	49	49
	51	50
	52	52
	53	52
	54	52
	55	53
	58	55
	59	56
	60	57
	61	57
	62	57
	65	59
	66	59
	67	60
	68	60
	69	61
	70	61
	72	62
	73	63
	74	64
	76	65
	77	65
	78	66
	79	66
	81	67
	82	68
	83	69
	84	70
	85	71
	86	72
	87	72
	88	72
	91	74
	96	79
	101	84
	106	88
	108	89
	109	90
	111	91
	112	114
	115	93
	116	93
	117	93
	119	94
	120	95
	121	96
	123	98
	126	101
	127	114
	130	103
	131	104
	132	105
	134	107
	138	111
	139	114
	142	117
	143	118
	144	119
	145	120
	146	121
	147	122
	148	123
	149	124
	150	125
	151	126
	152	127
	153	128
	156	131
	160	135
	161	136
	165	139
	166	140
	167	141
	169	142
	170	143
	171	144
	172	145
	173	146
	174	147
	175	148
	176	149
	177	150
	178	151
	179	152
	180	153
	182	155
	183	156
	184	157
	185	158
	186	159
	187	160
	188	161
	189	162
	190	163
	191	164
	193	166
	196	169
	200	173
	204	177
	205	178
	209	181
	210	182
	211	183
	212	184
	213	185
	215	186
	216	187
	217	188
	219	189
	221	190
	222	191
	223	192
	225	193
	226	194
	228	195
	231	196
	234	197
	235	198
	236	199
	240	202
	241	203
	242	204
	243	205
	245	206
	246	207
	247	208
	249	209
	251	210
	252	211
	253	212
	255	213
	256	214
	257	215
	258	216
	261	217
	264	218
	265	219
	266	220
	270	223
	271	224
	272	225
	274	226
	275	227
	277	228
	279	229
	280	230
	281	231
	283	232
	284	233
	286	234
	288	235
	291	236
	292	237
	293	238
	297	241
	298	242
	299	243
	300	244
	302	245
	303	246
	304	247
	306	248
	307	249
	308	250
	310	251
	312	252
	313	253
	315	254
	318	255
	319	256
	320	257
	324	260
	325	261
	327	262
	328	263
	330	264
	333	265
	335	266
	336	267
	337	268
	339	269
	341	270
	342	271
	343	272
	344	273
	350	276
	351	277
	352	278
net/minecraft/client/model/BoggedModel	68	64
	65	62
	67	63
	68	64
	18	19
	19	20
	20	21
	23	24
	24	25
	26	26
	28	27
	29	28
	30	30
	31	30
	32	31
	34	33
	35	35
	36	35
	37	36
	39	38
	40	40
	41	40
	42	41
	44	43
	45	45
	46	45
	47	46
	49	48
	50	50
	51	50
	52	51
	54	53
	55	55
	56	55
	57	56
	60	58
net/minecraft/client/particle/WhiteSmokeParticle	26	28
	21	24
	22	25
	26	28
	11	13
	12	14
	13	15
	14	16
	15	17
net/minecraft/client/gui/screens/DirectJoinServerScreen	92	97
	65	72
	66	73
	67	74
	71	78
	72	79
	76	83
	77	84
	78	85
	15	17
	81	88
	82	89
	86	93
	24	25
	88	94
	25	26
	89	95
	26	27
	27	28
	91	96
	28	29
	92	97
	32	33
	33	37
	34	38
	36	34
	41	43
	42	44
	43	45
	44	46
	45	47
	46	49
	47	54
	49	56
	50	57
	54	61
	55	62
	59	66
	60	67
	61	68
	62	69
com/mojang/blaze3d/shaders/EffectProgram	45	44
	32	33
	34	34
	35	35
	37	37
	40	40
	41	41
	43	42
	44	43
	13	15
	45	44
	20	21
	21	22
	24	25
	25	26
	26	27
	27	28
	31	32
net/minecraft/client/gui/screens/reporting/AbstractReportScreen	242	223
	31	33
	32	34
	33	35
	34	36
	35	37
	37	38
	38	39
	39	40
	40	41
	41	42
	42	43
	43	44
	50	49
	63	58
	64	59
	65	60
	66	61
	67	62
	70	65
	72	66
	73	67
	74	68
	75	69
	77	70
	82	75
	84	76
	85	77
	86	78
	88	79
	90	81
	91	83
	92	84
	95	87
	96	88
	101	94
	102	94
	103	94
	104	94
	105	95
	106	96
	107	97
	108	97
	110	98
	111	99
	112	100
	113	101
	116	104
	117	105
	118	106
	119	107
	123	111
	124	112
	125	113
	128	116
	129	117
	131	118
	132	119
	133	120
	134	121
	136	122
	137	123
	138	124
	139	126
	140	127
	142	130
	144	133
	146	135
	147	136
	150	139
	151	141
	152	142
	155	145
	158	147
	159	148
	161	150
	164	153
	165	154
	168	157
	170	159
	171	160
	174	163
	175	164
	177	166
	180	169
	181	170
	185	174
	186	175
	188	177
	190	179
	194	183
	195	184
	196	185
	199	189
	200	190
	201	191
	202	192
	203	193
	206	196
	207	197
	211	201
	212	202
	213	203
	214	204
	215	204
	216	204
	218	205
	219	205
	220	206
	221	207
	222	208
	223	208
	225	209
	226	209
	227	210
	228	211
	229	212
	230	212
	232	213
	237	218
	238	219
	242	223
net/minecraft/client/resources/model/BakedModel	0	0
com/mojang/blaze3d/vertex/BufferUploader	58	60
	12	14
	13	15
	14	16
	16	18
	19	21
	20	22
	23	25
	24	26
	26	28
	28	30
	31	33
	32	34
	33	35
	36	38
	37	39
	38	40
	41	43
	42	44
	43	45
	44	46
	48	50
	49	51
	50	52
	54	56
	55	57
	56	58
	58	60
net/minecraft/client/gui/screens/inventory/ItemCombinerScreen	63	61
	32	35
	34	36
	35	37
	39	41
	41	42
	43	43
	44	44
	47	47
	16	19
	17	20
	18	21
	51	51
	52	52
	21	24
	53	53
	25	28
	26	29
	27	30
	59	58
	28	31
	63	61
net/minecraft/client/model/DolphinModel	93	78
	21	22
	22	23
	23	24
	24	25
	25	26
	28	29
	29	30
	31	31
	32	32
	34	33
	35	34
	36	34
	37	34
	39	36
	40	37
	41	37
	42	37
	44	39
	45	41
	46	41
	47	42
	49	44
	50	46
	51	46
	52	47
	54	49
	55	51
	56	51
	57	52
	59	54
	60	55
	61	55
	62	55
	64	57
	65	58
	66	58
	67	58
	69	60
	70	60
	71	60
	75	61
	80	66
	85	71
	86	72
	88	73
	89	74
	90	75
	91	76
	93	78
net/minecraft/client/resources/ClientPackSource	136	99
	65	47
	131	95
	133	96
	134	97
	71	52
	72	53
	136	99
	73	54
	76	57
	80	57
	86	62
	87	63
	88	64
	89	65
	92	69
	31	35
	32	35
	96	74
	33	35
	97	74
	34	35
	98	75
	37	37
	104	76
	41	39
	105	76
	42	40
	106	76
	43	40
	107	76
	108	76
	46	43
	48	43
	113	80
	50	43
	114	81
	53	45
	120	86
	59	46
	126	91
net/minecraft/client/resources/sounds/SoundEventRegistration	28	31
	16	19
	19	22
	23	26
	28	31
	13	16
	14	17
	15	18
net/minecraft/client/gui/screens/ConfirmScreen	113	110
	65	63
	66	64
	67	65
	68	66
	71	69
	72	70
	76	74
	80	78
	84	82
	86	84
	87	85
	89	87
	26	27
	27	28
	93	91
	30	31
	31	32
	95	92
	32	33
	96	93
	33	34
	97	94
	34	35
	35	36
	100	97
	39	40
	104	101
	44	45
	109	106
	46	46
	110	107
	111	108
	48	47
	113	110
	50	48
	51	49
	52	50
	55	53
	56	54
	57	55
	60	58
	61	59
com/mojang/realmsclient/gui/screens/RealmsNotificationsScreen	194	174
	129	148
	130	149
	133	152
	139	155
	140	156
	141	157
	142	158
	143	159
	144	160
	145	161
	18	20
	19	21
	20	22
	148	164
	21	23
	149	165
	150	167
	23	24
	151	168
	152	169
	153	170
	156	173
	157	174
	36	62
	37	63
	168	36
	41	67
	170	37
	42	68
	171	38
	44	70
	173	39
	48	74
	49	75
	178	44
	50	76
	54	80
	55	81
	56	82
	185	50
	58	84
	187	51
	189	52
	65	90
	194	57
	66	91
	67	92
	68	93
	69	94
	71	96
	75	100
	76	101
	78	103
	81	106
	85	110
	90	115
	92	116
	93	117
	95	119
	100	123
	103	126
	105	127
	106	128
	108	129
	109	130
	111	131
	113	132
	114	133
	115	134
	118	137
	119	138
	120	139
	121	140
	124	143
	125	144
	126	145
net/minecraft/client/main/package-info	0	0
net/minecraft/client/renderer/entity/layers/ParrotOnShoulderLayer	49	44
	34	35
	35	36
	36	37
	37	38
	38	38
	39	38
	43	39
	44	40
	45	41
	47	42
	48	43
	49	44
	23	25
	24	26
	25	27
	29	30
	30	31
	31	32
com/mojang/realmsclient/util/task/GetServerDetailsTask	150	145
	128	126
	129	126
	130	127
	131	128
	132	129
	133	130
	135	132
	142	137
	143	138
	144	139
	145	140
	146	141
	147	142
	148	143
	149	144
	150	145
	32	34
	34	35
	36	36
	42	41
	43	42
	44	43
	50	49
	51	50
	52	51
	53	52
	54	53
	55	54
	57	56
	58	57
	60	59
	61	60
	62	62
	63	64
	64	67
	66	69
	67	70
	68	71
	70	73
	71	74
	72	75
	73	76
	74	77
	75	78
	76	79
	79	82
	81	83
	82	84
	83	85
	85	86
	86	87
	89	90
	90	91
	92	92
	97	97
	101	101
	102	103
	103	104
	104	105
	108	109
	109	110
	110	111
	113	115
	117	119
	121	123
	122	124
	126	125
	127	126
net/minecraft/client/multiplayer/ChunkBatchSizeCalculator	33	31
	33	31
	9	12
	10	13
	11	14
	14	17
	15	18
	18	21
	22	22
	23	23
	24	24
	25	25
	26	26
	28	28
net/minecraft/client/renderer/entity/EndermanRenderer	50	46
	32	31
	33	32
	35	33
	36	34
	40	37
	41	38
	42	39
	45	41
	16	19
	50	46
	21	23
	23	24
	24	25
	25	26
	30	29
	31	30
net/minecraft/client/gui/components/tabs/package-info	0	0
net/minecraft/client/gui/components/PlayerTabOverlay	393	369
	42	43
	43	44
	44	45
	45	46
	46	47
	47	48
	48	49
	49	50
	50	51
	51	52
	52	53
	53	54
	54	55
	55	56
	59	58
	60	60
	61	61
	76	73
	77	74
	78	75
	81	78
	82	79
	84	80
	89	84
	93	88
	94	89
	95	90
	96	91
	97	92
	98	93
	101	96
	104	99
	105	99
	106	99
	107	99
	113	103
	114	104
	116	105
	118	106
	119	107
	121	109
	122	110
	123	111
	125	112
	126	113
	127	114
	129	115
	130	116
	131	117
	133	118
	134	119
	137	122
	138	123
	139	124
	140	125
	141	126
	145	130
	148	133
	149	134
	150	135
	153	138
	154	139
	155	142
	156	142
	157	143
	158	142
	161	146
	164	148
	165	149
	166	150
	168	152
	171	155
	174	158
	176	159
	177	160
	179	161
	181	162
	182	163
	183	164
	184	166
	185	167
	189	171
	190	172
	191	173
	192	175
	193	176
	197	180
	198	181
	199	183
	200	184
	201	185
	202	186
	204	189
	207	192
	209	193
	210	195
	211	196
	212	197
	213	198
	214	199
	216	200
	217	201
	219	202
	220	203
	221	204
	223	205
	224	206
	225	207
	226	208
	227	209
	229	210
	231	211
	234	214
	236	215
	237	216
	238	217
	240	218
	241	219
	245	223
	249	227
	250	228
	251	229
	252	231
	253	232
	254	233
	255	234
	258	237
	262	241
	263	242
	264	243
	265	244
	266	245
	267	246
	268	247
	269	248
	270	249
	271	250
	273	252
	276	255
	277	256
	278	257
	279	258
	280	259
	283	264
	284	265
	285	266
	286	267
	288	269
	291	272
	292	273
	294	274
	295	275
	296	276
	298	277
	299	321
	302	278
	303	279
	304	280
	305	281
	306	282
	307	283
	309	285
	310	286
	312	288
	315	291
	316	321
	320	293
	321	295
	322	296
	326	299
	327	300
	329	301
	330	302
	331	303
	333	306
	334	307
	338	311
	339	312
	341	315
	342	316
	345	321
	348	324
	349	325
	352	328
	353	329
	356	332
	357	333
	358	334
	371	347
	372	348
	373	349
	376	352
	377	353
	378	354
	379	355
	380	356
	383	359
	384	360
	386	362
	389	365
	393	369
net/minecraft/client/gui/spectator/SpectatorMenuListener	0	0
net/minecraft/client/model/AgeableHierarchicalModel	38	38
	33	33
	34	34
	36	36
	38	38
	17	18
	18	19
	21	22
	22	23
	23	24
	24	25
	28	29
	29	30
	30	31
	31	32
net/minecraft/client/multiplayer/chat/report/SkinReport	86	82
	64	66
	65	66
	67	66
	72	72
	73	73
	74	74
	77	77
	79	78
	82	79
	83	80
	85	81
	22	24
	86	82
	23	25
	24	26
	27	29
	32	33
	33	34
	34	35
	35	36
	36	37
	41	42
	46	48
	47	49
	50	52
	51	53
	55	57
	61	63
	62	64
net/minecraft/client/renderer/debug/NeighborsUpdateRenderer	73	71
	67	66
	68	67
	69	68
	71	69
	73	71
	24	27
	25	28
	28	31
	30	32
	31	33
	32	34
	36	38
	38	39
	39	40
	41	41
	42	42
	43	43
	45	44
	46	47
	47	48
	48	49
	49	50
	51	51
	52	52
	55	54
	56	55
	57	56
	59	57
	60	58
	61	59
	62	60
net/minecraft/client/player/inventory/package-info	0	0
net/minecraft/client/renderer/blockentity/BrightnessCombiner	33	30
	16	17
	17	18
	33	30
	19	19
	20	20
	22	21
	12	14
	28	26
	13	15
	14	16
net/minecraft/client/renderer/LevelRenderer	3087	3081
	153	152
	165	160
	166	161
	167	162
	168	163
	169	164
	170	165
	171	166
	173	167
	275	244
	276	245
	277	246
	278	247
	280	249
	281	250
	282	251
	283	252
	284	253
	285	254
	286	255
	290	259
	291	260
	292	261
	293	262
	296	265
	297	266
	298	408
	300	267
	302	268
	304	269
	305	270
	306	271
	308	272
	309	273
	310	274
	311	275
	312	276
	314	277
	315	278
	316	279
	319	282
	321	283
	322	284
	324	285
	325	286
	326	288
	327	289
	328	290
	329	291
	330	292
	332	293
	333	294
	334	295
	338	296
	339	297
	340	298
	342	299
	343	300
	345	303
	346	304
	349	307
	350	308
	351	309
	354	312
	355	313
	357	314
	358	315
	359	316
	360	317
	361	318
	362	319
	364	322
	365	323
	366	324
	369	327
	370	328
	371	329
	372	330
	373	331
	375	332
	376	333
	377	334
	379	335
	381	336
	382	337
	384	338
	385	342
	386	346
	387	350
	388	354
	389	355
	390	356
	391	357
	393	360
	394	361
	396	362
	398	365
	400	366
	401	367
	403	368
	404	369
	405	370
	407	371
	409	372
	410	373
	412	374
	413	375
	415	376
	416	377
	418	378
	419	382
	420	386
	421	390
	426	400
	427	401
	430	404
	431	405
	432	406
	433	408
	436	411
	437	412
	438	456
	441	413
	442	414
	443	415
	445	416
	447	417
	448	419
	449	420
	450	421
	453	422
	454	423
	458	424
	459	425
	460	426
	462	427
	467	431
	468	432
	470	433
	471	434
	472	435
	474	436
	475	437
	476	438
	478	439
	479	442
	483	447
	484	448
	485	449
	487	450
	489	452
	492	456
	497	460
	498	461
	501	464
	502	465
	504	467
	508	470
	509	471
	510	472
	512	474
	515	477
	516	478
	518	481
	520	484
	521	487
	522	488
	523	489
	524	490
	525	491
	526	492
	527	493
	528	494
	529	495
	530	496
	532	498
	535	501
	537	502
	539	506
	540	508
	542	509
	543	510
	544	511
	545	512
	546	513
	548	514
	549	515
	550	516
	551	517
	552	518
	553	519
	555	521
	556	522
	557	523
	560	524
	561	529
	562	531
	563	532
	566	534
	567	535
	570	536
	571	537
	574	540
	577	543
	578	544
	580	545
	581	546
	582	547
	583	548
	584	549
	586	550
	587	551
	588	552
	589	553
	590	554
	591	555
	593	557
	596	560
	597	561
	598	563
	599	565
	600	566
	601	567
	603	569
	606	572
	610	576
	611	577
	614	580
	615	581
	616	582
	617	583
	618	584
	621	587
	622	588
	625	591
	626	592
	627	593
	628	594
	629	595
	632	598
	633	599
	635	600
	636	601
	637	603
	638	604
	640	607
	644	611
	645	612
	648	615
	649	616
	650	617
	651	618
	652	619
	655	622
	656	623
	657	624
	659	625
	660	627
	661	628
	662	629
	663	630
	665	631
	667	632
	668	633
	672	634
	675	635
	677	636
	678	636
	679	636
	681	637
	682	638
	683	639
	684	640
	687	644
	691	648
	692	649
	693	650
	695	651
	696	652
	697	653
	698	654
	700	656
	701	657
	702	658
	704	661
	705	662
	707	665
	708	666
	709	667
	710	668
	712	670
	715	673
	716	674
	718	676
	720	678
	723	681
	724	712
	727	682
	729	683
	731	684
	732	685
	734	689
	736	692
	738	693
	740	694
	742	695
	743	696
	746	699
	748	700
	749	701
	750	702
	752	704
	753	705
	754	706
	756	707
	757	708
	758	709
	760	712
	763	715
	765	716
	766	717
	768	720
	769	721
	771	723
	774	726
	775	727
	777	728
	778	731
	779	732
	780	733
	781	734
	782	735
	787	740
	791	744
	795	748
	799	752
	800	754
	801	755
	802	756
	805	760
	809	765
	813	775
	815	776
	816	777
	819	780
	820	781
	821	782
	822	783
	823	784
	824	785
	825	786
	826	787
	827	788
	828	789
	829	790
	831	791
	834	794
	836	795
	838	796
	841	797
	843	798
	844	799
	845	800
	847	801
	848	802
	851	805
	852	806
	853	807
	855	808
	856	809
	857	810
	858	811
	859	812
	862	815
	863	816
	864	817
	865	818
	867	819
	868	820
	869	821
	870	822
	871	823
	872	824
	875	828
	876	829
	879	832
	883	836
	884	837
	886	840
	887	841
	888	842
	889	843
	890	844
	893	847
	894	848
	897	851
	899	852
	900	853
	901	854
	903	855
	904	856
	905	857
	908	858
	909	859
	910	860
	911	861
	914	862
	915	863
	916	864
	917	865
	919	867
	920	868
	921	869
	923	871
	926	874
	927	875
	928	876
	931	881
	932	882
	934	883
	936	884
	937	885
	939	886
	940	887
	941	888
	942	889
	943	890
	945	891
	946	892
	947	893
	948	894
	950	895
	951	896
	954	898
	955	899
	956	900
	958	902
	961	905
	962	906
	963	907
	964	908
	967	911
	968	912
	969	913
	970	914
	972	915
	973	916
	975	917
	976	918
	977	919
	979	920
	980	921
	981	922
	983	923
	985	924
	986	925
	988	926
	989	927
	990	928
	991	929
	993	930
	994	931
	996	933
	999	936
	1001	937
	1002	938
	1004	939
	1005	940
	1006	941
	1007	942
	1010	945
	1011	946
	1014	949
	1015	950
	1016	951
	1022	954
	1023	955
	1024	956
	1025	957
	1027	958
	1029	959
	1031	960
	1033	962
	1034	963
	1037	964
	1038	965
	1041	966
	1044	967
	1048	968
	1049	969
	1050	970
	1051	971
	1052	972
	1056	976
	1057	977
	1058	978
	1059	979
	1060	980
	1061	981
	1062	981
	1063	981
	1064	981
	1068	983
	1070	986
	1071	987
	1074	992
	1076	993
	1078	994
	1079	995
	1080	996
	1081	997
	1083	998
	1085	1000
	1086	1001
	1087	1002
	1091	1003
	1092	1004
	1093	1005
	1095	1006
	1096	1007
	1098	1008
	1099	1009
	1100	1010
	1101	1011
	1102	1012
	1103	1014
	1104	1016
	1105	1017
	1106	1018
	1107	1018
	1109	1018
	1114	1023
	1115	1024
	1119	1029
	1120	1030
	1121	1031
	1122	1032
	1123	1033
	1124	1034
	1125	1035
	1129	1039
	1132	1040
	1133	1041
	1134	1042
	1135	1043
	1136	1044
	1137	1045
	1138	1046
	1139	1047
	1140	1048
	1141	1049
	1144	1050
	1147	1051
	1148	1052
	1149	1053
	1155	1056
	1157	1058
	1158	1059
	1160	1060
	1161	1061
	1162	1062
	1163	1063
	1167	1064
	1168	1065
	1171	1066
	1172	1067
	1173	1068
	1174	1069
	1175	1071
	1176	1073
	1177	1074
	1180	1079
	1182	1080
	1184	1081
	1185	1082
	1186	1083
	1187	1084
	1188	1085
	1189	1086
	1190	1087
	1194	1091
	1195	1092
	1197	1093
	1198	1094
	1199	1095
	1202	1096
	1203	1097
	1204	1098
	1205	1099
	1206	1100
	1209	1101
	1211	1102
	1213	1103
	1214	1104
	1215	1105
	1217	1106
	1218	1107
	1220	1108
	1221	1109
	1223	1110
	1224	1111
	1226	1112
	1227	1113
	1228	1114
	1230	1115
	1231	1116
	1233	1117
	1235	1119
	1236	1120
	1237	1121
	1239	1124
	1241	1125
	1242	1126
	1244	1127
	1245	1128
	1247	1129
	1248	1130
	1255	1133
	1256	1134
	1257	1135
	1259	1138
	1260	1139
	1263	1142
	1264	1143
	1266	1144
	1267	1145
	1268	1146
	1270	1147
	1272	1148
	1273	1149
	1275	1151
	1277	1152
	1278	1153
	1279	1154
	1281	1155
	1288	1158
	1289	1159
	1291	1160
	1292	1161
	1294	1162
	1295	1163
	1297	1164
	1298	1165
	1301	1168
	1302	1169
	1304	1171
	1307	1174
	1308	1175
	1309	1176
	1310	1177
	1312	1178
	1313	1180
	1316	1183
	1318	1184
	1319	1185
	1320	1186
	1322	1187
	1323	1188
	1324	1189
	1325	1190
	1326	1191
	1327	1192
	1328	1193
	1330	1194
	1331	1195
	1332	1196
	1334	1197
	1335	1198
	1336	1199
	1338	1200
	1339	1202
	1340	1203
	1341	1204
	1345	1209
	1348	1212
	1350	1213
	1360	1214
	1361	1215
	1363	1216
	1364	1217
	1365	1218
	1367	1219
	1369	1221
	1370	1222
	1372	1223
	1376	1224
	1377	1225
	1379	1226
	1380	1227
	1381	1228
	1384	1231
	1385	1232
	1388	1236
	1389	1237
	1391	1240
	1393	1241
	1399	1242
	1401	1243
	1402	1244
	1405	1247
	1406	1248
	1407	1249
	1408	1250
	1410	1252
	1411	1253
	1412	1254
	1415	1255
	1417	1256
	1418	1257
	1419	1258
	1421	1259
	1422	1260
	1423	1261
	1424	1262
	1425	1263
	1426	1264
	1427	1266
	1428	1267
	1429	1268
	1430	1269
	1431	1270
	1432	1270
	1433	1270
	1434	1270
	1435	1271
	1436	1272
	1441	1277
	1442	1278
	1444	1279
	1445	1281
	1446	1282
	1447	1283
	1448	1284
	1449	1285
	1450	1286
	1451	1286
	1452	1286
	1453	1286
	1454	1287
	1455	1288
	1456	1289
	1457	1289
	1458	1289
	1459	1289
	1460	1290
	1461	1291
	1466	1296
	1467	1297
	1469	1298
	1470	1299
	1471	1300
	1472	1301
	1473	1302
	1474	1303
	1476	1304
	1477	1305
	1478	1306
	1479	1307
	1481	1308
	1482	1309
	1483	1310
	1484	1311
	1486	1312
	1487	1313
	1488	1314
	1489	1315
	1491	1316
	1492	1317
	1493	1318
	1494	1319
	1496	1320
	1497	1321
	1498	1322
	1499	1323
	1503	1327
	1507	1332
	1508	1333
	1509	1334
	1510	1339
	1512	1340
	1515	1341
	1518	1342
	1521	1343
	1524	1344
	1527	1345
	1530	1346
	1532	1347
	1534	1348
	1535	1349
	1536	1350
	1537	1351
	1539	1352
	1540	1353
	1542	1354
	1543	1355
	1546	1356
	1547	1357
	1549	1358
	1550	1359
	1552	1360
	1553	1361
	1555	1362
	1556	1363
	1559	1364
	1560	1365
	1562	1366
	1563	1367
	1565	1368
	1566	1369
	1568	1370
	1569	1371
	1571	1372
	1573	1374
	1576	1377
	1577	1380
	1580	1383
	1581	1384
	1582	1385
	1583	1386
	1584	1387
	1585	1388
	1588	1391
	1589	1392
	1592	1395
	1593	1396
	1596	1399
	1597	1400
	1600	1403
	1601	1415
	1604	1404
	1605	1406
	1606	1407
	1608	1408
	1610	1409
	1611	1410
	1612	1411
	1615	1415
	1618	1418
	1619	1419
	1620	1420
	1621	1421
	1622	1422
	1624	1424
	1627	1427
	1629	1428
	1630	1429
	1631	1430
	1632	1431
	1633	1433
	1634	1434
	1635	1435
	1636	1436
	1638	1439
	1639	1440
	1641	1443
	1642	1444
	1644	1447
	1645	1448
	1647	1451
	1648	1452
	1651	1455
	1653	1456
	1654	1457
	1655	1458
	1656	1459
	1657	1460
	1658	1461
	1660	1462
	1662	1465
	1663	1466
	1664	1467
	1667	1470
	1668	1471
	1669	1583
	1671	1472
	1672	1473
	1673	1583
	1676	1474
	1677	1475
	1679	1476
	1680	1477
	1681	1583
	1683	1478
	1684	1583
	1687	1479
	1688	1480
	1689	1481
	1690	1482
	1692	1483
	1694	1484
	1696	1485
	1698	1486
	1700	1487
	1702	1488
	1703	1489
	1704	1490
	1706	1491
	1708	1492
	1709	1493
	1710	1494
	1712	1495
	1714	1496
	1715	1497
	1716	1498
	1717	1499
	1718	1500
	1720	1501
	1721	1502
	1722	1503
	1724	1504
	1725	1505
	1726	1506
	1727	1507
	1728	1509
	1729	1510
	1730	1511
	1731	1512
	1732	1513
	1734	1516
	1735	1517
	1738	1521
	1739	1523
	1741	1524
	1742	1525
	1743	1526
	1744	1527
	1746	1528
	1747	1529
	1748	1530
	1749	1531
	1750	1532
	1751	1533
	1752	1534
	1753	1535
	1754	1536
	1755	1537
	1757	1538
	1758	1539
	1759	1540
	1760	1541
	1761	1542
	1762	1543
	1763	1544
	1764	1545
	1765	1546
	1766	1547
	1767	1548
	1768	1549
	1769	1550
	1770	1551
	1771	1552
	1773	1553
	1774	1554
	1775	1555
	1776	1556
	1777	1557
	1778	1558
	1779	1559
	1780	1560
	1782	1563
	1784	1564
	1785	1565
	1787	1566
	1788	1567
	1790	1568
	1791	1569
	1792	1570
	1793	1571
	1794	1572
	1795	1573
	1796	1574
	1797	1575
	1800	1578
	1801	1579
	1802	1583
	1805	1586
	1806	1588
	1808	1587
	1812	1592
	1813	1593
	1814	1657
	1817	1594
	1818	1595
	1819	1596
	1821	1597
	1822	1598
	1823	1599
	1824	1600
	1825	1601
	1826	1602
	1827	1603
	1828	1604
	1829	1605
	1830	1606
	1832	1607
	1833	1608
	1834	1609
	1835	1610
	1838	1613
	1839	1614
	1841	1615
	1842	1616
	1843	1617
	1844	1618
	1845	1619
	1846	1620
	1849	1623
	1850	1624
	1852	1625
	1853	1626
	1856	1629
	1857	1630
	1858	1631
	1859	1632
	1862	1635
	1864	1636
	1865	1637
	1866	1638
	1867	1639
	1869	1640
	1870	1641
	1872	1642
	1873	1644
	1874	1645
	1875	1646
	1877	1647
	1878	1648
	1880	1649
	1883	1652
	1886	1655
	1887	1657
	1890	1660
	1891	1661
	1892	1662
	1893	1663
	1894	1664
	1897	1665
	1898	1666
	1900	1667
	1901	1668
	1902	1669
	1904	1670
	1905	1671
	1906	1672
	1908	1673
	1909	1674
	1910	1675
	1912	1676
	1913	1677
	1914	1678
	1916	1679
	1918	1680
	1920	1681
	1921	1682
	1922	1683
	1923	1684
	1924	1685
	1926	1686
	1927	1687
	1928	1691
	1929	1695
	1930	1699
	1933	1705
	1934	1706
	1935	1710
	1936	1714
	1937	1718
	1940	1724
	1941	1725
	1942	1726
	1943	1730
	1944	1734
	1945	1738
	1949	1745
	1950	1746
	1951	1747
	1952	1751
	1953	1755
	1954	1759
	1958	1766
	1959	1767
	1960	1768
	1961	1772
	1962	1776
	1963	1780
	1967	1787
	1968	1788
	1969	1789
	1970	1793
	1971	1797
	1972	1801
	1978	1810
	1979	1811
	1980	1813
	1981	1814
	1982	1815
	1983	1819
	1984	1823
	1985	1827
	1990	1835
	1994	1839
	1996	1840
	1997	1841
	1998	1842
	1999	1843
	2000	1845
	2001	1846
	2002	1847
	2003	1848
	2004	1849
	2005	1850
	2006	1851
	2007	1852
	2008	1853
	2010	1856
	2011	1857
	2012	1858
	2013	1859
	2014	1860
	2016	1862
	2020	1867
	2022	1868
	2024	1869
	2026	1871
	2027	1872
	2028	1873
	2031	1876
	2032	1877
	2035	1880
	2037	1881
	2039	1882
	2040	1987
	2043	1886
	2044	1887
	2045	1888
	2047	1889
	2048	1890
	2049	1891
	2051	1892
	2052	1893
	2053	1895
	2054	1897
	2056	1898
	2058	1899
	2059	1900
	2060	1901
	2061	1902
	2062	1903
	2063	1904
	2064	1905
	2065	1906
	2066	1907
	2068	1908
	2069	1909
	2070	1910
	2071	1911
	2073	1912
	2074	1913
	2075	1914
	2076	1915
	2077	1916
	2078	1925
	2079	1919
	2080	1920
	2081	1921
	2082	1922
	2083	1923
	2084	1924
	2087	1929
	2088	1930
	2089	1939
	2090	1933
	2091	1934
	2092	1935
	2093	1936
	2094	1937
	2095	1938
	2099	1943
	2100	1944
	2101	1945
	2102	1946
	2103	1947
	2104	1956
	2105	1950
	2106	1951
	2107	1952
	2108	1953
	2109	1954
	2110	1955
	2113	1960
	2114	1961
	2115	1970
	2116	1964
	2117	1965
	2118	1966
	2119	1967
	2120	1968
	2121	1969
	2125	1974
	2126	1975
	2127	1976
	2130	1979
	2131	1980
	2132	1981
	2133	1982
	2134	1983
	2136	1984
	2137	1985
	2138	1987
	2147	1993
	2149	2004
	2153	2007
	2154	2008
	2155	2009
	2156	2011
	2157	2012
	2158	2013
	2159	2014
	2160	2015
	2161	2016
	2162	2017
	2163	2018
	2169	2023
	2170	2024
	2171	2025
	2172	2026
	2173	2027
	2174	2028
	2178	2034
	2179	2035
	2180	2046
	2182	2036
	2183	2037
	2184	2039
	2185	2040
	2186	2041
	2187	2042
	2188	2043
	2190	2046
	2193	2051
	2194	2052
	2195	2053
	2196	2054
	2197	2055
	2198	2056
	2199	2057
	2200	2058
	2201	2059
	2203	2060
	2204	2061
	2205	2062
	2206	2063
	2209	2066
	2210	2067
	2213	2070
	2214	2071
	2217	2076
	2218	2077
	2222	2096
	2223	2097
	2224	2098
	2225	2099
	2226	2100
	2227	2101
	2228	2102
	2230	2103
	2231	2104
	2233	2105
	2234	2106
	2236	2107
	2237	2108
	2240	2109
	2241	2110
	2243	2111
	2244	2112
	2246	2113
	2247	2114
	2249	2115
	2250	2116
	2252	2117
	2253	2118
	2255	2119
	2256	2120
	2259	2121
	2260	2122
	2262	2123
	2263	2124
	2265	2125
	2266	2126
	2267	2127
	2270	2132
	2271	2133
	2274	2138
	2276	2139
	2277	2140
	2280	2141
	2281	2142
	2282	2143
	2283	2144
	2286	2145
	2287	2146
	2288	2147
	2289	2148
	2292	2149
	2293	2150
	2294	2151
	2295	2152
	2298	2153
	2299	2154
	2300	2155
	2301	2156
	2304	2157
	2305	2158
	2306	2159
	2307	2160
	2309	2161
	2310	2162
	2313	2163
	2314	2164
	2315	2165
	2316	2166
	2318	2167
	2319	2168
	2320	2169
	2323	2186
	2324	2187
	2326	2189
	2327	2190
	2328	2191
	2329	2192
	2330	2193
	2332	2195
	2333	2196
	2334	2197
	2335	2198
	2336	2199
	2338	2201
	2339	2202
	2340	2203
	2341	2204
	2342	2205
	2344	2207
	2345	2208
	2346	2209
	2347	2210
	2348	2211
	2350	2213
	2351	2214
	2352	2215
	2353	2216
	2354	2217
	2356	2219
	2357	2220
	2358	2221
	2359	2222
	2362	2224
	2365	2227
	2366	2228
	2369	2231
	2370	2232
	2371	2233
	2372	2234
	2376	2238
	2379	2241
	2380	2242
	2381	2243
	2382	2244
	2386	2248
	2389	2251
	2390	2252
	2392	2254
	2395	2257
	2396	2258
	2397	2259
	2398	2260
	2402	2264
	2405	2267
	2406	2268
	2409	2271
	2410	2272
	2413	2275
	2414	2285
	2417	2276
	2419	2277
	2420	2278
	2421	2279
	2422	2280
	2423	2281
	2424	2282
	2425	2283
	2426	2285
	2429	2288
	2430	2289
	2431	2290
	2433	2292
	2436	2295
	2437	2296
	2438	2297
	2440	2299
	2443	2302
	2444	2302
	2445	2303
	2447	2305
	2450	2308
	2451	2309
	2455	2313
	2456	2314
	2457	2315
	2458	2316
	2460	2317
	2461	2319
	2462	2321
	2464	2322
	2466	2324
	2469	2327
	2470	2328
	2474	2332
	2479	2337
	2480	2338
	2482	2339
	2483	2340
	2486	2341
	2487	2342
	2490	2344
	2492	2344
	2495	2344
	2499	2349
	2501	2350
	2503	2350
	2504	2351
	2508	2354
	2510	2354
	2511	2355
	2515	2358
	2519	2362
	2522	2365
	2526	2369
	2527	2370
	2529	2371
	2530	2372
	2531	2373
	2533	2374
	2534	2375
	2535	2376
	2536	2377
	2538	2378
	2539	2379
	2540	2380
	2541	2381
	2544	2384
	2545	2385
	2546	2386
	2547	2387
	2549	2389
	2554	2393
	2557	2396
	2558	2397
	2560	2508
	2561	2509
	2563	2502
	2564	2503
	2566	2505
	2567	2506
	2569	2499
	2570	2500
	2572	2402
	2573	2403
	2575	2399
	2576	2400
	2578	2556
	2579	2557
	2581	2559
	2582	2560
	2584	2408
	2585	2409
	2587	2405
	2588	2406
	2590	2562
	2592	2565
	2593	2566
	2595	2620
	2596	2621
	2598	2672
	2599	2673
	2600	2674
	2602	2676
	2603	2677
	2605	2688
	2606	2689
	2607	2690
	2613	2634
	2615	2636
	2616	2637
	2619	2648
	2620	2649
	2621	2650
	2623	2651
	2624	2653
	2625	2654
	2626	2655
	2627	2656
	2628	2657
	2629	2658
	2631	2659
	2632	2662
	2633	2663
	2634	2664
	2635	2665
	2638	2669
	2639	2670
	2642	2623
	2643	2624
	2644	2625
	2645	2626
	2647	2630
	2648	2631
	2650	2850
	2651	2851
	2652	2852
	2654	2855
	2655	2856
	2657	2694
	2658	2695
	2659	2696
	2660	2697
	2662	2698
	2663	2699
	2667	2861
	2668	2862
	2670	2864
	2671	2868
	2672	2869
	2674	2948
	2675	2952
	2678	2871
	2679	2875
	2680	2876
	2682	2928
	2683	2932
	2684	2933
	2686	2935
	2687	2944
	2688	2945
	2689	2946
	2691	2878
	2692	2882
	2693	2883
	2695	2905
	2696	2906
	2698	2885
	2699	2887
	2700	2893
	2704	2898
	2705	2899
	2706	2903
	2708	2908
	2709	2909
	2710	2910
	2711	2911
	2712	2912
	2714	2924
	2715	2926
	2717	2616
	2718	2617
	2719	2618
	2721	2733
	2722	2734
	2724	2736
	2725	2737
	2727	2858
	2728	2859
	2730	2757
	2731	2758
	2733	2760
	2737	2739
	2738	2740
	2740	2774
	2741	2775
	2743	2776
	2744	2777
	2745	2778
	2746	2779
	2748	2782
	2749	2783
	2750	2784
	2751	2785
	2752	2786
	2753	2786
	2754	2786
	2756	2788
	2757	2789
	2758	2790
	2759	2791
	2760	2792
	2763	2795
	2764	2796
	2765	2797
	2766	2798
	2770	2802
	2771	2803
	2772	2804
	2773	2805
	2774	2806
	2775	2808
	2776	2809
	2777	2810
	2778	2811
	2779	2813
	2781	2815
	2788	2826
	2789	2827
	2791	2833
	2792	2834
	2794	2835
	2795	2836
	2799	2764
	2800	2765
	2801	2766
	2803	2768
	2804	2769
	2806	2771
	2807	2772
	2809	2722
	2810	2723
	2812	2568
	2813	2569
	2815	2613
	2816	2614
	2818	2571
	2819	2576
	2820	2577
	2824	2590
	2825	2595
	2826	2596
	2827	2597
	2828	2598
	2830	2599
	2834	2603
	2835	2605
	2836	2606
	2837	2607
	2838	2608
	2840	2609
	2845	2703
	2846	2704
	2847	2705
	2848	2706
	2849	2707
	2850	2708
	2852	2709
	2853	2712
	2854	2713
	2858	2717
	2859	2718
	2863	2725
	2864	2726
	2868	2411
	2869	2412
	2870	2416
	2871	2417
	2875	2490
	2876	2491
	2878	2493
	2879	2494
	2881	2532
	2882	2533
	2884	2496
	2885	2497
	2887	2511
	2888	2512
	2890	2424
	2891	2425
	2893	2427
	2894	2428
	2896	2430
	2897	2432
	2899	2438
	2900	2442
	2902	2434
	2903	2436
	2905	2448
	2906	2452
	2908	2466
	2909	2470
	2911	2460
	2912	2464
	2914	2454
	2915	2458
	2917	2444
	2918	2446
	2920	2472
	2921	2474
	2923	2480
	2924	2482
	2926	2484
	2927	2488
	2929	2514
	2930	2518
	2932	2520
	2933	2524
	2935	2476
	2936	2478
	2938	2526
	2939	2527
	2941	2529
	2942	2530
	2944	2742
	2945	2743
	2946	2752
	2948	2754
	2949	2755
	2951	2535
	2952	2536
	2954	2538
	2955	2542
	2957	2544
	2958	2548
	2960	2550
	2963	2954
	2966	2957
	2967	2975
	2968	2976
	2969	2977
	2972	2958
	2973	2959
	2974	2960
	2977	2963
	2978	2967
	2979	2968
	2982	2971
	2983	2972
	2984	2973
	2986	2980
	2989	2983
	2993	2987
	2994	2988
	2997	2991
	2998	2992
	2999	2993
	3002	2996
	3003	2997
	3004	2998
	3006	3000
	3009	3003
	3013	3007
	3015	3008
	3017	3011
	3018	3012
	3019	3013
	3020	3014
	3021	3015
	3023	3018
	3027	3022
	3028	3023
	3033	3028
	3038	3033
	3043	3038
	3048	3043
	3053	3048
	3058	3053
	3063	3080
	3064	3081
	3068	3057
	3069	3058
	3070	3059
	3071	3060
	3073	3061
	3074	3062
	3075	3063
	3077	3065
	3078	3066
	3079	3067
	3080	3068
	3081	3069
	3082	3070
	3083	3071
	3084	3072
	3085	3073
	3087	3075
net/minecraft/client/gui/components/WidgetTooltipHolder	70	69
	67	66
	68	67
	70	69
	19	20
	24	25
	25	26
	28	29
	29	30
	33	34
	37	38
	38	39
	39	57
	42	41
	43	42
	44	43
	45	44
	47	47
	50	50
	51	51
	52	52
	53	53
	56	57
	59	60
	60	61
	62	62
net/minecraft/client/gui/components/Tooltip	55	57
	35	36
	40	41
	41	42
	43	44
	46	47
	47	48
	48	49
	49	50
	51	53
	55	57
	26	27
	27	28
	28	29
	31	32
net/minecraft/client/resources/metadata/texture/TextureMetadataSection	22	24
	18	20
	22	24
	13	15
	14	16
	15	17
net/minecraft/client/gui/components/toasts/SystemToast	211	222
	128	130
	139	210
	142	213
	17	19
	147	217
	148	218
	151	221
	152	222
	156	134
	157	135
	31	36
	32	36
	160	138
	33	36
	161	139
	162	140
	35	38
	164	142
	38	41
	166	144
	39	42
	40	43
	41	44
	169	147
	170	148
	171	149
	45	48
	173	151
	46	49
	47	50
	48	51
	176	154
	49	52
	177	155
	52	55
	180	158
	181	159
	184	162
	57	60
	185	163
	188	167
	189	172
	62	65
	192	176
	193	181
	66	69
	67	70
	196	184
	197	185
	71	74
	199	187
	72	75
	200	188
	73	76
	202	190
	76	79
	77	80
	205	193
	78	81
	206	194
	80	83
	208	196
	209	197
	82	84
	83	85
	211	199
	84	86
	86	88
	87	89
	90	92
	93	95
	94	96
	96	98
	97	100
	98	101
	102	105
	103	106
	104	107
	108	111
	109	112
	112	113
	113	114
	114	116
	115	117
	117	120
	118	121
	121	124
	122	125
	123	126
	124	127
net/minecraft/client/particle/BlockMarker	30	33
	19	22
	24	27
	10	13
	11	14
	12	15
	13	16
	14	17
	30	33
	15	18
com/mojang/realmsclient/gui/screens/RealmsCreateRealmScreen	108	109
	64	59
	66	61
	67	63
	68	64
	72	68
	73	69
	77	73
	78	74
	81	77
	82	79
	19	23
	83	79
	20	24
	84	80
	21	25
	85	81
	86	82
	89	84
	90	85
	93	101
	94	90
	95	91
	96	100
	35	35
	99	93
	36	36
	100	100
	37	37
	38	38
	102	103
	103	104
	41	41
	42	42
	43	43
	107	108
	44	44
	108	109
	48	48
	50	49
	52	50
	53	51
	55	52
	56	53
	57	54
	59	55
	60	56
	62	57
	63	58
com/mojang/realmsclient/util/task/SwitchSlotTask	54	58
	33	35
	34	36
	37	39
	38	40
	39	41
	41	44
	10	13
	42	45
	43	46
	12	14
	44	47
	46	50
	47	51
	50	54
	19	20
	20	21
	21	22
	22	23
	54	58
	26	27
	27	29
	29	31
	30	32
net/minecraft/client/multiplayer/chat/report/Report	104	103
	64	66
	65	67
	69	71
	73	75
	74	76
	77	79
	78	80
	84	86
	85	86
	87	86
	25	26
	26	27
	27	28
	28	29
	31	32
	97	94
	98	96
	99	98
	100	99
	101	100
	104	103
	43	45
	44	46
	45	47
	48	50
	52	54
	56	58
	60	62
net/minecraft/client/gui/screens/EditServerScreen	95	104
	64	75
	65	76
	66	77
	67	78
	68	79
	71	82
	72	83
	73	84
	74	85
	78	89
	15	18
	79	90
	16	19
	82	93
	83	94
	87	98
	89	99
	26	28
	90	100
	27	29
	91	101
	28	30
	29	31
	93	102
	30	32
	94	103
	95	104
	34	36
	35	37
	36	38
	37	39
	39	40
	40	41
	41	42
	42	43
	43	44
	45	45
	46	47
	47	48
	48	55
	50	59
	51	62
	53	64
	54	65
	58	69
	59	70
	63	74
net/minecraft/client/renderer/chunk/RenderRegionCache	62	64
	38	19
	39	20
	40	21
	43	24
	44	25
	45	26
	46	27
	48	28
	49	30
	50	31
	51	32
	19	52
	52	33
	20	53
	53	34
	23	56
	57	38
	27	60
	28	61
	61	42
	62	42
	30	64
net/minecraft/client/renderer/entity/AbstractZombieRenderer	24	24
	19	20
	24	24
	9	12
	12	15
	14	16
	15	17
net/minecraft/client/gui/screens/worldselection/SelectWorldScreen	125	113
	81	72
	82	73
	86	77
	87	78
	26	19
	91	82
	28	20
	92	83
	96	87
	98	88
	100	89
	101	90
	104	93
	41	30
	105	94
	42	31
	106	95
	43	32
	107	96
	108	97
	109	98
	47	36
	111	100
	48	37
	112	101
	49	38
	113	102
	114	103
	51	39
	115	104
	53	43
	117	106
	54	48
	56	53
	57	58
	58	64
	122	110
	59	70
	123	111
	125	113
net/minecraft/client/renderer/entity/RavagerRenderer	17	19
	17	19
	9	12
	12	15
	13	16
net/minecraft/client/resources/model/Material	75	77
	64	63
	65	64
	34	35
	38	39
	70	72
	42	43
	43	44
	75	77
	45	47
	17	19
	49	51
	53	55
	25	26
	26	27
	58	60
	27	28
	59	61
	61	62
	30	31
	62	66
net/minecraft/client/gui/components/MultilineTextField	381	372
	258	185
	259	186
	262	258
	266	263
	270	267
	275	272
	276	273
	280	277
	284	281
	285	282
	286	283
	289	285
	34	32
	35	33
	36	34
	37	35
	294	291
	295	292
	40	38
	298	295
	44	42
	45	43
	301	297
	302	298
	47	46
	49	47
	306	301
	307	302
	52	50
	310	305
	56	54
	57	55
	315	310
	60	58
	316	311
	61	59
	319	314
	64	62
	65	63
	66	64
	322	316
	67	65
	323	317
	68	66
	71	69
	327	320
	328	321
	75	73
	331	324
	76	81
	79	74
	335	328
	336	330
	81	75
	337	331
	83	76
	340	334
	85	77
	86	78
	88	79
	344	338
	89	81
	345	339
	346	340
	347	341
	92	84
	93	85
	350	344
	96	88
	352	345
	97	89
	353	346
	354	355
	100	92
	357	350
	104	96
	360	351
	105	97
	361	352
	363	355
	108	100
	366	358
	367	358
	112	104
	369	358
	116	108
	117	109
	373	362
	118	110
	374	363
	119	111
	375	364
	377	366
	122	115
	381	372
	126	119
	130	123
	131	125
	132	128
	133	131
	135	134
	136	135
	138	136
	139	137
	141	139
	144	142
	145	148
	148	143
	150	144
	151	145
	152	146
	153	148
	156	151
	157	152
	159	153
	160	154
	162	155
	163	156
	166	159
	168	160
	169	161
	170	162
	171	163
	172	166
	173	167
	174	168
	175	171
	176	172
	177	173
	178	176
	179	177
	180	178
	181	179
	184	182
	186	215
	187	216
	188	217
	190	219
	192	222
	195	206
	196	207
	197	208
	199	210
	201	213
	204	230
	205	231
	207	234
	210	224
	211	225
	213	228
	216	236
	217	237
	220	239
	221	240
	224	242
	225	243
	227	245
	229	248
	232	250
	233	251
	235	253
	237	256
	240	188
	241	189
	242	190
	244	192
	246	195
	249	197
	250	198
	251	199
	253	201
	255	204
net/minecraft/client/gui/screens/debug/package-info	0	0
com/mojang/blaze3d/vertex/Tesselator	43	44
	34	35
	35	36
	38	39
	42	43
	43	44
	16	15
	17	16
	19	19
	20	20
	23	23
	24	24
	26	26
	30	31
	31	32
net/minecraft/client/renderer/EffectInstance	451	411
	40	40
	45	44
	74	61
	75	62
	77	63
	78	65
	79	66
	81	67
	82	68
	84	69
	85	70
	86	71
	87	73
	89	75
	90	76
	91	77
	92	78
	93	79
	95	82
	99	86
	100	87
	101	88
	102	89
	103	90
	104	92
	106	94
	107	95
	108	96
	109	97
	110	98
	112	101
	115	104
	116	105
	119	108
	120	109
	121	110
	122	112
	124	114
	125	115
	126	116
	127	117
	128	118
	130	121
	134	125
	136	126
	137	127
	139	128
	140	129
	142	130
	144	131
	145	132
	146	133
	147	134
	150	137
	151	138
	152	139
	153	140
	156	143
	157	144
	160	147
	161	148
	162	149
	166	153
	167	154
	168	155
	169	157
	170	158
	173	161
	176	164
	180	168
	181	169
	183	172
	184	173
	185	174
	186	175
	187	176
	188	177
	189	178
	191	179
	192	180
	193	181
	194	182
	198	186
	199	187
	200	188
	201	189
	205	193
	206	194
	207	195
	208	196
	212	200
	213	201
	214	202
	215	203
	217	206
	220	209
	221	210
	222	211
	223	212
	225	215
	229	218
	230	219
	234	221
	235	221
	237	221
	243	227
	244	228
	246	231
	247	232
	251	235
	252	236
	253	237
	254	238
	257	240
	258	241
	262	242
	263	243
	265	246
	276	249
	278	250
	280	251
	282	252
	283	253
	284	254
	287	257
	288	258
	289	259
	290	260
	294	261
	295	262
	296	263
	299	264
	301	265
	305	270
	306	271
	308	273
	312	277
	313	278
	317	282
	318	283
	322	287
	323	288
	327	292
	328	293
	329	295
	330	296
	331	297
	332	298
	333	299
	334	300
	335	301
	338	303
	342	307
	343	308
	346	311
	347	312
	348	313
	349	314
	350	315
	353	317
	354	318
	355	319
	357	322
	360	325
	361	326
	363	327
	365	328
	366	329
	367	333
	369	331
	370	333
	373	336
	374	337
	377	340
	378	341
	379	342
	382	345
	383	346
	384	347
	385	348
	386	349
	388	350
	389	351
	390	352
	393	355
	394	357
	396	359
	397	360
	398	361
	399	362
	400	363
	402	366
	406	369
	407	372
	408	371
	412	376
	413	377
	415	378
	417	379
	418	380
	420	381
	423	383
	426	386
	427	387
	431	391
	436	396
	441	401
	442	402
	443	403
	446	406
	451	411
net/minecraft/client/renderer/SpriteCoordinateExpander	48	51
	32	35
	48	51
	17	20
	37	40
	22	25
	42	45
	11	14
	27	30
	12	15
	13	16
	47	50
net/minecraft/client/gui/screens/BanNoticeScreens	121	122
	20	22
	21	23
	23	24
	25	25
	26	27
	29	32
	33	37
	34	44
	36	39
	37	40
	39	43
	40	44
	50	48
	51	49
	53	51
	54	52
	56	55
	57	56
	59	60
	67	69
	71	73
	72	74
	73	74
	74	74
	79	79
	80	80
	81	81
	82	82
	83	83
	85	85
	86	86
	87	87
	88	88
	90	90
	92	93
	94	95
	98	100
	99	101
	100	102
	101	104
	104	107
	109	112
	110	113
	111	114
	112	115
	113	117
	114	117
	116	117
	121	122
net/minecraft/client/multiplayer/ClientPacketListener	2438	2443
	2048	2063
	2049	2064
	2050	2065
	2054	2069
	2055	2070
	2057	2072
	2061	2075
	2062	2076
	2063	2077
	2064	2078
	2065	2079
	2067	2082
	2068	2093
	2069	2094
	2072	2097
	2073	2098
	2074	2099
	2075	2100
	2076	2101
	2077	2102
	2078	2103
	2080	2106
	2081	2117
	2082	2118
	2083	2119
	2087	2123
	2091	2126
	2092	2127
	2093	2128
	2094	2149
	2096	2129
	2097	2130
	2100	2133
	2101	2135
	2102	2136
	2104	2137
	2105	2138
	2108	2140
	2109	2141
	2111	2143
	2112	2144
	2115	2149
	2119	2152
	2121	2153
	2122	2154
	2123	2162
	2126	2155
	2127	2156
	2128	2157
	2129	2158
	2131	2160
	2132	2162
	2136	2165
	2137	2166
	2138	2167
	2139	2168
	2140	2169
	2141	2170
	2144	2173
	2145	2174
	2146	2175
	2147	2176
	2149	2177
	2151	2178
	2152	2179
	2153	2180
	2154	2181
	2156	2182
	2157	2183
	2161	2186
	2162	2187
	2163	2188
	2164	2189
	2165	2190
	2166	2191
	2167	2192
	2168	2193
	2170	2195
	2174	2198
	2175	2199
	2176	2200
	2177	2201
	2178	2202
	2182	2205
	2183	2206
	2184	2207
	2185	2208
	2189	2211
	2190	2212
	2191	2213
	2195	2216
	2196	2217
	2197	2218
	2201	2221
	2202	2223
	2203	2224
	2205	2226
	2209	2229
	2210	2230
	2211	2230
	2212	2231
	2214	2233
	2218	2236
	2219	2237
	2223	2240
	2224	2241
	2225	2242
	2229	2245
	2230	2246
	2234	2249
	2235	2250
	2238	2253
	2239	2254
	2240	2255
	2241	2256
	2242	2257
	2243	2258
	2244	2259
	2247	2262
	2250	2265
	2255	2269
	2259	2273
	2263	2277
	2267	2281
	2272	2286
	2277	2291
	2278	2292
	2279	2293
	2283	2297
	2287	2301
	2291	2305
	2295	2309
	2299	2313
	2303	2317
	2307	2321
	2311	2325
	2315	2329
	2319	2333
	2320	2334
	2321	2334
	2322	2335
	2325	2337
	2328	2340
	2329	2341
	2330	2342
	2332	2344
	2335	2347
	2336	2348
	2337	2349
	2338	2350
	2339	2351
	2340	2352
	2343	2355
	2344	2356
	2345	2357
	2346	2368
	2349	2359
	2350	2360
	2351	2361
	2352	2362
	2353	2363
	2354	2364
	2356	2366
	2357	2368
	2360	2371
	2361	2372
	2362	2373
	315	323
	2364	2375
	317	324
	318	325
	319	326
	320	327
	2368	2380
	321	328
	2373	2384
	2374	2385
	2375	2386
	2376	2387
	2380	2391
	2382	2392
	2383	2393
	2386	2396
	2388	2397
	2389	2398
	2390	2399
	2392	2401
	2396	2404
	2397	2411
	2399	2405
	2400	2411
	2403	2406
	2404	2407
	2405	2408
	2406	2411
	2410	2415
	2414	2419
	2418	2423
	372	365
	373	366
	374	367
	2422	2427
	375	368
	376	369
	377	370
	378	371
	2426	2431
	379	372
	380	373
	381	374
	382	375
	2430	2435
	2431	2436
	384	378
	385	379
	2434	2439
	388	382
	2438	2443
	392	386
	393	387
	394	388
	395	389
	398	392
	399	393
	400	394
	403	397
	410	401
	412	402
	413	403
	415	404
	416	405
	418	406
	419	407
	420	408
	422	409
	423	410
	425	411
	426	412
	427	413
	428	414
	429	415
	430	427
	433	428
	434	429
	435	430
	436	431
	437	432
	441	436
	443	437
	444	438
	445	439
	446	440
	447	441
	448	442
	449	443
	450	444
	451	445
	452	446
	453	447
	454	448
	455	449
	456	450
	460	451
	461	452
	462	453
	463	454
	464	455
	467	458
	468	459
	470	460
	472	461
	473	463
	474	465
	475	466
	477	468
	481	471
	483	472
	484	473
	485	474
	486	475
	488	476
	490	478
	492	480
	496	484
	497	485
	498	486
	499	487
	500	488
	501	489
	503	491
	505	494
	509	499
	510	500
	511	501
	512	502
	514	504
	515	505
	517	507
	519	510
	521	512
	525	515
	526	516
	527	517
	528	518
	530	519
	531	520
	532	521
	533	522
	534	523
	535	524
	536	525
	540	528
	541	529
	542	530
	543	533
	545	531
	546	533
	550	536
	551	537
	552	538
	553	539
	555	541
	559	544
	560	545
	561	546
	562	558
	564	547
	565	548
	566	549
	567	550
	569	551
	570	552
	571	553
	572	554
	573	555
	575	558
	579	561
	580	562
	581	567
	583	563
	584	564
	585	565
	586	567
	590	570
	591	571
	592	575
	594	572
	595	573
	596	575
	600	578
	601	579
	602	580
	604	582
	608	585
	609	586
	610	587
	611	605
	613	588
	614	589
	615	590
	616	591
	617	592
	618	593
	619	594
	620	595
	621	596
	622	597
	623	598
	624	599
	626	602
	628	605
	632	608
	633	609
	634	610
	635	614
	637	611
	638	612
	639	614
	643	617
	644	618
	645	618
	657	618
	658	619
	662	622
	663	623
	665	624
	667	625
	668	626
	669	627
	676	630
	677	631
	678	632
	679	633
	680	634
	682	636
	683	637
	684	638
	685	639
	691	644
	692	645
	693	646
	694	647
	695	648
	697	650
	698	651
	699	652
	700	653
	706	658
	707	659
	708	660
	709	661
	710	662
	712	664
	713	665
	714	666
	715	667
	718	670
	719	671
	721	672
	722	673
	724	674
	725	675
	726	676
	728	678
	729	679
	731	682
	732	683
	733	684
	735	686
	736	687
	739	690
	740	691
	741	692
	745	695
	747	696
	748	697
	752	700
	753	701
	754	702
	755	703
	756	704
	757	705
	758	706
	759	707
	760	708
	761	709
	763	711
	764	712
	768	715
	770	717
	771	718
	774	721
	775	722
	778	725
	779	726
	780	727
	781	728
	782	729
	787	734
	790	739
	791	743
	792	746
	795	749
	796	750
	797	751
	798	753
	799	754
	800	755
	801	756
	802	757
	804	759
	808	762
	809	763
	810	764
	811	765
	814	768
	815	769
	816	770
	817	771
	818	773
	819	774
	820	775
	821	776
	823	779
	824	780
	826	782
	827	783
	831	786
	832	787
	833	788
	837	791
	841	792
	843	793
	845	794
	846	795
	848	796
	866	818
	867	819
	868	820
	872	823
	873	824
	874	825
	875	826
	876	827
	878	830
	879	831
	880	832
	882	844
	885	857
	886	860
	888	861
	889	862
	890	863
	892	866
	893	867
	895	869
	896	870
	899	873
	903	876
	904	877
	905	878
	909	881
	911	882
	912	883
	913	884
	914	916
	917	886
	919	887
	920	888
	921	889
	922	890
	923	891
	924	916
	927	893
	929	895
	930	896
	932	898
	935	902
	936	908
	937	909
	938	910
	940	912
	942	916
	946	919
	947	920
	948	921
	952	924
	954	925
	955	926
	956	927
	957	934
	960	929
	962	930
	963	931
	965	934
	969	937
	970	938
	971	939
	972	955
	974	940
	975	941
	976	942
	977	943
	978	944
	979	945
	980	946
	981	947
	982	948
	983	949
	984	950
	985	951
	986	952
	988	955
	992	958
	993	959
	994	960
	995	963
	997	961
	998	963
	1002	966
	1003	967
	1004	968
	1005	969
	1006	970
	1010	973
	1011	974
	1012	975
	1016	978
	1017	979
	1018	980
	1019	981
	1020	1004
	1023	983
	1024	984
	1026	986
	1027	987
	1028	988
	1029	989
	1030	990
	1031	991
	1032	992
	1033	993
	1034	994
	1036	997
	1037	998
	1038	999
	1042	1004
	1046	1007
	1047	1008
	1048	1008
	1049	1009
	1051	1011
	1054	1014
	1055	1015
	1056	1016
	1057	1017
	1060	1021
	1065	1025
	1066	1026
	1067	1027
	1069	1028
	1071	1041
	1073	1030
	1075	1033
	1076	1034
	1077	1035
	1078	1036
	1079	1037
	1082	1044
	1085	1047
	1089	1050
	1090	1051
	1091	1052
	1092	1055
	1095	1053
	1096	1055
	1100	1058
	1101	1059
	1102	1060
	1103	1061
	1104	1062
	1108	1065
	1109	1066
	1110	1073
	1114	1076
	1115	1077
	1116	1078
	1117	1079
	1118	1080
	1119	1081
	1120	1082
	1121	1083
	1122	1084
	1123	1085
	1124	1086
	1125	1087
	1126	1088
	1127	1089
	1128	1090
	1129	1102
	1130	1103
	1133	1106
	1134	1107
	1135	1108
	1139	1112
	1140	1113
	1142	1117
	1145	1120
	1147	1121
	1148	1122
	1149	1123
	1150	1124
	1152	1127
	1154	1128
	1155	1129
	1156	1130
	1157	1131
	1161	1135
	1162	1136
	1164	1138
	1167	1141
	1168	1142
	1169	1143
	1170	1144
	1171	1145
	1172	1146
	1173	1147
	1174	1148
	1175	1149
	1176	1150
	1177	1151
	1178	1152
	1179	1153
	1181	1156
	1182	1157
	1185	1160
	1186	1161
	1187	1162
	1188	1163
	1189	1164
	1190	1165
	1193	1169
	1198	1173
	1199	1175
	1200	1187
	1202	1194
	1203	1194
	1204	1194
	1205	1194
	1207	1196
	1211	1199
	1212	1200
	1213	1200
	1214	1201
	1215	1202
	1216	1203
	1217	1205
	1218	1207
	1219	1208
	1221	1210
	1225	1213
	1226	1215
	1227	1217
	1231	1220
	1232	1221
	1233	1222
	1234	1223
	1236	1224
	1238	1225
	1240	1226
	1241	1227
	1243	1229
	1244	1230
	1246	1232
	1248	1233
	1249	1234
	1252	1237
	1253	1238
	1254	1239
	1255	1240
	1256	1241
	1259	1245
	1260	1246
	1261	1248
	1264	1251
	1268	1254
	1269	1255
	1270	1256
	1271	1257
	1272	1261
	1273	1262
	1275	1267
	1279	1270
	1280	1271
	1282	1272
	1283	1273
	1285	1275
	1286	1276
	1287	1277
	1288	1278
	1290	1280
	1294	1283
	1295	1284
	1296	1285
	1297	1286
	1298	1287
	1299	1288
	1302	1291
	1303	1292
	1305	1294
	1306	1295
	1310	1298
	1311	1299
	1312	1300
	1313	1301
	1315	1303
	1319	1306
	1320	1307
	1321	1307
	1322	1308
	1324	1310
	1328	1313
	1329	1314
	1330	1315
	1334	1318
	1335	1319
	1336	1324
	1340	1327
	1341	1328
	1342	1331
	1346	1334
	1347	1335
	1348	1336
	1349	1337
	1350	1338
	1351	1339
	1352	1340
	1353	1341
	1354	1342
	1355	1343
	1356	1344
	1357	1345
	1358	1346
	1359	1347
	1360	1348
	1361	1349
	1362	1350
	1363	1351
	1364	1352
	1365	1353
	1366	1354
	1367	1355
	1368	1356
	1369	1357
	1370	1358
	1371	1359
	1372	1373
	1373	1374
	1374	1375
	1375	1376
	1376	1377
	1377	1378
	1379	1380
	1380	1381
	1381	1382
	1382	1383
	1383	1384
	1384	1385
	1385	1386
	1386	1387
	1387	1388
	1388	1389
	1390	1390
	1391	1391
	1393	1393
	1394	1394
	1395	1395
	1396	1396
	1397	1397
	1398	1397
	1399	1398
	1402	1400
	1405	1403
	1406	1404
	1407	1405
	1411	1408
	1412	1409
	1413	1410
	1414	1411
	1416	1412
	1417	1414
	1418	1416
	1421	1419
	1422	1420
	1423	1421
	1427	1424
	1428	1425
	1429	1426
	1431	1428
	1433	1430
	1437	1433
	1438	1434
	1439	1435
	1443	1438
	1444	1439
	1445	1440
	1446	1441
	1448	1443
	1449	1444
	1451	1446
	1455	1449
	1456	1450
	1457	1451
	1461	1454
	1462	1455
	1463	1456
	1467	1459
	1468	1460
	1469	1461
	1473	1464
	1474	1465
	1476	1466
	1477	1467
	1479	1468
	1480	1469
	1484	1472
	1485	1473
	1486	1474
	1487	1475
	1489	1477
	1493	1480
	1495	1481
	1496	1482
	1498	1484
	1502	1487
	1504	1489
	1505	1490
	1506	1491
	1508	1492
	1511	1495
	1512	1496
	1514	1498
	1518	1501
	1520	1502
	1521	1503
	1523	1504
	1524	1505
	1526	1507
	1527	1508
	1531	1512
	1532	1513
	1534	1516
	1535	1517
	1539	1521
	1540	1522
	1541	1523
	1542	1524
	1543	1525
	1544	1526
	1546	1528
	1551	1532
	1553	1533
	1554	1534
	1556	1536
	1560	1539
	1561	1540
	1562	1541
	1563	1558
	1566	1542
	1567	1544
	1568	1552
	1569	1553
	1571	1556
	1572	1558
	1576	1561
	1577	1562
	1578	1563
	1579	1564
	1580	1565
	1581	1566
	1582	1567
	1586	1570
	1590	1573
	1594	1576
	1596	1577
	1597	1578
	1598	1579
	1599	1580
	1601	1582
	1604	1585
	1608	1588
	1609	1589
	1610	1590
	1611	1591
	1615	1594
	1616	1595
	1617	1596
	1618	1597
	1620	1599
	1624	1602
	1625	1603
	1627	1604
	1629	1605
	1630	1606
	1631	1607
	1633	1609
	1636	1612
	1637	1613
	1638	1614
	1639	1615
	1643	1618
	1644	1619
	1645	1620
	1649	1623
	1650	1624
	1651	1629
	1655	1632
	1656	1633
	1657	1634
	1661	1637
	1662	1638
	1663	1639
	1667	1642
	1668	1643
	1669	1644
	1673	1647
	1674	1648
	1675	1649
	1676	1650
	1678	1652
	1682	1655
	1683	1656
	1684	1661
	1687	1657
	1688	1658
	1690	1659
	1691	1661
	1695	1664
	1696	1665
	1697	1666
	1701	1669
	1702	1670
	1703	1671
	1707	1674
	1708	1675
	1709	1676
	1713	1679
	1714	1680
	1715	1681
	1719	1684
	1720	1685
	1721	1688
	1725	1691
	1726	1692
	1727	1693
	1728	1694
	1732	1697
	1733	1698
	1734	1699
	1736	1701
	1740	1704
	1741	1706
	1742	1707
	1743	1708
	1744	1709
	1745	1710
	1748	1713
	1752	1716
	1754	1718
	1755	1719
	1756	1720
	1757	1721
	1761	1725
	1762	1726
	1763	1727
	1764	1728
	1768	1730
	1769	1731
	1772	1735
	1775	1742
	1776	1744
	1778	1747
	1780	1747
	1782	1748
	1784	1751
	1785	1752
	1787	1754
	1788	1755
	1790	1757
	1793	1761
	1794	1764
	1796	1766
	1799	1769
	1800	1770
	1801	1771
	1802	1772
	1803	1773
	1804	1788
	1806	1775
	1807	1776
	1809	1778
	1810	1779
	1811	1780
	1812	1781
	1813	1782
	1816	1785
	1818	1788
	1821	1791
	1826	1795
	1827	1796
	1828	1797
	1829	1798
	1830	1799
	1831	1800
	1832	1801
	1833	1802
	1834	1803
	1838	1806
	1839	1807
	1840	1820
	1844	1823
	1845	1824
	1846	1825
	1847	1838
	1849	1826
	1850	1838
	1854	1841
	1855	1842
	1856	1843
	1860	1846
	1861	1847
	1862	1848
	1864	1850
	1866	1852
	1870	1855
	1871	1856
	1872	1857
	1873	1858
	1874	1865
	1876	1867
	1880	1870
	1881	1871
	1882	1872
	1883	1873
	1884	1874
	1886	1876
	1890	1880
	1891	1881
	1892	1885
	1893	1886
	1894	1888
	1895	1889
	1896	1893
	1897	1894
	1898	1903
	1899	1904
	1900	1905
	1901	1907
	1902	1909
	1903	1910
	1904	1911
	1905	1912
	1906	1913
	1907	1914
	1908	1915
	1909	1916
	1910	1917
	1911	1918
	1912	1919
	1913	1920
	1914	1921
	1915	1922
	1916	1923
	1917	1924
	1918	1925
	1919	1934
	1920	1935
	1921	1936
	1922	1937
	1923	1938
	1924	1939
	1925	1940
	1926	1941
	1927	1945
	1928	1946
	1933	1948
	1936	1950
	1940	1953
	1941	1954
	1945	1957
	1947	1958
	1948	1959
	1949	1960
	1951	1970
	1952	1971
	1953	1972
	1954	1973
	1955	1974
	1956	1975
	1957	1976
	1958	1977
	1962	1981
	1966	1984
	1967	1985
	1969	1986
	1970	1987
	1971	1988
	1972	1989
	1973	1990
	1974	1991
	1975	1992
	1977	1994
	1979	1996
	1983	1999
	1984	2000
	1986	2001
	1987	2002
	1988	2003
	1990	2005
	1991	2006
	1992	2007
	1994	2009
	1997	2012
	2001	2015
	2003	2016
	2004	2017
	2005	2018
	2006	2019
	2010	2022
	2013	2023
	2015	2025
	2016	2026
	2018	2028
	2019	2029
	2020	2030
	2021	2036
	2025	2040
	2027	2041
	2028	2042
	2029	2043
	2030	2044
	2031	2045
	2032	2046
	2033	2047
	2035	2050
	2036	2051
	2037	2052
	2039	2055
	2040	2056
	2041	2057
	2043	2058
	2044	2059
	2045	2060
	2046	2061
net/minecraft/client/model/ChestRaftModel	54	51
	32	34
	34	35
	36	36
	37	38
	38	38
	39	39
	42	41
	43	43
	44	43
	45	44
	48	46
	49	48
	18	20
	50	48
	19	21
	51	49
	54	51
	23	25
	24	26
	25	27
	26	28
	27	29
	31	33
com/mojang/realmsclient/gui/screens/RealmsSelectWorldTemplateScreen	389	394
	256	356
	257	357
	260	360
	261	361
	265	365
	266	366
	267	367
	269	369
	274	374
	275	375
	276	376
	277	377
	281	381
	286	386
	290	390
	294	394
	43	43
	299	252
	300	252
	45	44
	301	252
	47	45
	303	255
	48	46
	304	255
	49	47
	305	255
	308	257
	309	258
	321	267
	322	268
	323	269
	325	270
	327	272
	329	275
	330	276
	76	67
	332	277
	77	68
	334	279
	80	73
	336	281
	81	74
	82	75
	83	76
	340	285
	85	77
	341	286
	86	78
	342	287
	343	288
	89	80
	345	291
	90	81
	346	292
	347	293
	92	83
	349	296
	350	297
	95	86
	96	87
	353	300
	100	91
	102	92
	358	305
	359	306
	104	93
	360	307
	105	94
	361	308
	106	95
	107	96
	363	309
	108	97
	364	310
	109	98
	365	311
	111	99
	367	314
	368	315
	113	101
	369	316
	114	103
	115	104
	371	319
	372	320
	373	321
	374	322
	119	108
	375	323
	120	109
	376	324
	121	110
	377	325
	379	327
	125	114
	126	115
	127	116
	383	331
	128	117
	384	333
	385	334
	130	120
	386	335
	387	336
	389	339
	134	124
	135	125
	136	126
	137	127
	141	131
	142	132
	145	135
	146	136
	148	138
	151	141
	152	142
	154	144
	157	147
	158	148
	160	150
	163	153
	166	156
	167	157
	168	159
	170	160
	173	161
	174	164
	175	165
	176	166
	177	167
	179	170
	181	172
	182	174
	183	175
	185	178
	187	179
	188	180
	189	182
	190	184
	192	187
	194	189
	195	194
	197	196
	198	198
	199	199
	203	203
	204	204
	205	205
	211	211
	213	212
	215	213
	216	214
	219	217
	220	218
	221	219
	222	220
	225	223
	228	226
	229	227
	230	228
	231	229
	232	230
	233	232
	234	233
	235	234
	236	235
	237	236
	238	237
	240	240
	243	243
	246	246
	251	346
	252	347
	255	351
net/minecraft/client/gui/screens/worldselection/PresetEditor	65	68
	32	32
	64	67
	33	34
	65	68
	34	35
	35	36
	36	37
	37	38
	38	39
	40	41
	41	42
	44	49
	47	49
	52	56
	53	57
	54	58
	59	63
	60	64
	62	65
	31	31
	63	66
com/mojang/realmsclient/client/Ping	73	79
	64	67
	65	68
	66	69
	67	70
	68	71
	71	77
	72	78
	73	79
	17	18
	18	19
	22	22
	23	24
	24	25
	28	28
	29	29
	33	33
	34	34
	35	35
	36	37
	38	39
	39	40
	40	41
	41	42
	42	43
	43	44
	44	45
	46	47
	49	51
	53	55
	57	59
	61	64
	62	65
	63	66
net/minecraft/client/animation/definitions/SnifferAnimation	762	1149
	11	12
	12	13
	13	16
	15	19
	16	22
	18	25
	20	26
	21	27
	22	28
	23	32
	24	33
	25	34
	26	35
	27	36
	28	37
	29	38
	30	39
	31	40
	33	43
	35	44
	36	45
	37	49
	38	50
	39	51
	40	52
	41	53
	42	54
	43	55
	45	58
	46	62
	47	63
	48	64
	49	65
	51	68
	53	69
	54	70
	55	71
	56	75
	57	76
	58	77
	59	78
	60	79
	62	82
	63	86
	64	87
	65	88
	66	89
	67	90
	69	93
	70	97
	71	98
	72	99
	73	100
	74	101
	75	102
	76	103
	78	106
	79	110
	80	111
	81	112
	82	113
	83	114
	84	115
	85	116
	87	119
	88	123
	89	124
	90	125
	91	126
	92	127
	93	128
	94	129
	96	132
	97	136
	98	137
	99	138
	100	139
	101	140
	102	141
	103	142
	105	145
	106	149
	107	150
	108	151
	109	152
	110	153
	112	156
	113	160
	114	161
	115	162
	116	163
	117	164
	119	167
	120	171
	121	172
	122	173
	123	174
	124	175
	125	176
	127	179
	128	183
	129	184
	130	185
	131	186
	132	187
	133	188
	135	191
	136	195
	137	196
	138	197
	139	198
	140	199
	141	200
	142	201
	144	204
	145	208
	146	209
	147	210
	148	211
	149	212
	150	213
	151	214
	153	217
	154	221
	155	222
	156	223
	157	224
	158	225
	160	228
	161	232
	162	233
	163	234
	164	235
	165	236
	166	237
	167	238
	169	241
	170	245
	171	246
	172	247
	173	248
	174	249
	175	250
	177	253
	178	257
	179	258
	180	259
	181	260
	182	261
	184	264
	185	268
	186	269
	187	270
	188	271
	189	272
	191	275
	193	276
	194	277
	195	278
	196	282
	197	283
	198	284
	199	285
	200	286
	202	289
	203	293
	204	294
	205	295
	206	296
	207	297
	209	300
	210	304
	211	305
	212	306
	213	307
	214	308
	215	309
	216	310
	218	313
	219	317
	220	318
	221	319
	222	320
	223	321
	224	322
	225	323
	227	326
	228	330
	229	331
	230	332
	231	333
	232	334
	233	335
	234	336
	236	339
	237	343
	238	344
	239	345
	240	346
	241	347
	242	348
	243	349
	245	352
	246	356
	247	357
	248	358
	249	359
	250	360
	252	363
	253	367
	254	368
	255	369
	256	370
	257	371
	259	374
	260	378
	261	379
	262	380
	263	381
	264	382
	265	383
	267	386
	268	390
	269	391
	270	392
	271	393
	272	394
	273	395
	275	398
	276	402
	277	403
	278	404
	279	405
	280	406
	281	407
	282	408
	284	411
	285	415
	286	416
	287	417
	288	418
	289	419
	290	420
	291	421
	293	424
	294	428
	295	429
	296	430
	297	431
	299	434
	300	438
	301	439
	302	440
	303	441
	304	442
	305	443
	307	446
	308	450
	309	451
	311	454
	312	458
	313	459
	314	460
	315	461
	316	462
	317	463
	318	464
	319	465
	320	466
	322	469
	323	473
	324	474
	325	475
	326	476
	327	477
	328	478
	329	479
	330	480
	331	481
	333	484
	334	488
	335	489
	336	490
	337	491
	338	492
	339	493
	340	494
	341	495
	342	496
	343	497
	344	498
	345	499
	346	500
	347	501
	348	502
	349	503
	351	506
	353	507
	354	508
	355	512
	356	513
	357	514
	358	515
	359	516
	360	517
	361	518
	362	519
	363	520
	364	521
	365	522
	366	523
	367	524
	369	527
	370	531
	371	532
	372	533
	374	536
	375	540
	376	541
	377	542
	378	543
	380	546
	381	550
	382	551
	383	552
	384	553
	385	554
	386	555
	387	556
	388	557
	389	558
	390	559
	391	560
	392	561
	393	562
	394	563
	395	564
	396	565
	397	566
	398	567
	399	568
	400	569
	401	570
	402	571
	403	572
	404	573
	406	576
	407	580
	408	581
	409	582
	410	583
	411	584
	412	585
	413	586
	414	587
	415	588
	416	589
	417	590
	418	591
	419	592
	420	593
	421	594
	422	595
	424	598
	425	602
	426	603
	427	604
	428	605
	429	606
	430	607
	431	608
	433	611
	434	615
	435	616
	436	617
	437	618
	438	619
	439	620
	440	621
	442	624
	443	628
	444	629
	445	630
	447	633
	448	637
	449	638
	450	639
	451	640
	453	643
	454	647
	455	648
	456	649
	458	652
	459	656
	460	657
	461	658
	462	659
	464	662
	465	666
	466	667
	467	668
	469	671
	470	675
	471	676
	472	677
	473	678
	475	681
	476	685
	477	686
	478	687
	480	690
	481	694
	482	695
	483	696
	484	697
	486	700
	487	704
	488	705
	489	706
	491	709
	492	713
	493	714
	494	715
	495	716
	497	719
	498	723
	499	724
	500	725
	502	728
	503	732
	504	733
	505	734
	506	735
	508	738
	510	739
	511	740
	512	744
	513	745
	514	746
	515	747
	517	750
	518	754
	519	755
	520	756
	521	757
	523	760
	524	764
	525	765
	526	766
	527	767
	528	768
	530	771
	531	775
	532	776
	534	779
	535	783
	536	784
	537	785
	539	788
	540	792
	541	793
	542	794
	544	797
	545	801
	546	802
	548	805
	549	809
	550	810
	551	811
	553	814
	554	818
	555	819
	557	822
	558	826
	559	827
	560	828
	562	831
	563	835
	564	836
	566	839
	567	843
	568	844
	569	845
	571	848
	572	852
	573	853
	575	856
	576	860
	577	861
	578	862
	580	865
	581	869
	582	870
	584	873
	585	877
	586	878
	587	879
	589	882
	590	886
	591	887
	593	890
	594	894
	595	895
	596	896
	598	899
	600	900
	601	901
	602	905
	603	906
	604	907
	605	908
	606	909
	608	912
	609	916
	610	917
	611	918
	612	919
	613	920
	614	921
	616	924
	617	928
	618	929
	619	930
	620	931
	621	932
	623	935
	624	939
	625	940
	626	941
	627	942
	628	943
	629	944
	630	945
	632	948
	633	952
	634	953
	635	954
	636	955
	637	956
	639	959
	640	963
	641	964
	642	965
	643	966
	644	967
	646	970
	647	974
	648	975
	649	976
	650	977
	651	978
	653	981
	654	985
	655	986
	656	987
	657	988
	658	989
	659	990
	660	991
	661	992
	663	995
	664	999
	665	1000
	667	1003
	668	1007
	669	1008
	670	1009
	671	1010
	672	1011
	673	1012
	674	1013
	675	1014
	677	1017
	678	1021
	679	1022
	681	1025
	682	1029
	683	1030
	684	1031
	685	1032
	686	1033
	687	1034
	688	1035
	689	1036
	691	1039
	692	1043
	693	1044
	695	1047
	696	1051
	697	1052
	698	1053
	699	1054
	700	1055
	701	1056
	702	1057
	703	1058
	705	1061
	706	1065
	707	1066
	709	1069
	710	1073
	711	1074
	712	1075
	713	1076
	714	1077
	715	1078
	716	1079
	717	1080
	719	1083
	720	1087
	721	1088
	723	1091
	724	1095
	725	1096
	726	1097
	727	1098
	728	1099
	729	1100
	730	1101
	731	1102
	733	1105
	734	1109
	735	1110
	737	1113
	739	1114
	740	1115
	741	1116
	742	1120
	743	1121
	744	1122
	745	1123
	746	1124
	748	1127
	749	1131
	750	1132
	751	1133
	752	1134
	753	1135
	755	1138
	756	1142
	757	1143
	758	1144
	759	1145
	760	1146
	762	1149
net/minecraft/client/gui/screens/inventory/CommandBlockEditScreen	101	113
	21	25
	22	26
	26	30
	31	35
	36	40
	37	41
	38	43
	39	44
	40	45
	41	46
	44	50
	45	51
	46	52
	47	53
	50	55
	51	56
	52	57
	53	58
	54	59
	57	61
	58	62
	59	63
	60	64
	61	65
	64	67
	65	68
	68	71
	69	72
	70	73
	71	74
	72	75
	73	76
	76	79
	77	80
	78	81
	79	82
	80	83
	81	84
	83	85
	84	86
	85	87
	86	88
	88	89
	89	90
	90	91
	94	95
	95	96
	96	97
	100	101
	101	113
net/minecraft/client/renderer/entity/layers/CarriedBlockLayer	40	38
	32	30
	33	31
	34	32
	35	33
	36	34
	38	35
	39	36
	40	38
	17	20
	18	21
	19	22
	23	25
	24	26
	25	38
	28	27
	30	28
	31	29
net/minecraft/client/server/IntegratedPlayerList	51	46
	32	32
	51	46
	20	22
	36	35
	37	36
	22	23
	23	24
	40	37
	27	27
	28	28
	45	41
	31	31
com/mojang/realmsclient/client/RealmsError	167	157
	64	152
	133	29
	69	157
	135	30
	138	33
	139	34
	78	58
	17	19
	19	20
	83	63
	150	38
	151	39
	152	40
	88	68
	153	41
	154	42
	155	43
	157	43
	93	74
	94	75
	30	117
	97	78
	163	45
	35	122
	164	46
	36	123
	101	83
	37	124
	167	49
	40	127
	105	88
	41	128
	42	129
	43	130
	109	92
	47	134
	114	97
	52	139
	119	102
	59	147
	124	107
	125	108
	127	109
net/minecraft/client/renderer/RenderBuffers	72	68
	64	60
	68	64
	72	68
	21	20
	23	21
	24	23
	25	24
	27	25
	28	26
	30	27
	31	28
	32	29
	33	30
	34	31
	35	32
	36	33
	37	34
	38	35
	39	36
	40	37
	41	38
	43	39
	44	40
	46	42
	47	43
	48	44
	49	45
	52	48
	53	49
	56	52
	60	56
com/mojang/blaze3d/platform/GlDebug	183	186
	129	126
	130	127
	131	128
	132	129
	133	130
	134	131
	136	134
	137	135
	138	136
	140	139
	141	140
	142	141
	143	142
	144	143
	146	146
	147	147
	148	148
	21	23
	150	151
	24	33
	152	154
	28	37
	30	39
	32	41
	34	43
	163	166
	36	45
	164	167
	165	168
	38	47
	166	169
	167	170
	40	49
	168	171
	42	51
	171	174
	47	56
	175	174
	49	58
	51	60
	180	179
	53	62
	181	182
	182	184
	55	64
	183	186
	57	66
	59	68
	61	70
	63	72
	68	77
	70	81
	72	83
	74	85
	76	79
	78	87
	83	25
	88	92
	91	94
	92	95
	93	96
	94	99
	95	100
	96	101
	98	97
	102	105
	103	106
	106	109
	107	110
	108	112
	109	113
	111	116
	115	28
	116	29
	121	121
	125	125
	126	154
net/minecraft/client/gui/components/CycleButton	274	303
	258	287
	264	293
	265	294
	266	295
	269	298
	274	303
	21	23
	39	50
	40	51
	41	52
	42	53
	43	54
	44	55
	45	56
	46	57
	47	58
	48	59
	49	60
	50	61
	53	64
	54	65
	58	69
	59	70
	61	72
	63	74
	66	77
	67	78
	68	79
	70	80
	71	81
	72	82
	75	85
	76	86
	81	91
	82	92
	83	93
	84	94
	86	97
	90	101
	91	102
	92	103
	93	104
	97	107
	98	108
	101	111
	102	112
	103	113
	104	114
	105	115
	108	118
	112	122
	116	126
	121	131
	127	136
	128	137
	129	138
	130	139
	131	140
	132	141
	134	143
	137	146
	141	149
	145	153
	149	157
	153	161
	157	165
	165	174
	172	180
	173	181
	176	184
	181	189
	185	193
	189	197
	193	201
	194	202
	198	206
	199	207
	203	211
	204	212
	205	213
	206	214
	208	217
	212	221
	213	222
	217	226
	218	227
	222	231
	226	235
	230	239
	231	240
	232	241
	235	244
	236	245
	237	246
	239	248
	249	278
	250	279
	253	282
net/minecraft/client/renderer/entity/StriderRenderer	45	42
	32	33
	34	33
	39	37
	40	38
	41	39
	11	14
	12	15
	45	42
	17	19
	19	20
	20	25
	24	28
	29	32
	30	33
net/minecraft/client/renderer/entity/VillagerRenderer	41	36
	32	32
	36	35
	37	36
	39	36
	41	36
	13	16
	16	19
	18	20
	19	21
	20	22
	21	23
	25	26
	30	30
	31	31
net/minecraft/client/animation/definitions/BatAnimation	108	177
	11	12
	12	13
	13	14
	14	17
	16	20
	17	23
	19	26
	20	29
	22	32
	23	35
	25	38
	26	41
	28	44
	29	47
	31	50
	32	53
	34	56
	35	59
	37	62
	38	65
	40	68
	41	71
	43	74
	44	77
	46	80
	48	81
	49	82
	50	83
	51	87
	52	88
	53	89
	55	92
	56	96
	57	97
	58	98
	59	99
	60	100
	61	101
	63	104
	64	108
	65	109
	66	110
	68	113
	69	117
	70	118
	71	119
	72	120
	73	121
	74	122
	76	125
	77	129
	78	130
	79	131
	80	132
	82	135
	83	139
	84	140
	85	141
	86	142
	87	143
	89	146
	90	150
	91	151
	92	152
	93	153
	95	156
	96	160
	97	161
	98	162
	99	163
	100	164
	102	167
	103	171
	104	172
	105	173
	106	174
	108	177
net/minecraft/client/renderer/block/model/multipart/MultiPart	116	118
	64	64
	69	71
	74	76
	79	81
	80	82
	85	87
	87	89
	88	90
	89	91
	90	92
	94	96
	101	104
	38	40
	102	105
	39	41
	40	42
	106	108
	43	45
	110	112
	47	49
	112	114
	49	51
	113	115
	50	52
	116	118
	53	55
	58	60
	59	61
	61	63
	62	65
net/minecraft/client/gui/font/providers/GlyphProviderDefinition	35	30
	32	26
	33	27
	34	28
	35	30
	15	17
net/minecraft/client/gui/screens/inventory/package-info	0	0
net/minecraft/client/gui/spectator/SpectatorMenu	181	170
	132	120
	133	121
	137	125
	14	16
	142	130
	15	17
	143	131
	16	18
	18	20
	19	21
	147	135
	20	22
	24	24
	25	25
	26	26
	156	145
	157	146
	158	147
	31	30
	162	151
	35	34
	163	152
	167	156
	40	39
	44	43
	172	161
	173	162
	175	164
	177	166
	181	170
	54	52
	55	53
	56	54
	59	57
	61	58
	62	59
	63	60
	64	61
	65	61
	67	61
	71	62
	72	63
	75	65
	76	65
	78	65
	82	70
	84	72
	85	73
	88	76
	92	80
	96	84
	100	88
	102	89
	103	90
	104	91
	106	93
	109	96
	112	99
	113	100
	116	103
	120	107
	121	108
	122	109
	123	110
	126	113
net/minecraft/client/GraphicsStatus	44	43
	36	35
	37	36
	38	37
	39	38
	9	12
	10	13
	11	14
	44	43
	14	16
	20	21
	21	22
	22	23
	26	26
	31	30
net/minecraft/client/gui/screens/inventory/InventoryScreen	230	212
	33	33
	34	34
	35	35
	39	39
	40	40
	41	47
	44	45
	45	47
	49	51
	50	52
	51	69
	54	57
	55	58
	56	59
	57	60
	59	61
	60	62
	61	63
	63	64
	65	65
	66	66
	67	67
	68	69
	72	73
	73	74
	77	78
	78	79
	79	80
	81	82
	82	83
	83	84
	86	87
	87	88
	89	89
	90	90
	91	91
	95	95
	96	96
	97	97
	99	98
	100	99
	103	104
	104	105
	106	106
	108	107
	109	108
	111	109
	112	110
	113	111
	115	112
	116	113
	117	114
	118	115
	119	116
	121	117
	122	118
	123	119
	124	120
	125	121
	127	122
	128	123
	129	124
	130	125
	132	126
	133	127
	134	128
	135	129
	136	130
	138	131
	139	132
	142	137
	143	138
	144	139
	145	140
	146	141
	148	142
	150	143
	151	144
	152	145
	154	148
	155	150
	156	152
	157	153
	159	154
	161	155
	162	156
	167	160
	168	160
	170	160
	175	165
	176	165
	178	165
	183	170
	188	175
	189	176
	190	177
	193	179
	194	179
	197	179
	202	185
	203	186
	204	187
	207	189
	212	195
	213	196
	218	201
	220	202
	221	203
	225	207
	226	208
	230	212
net/minecraft/client/model/EndermanModel	142	124
	128	111
	129	112
	130	113
	131	114
	132	115
	134	116
	135	117
	136	118
	139	121
	140	122
	141	123
	142	124
	18	20
	19	21
	22	24
	23	25
	24	26
	26	27
	27	28
	28	29
	29	29
	32	31
	33	31
	34	31
	37	32
	38	33
	39	33
	40	33
	42	35
	43	36
	44	36
	45	36
	47	38
	48	39
	49	39
	50	39
	52	41
	53	42
	54	42
	55	42
	57	44
	58	45
	59	45
	60	45
	63	47
	68	52
	70	53
	72	54
	73	55
	74	56
	75	57
	77	58
	78	59
	80	60
	81	61
	82	62
	83	63
	85	64
	86	65
	87	66
	89	69
	90	70
	92	73
	93	74
	95	77
	96	78
	98	81
	99	82
	101	85
	102	86
	104	89
	105	90
	107	93
	108	94
	111	97
	112	98
	113	99
	114	100
	115	101
	118	104
	119	105
	121	106
	122	107
	124	108
	125	109
	127	110
net/minecraft/client/gui/layouts/EqualSpacingLayout	168	168
	130	132
	131	133
	132	134
	137	139
	138	141
	139	144
	141	146
	144	149
	145	151
	146	154
	148	156
	151	159
	152	160
	153	161
	26	19
	27	20
	30	23
	158	166
	31	24
	159	167
	32	25
	160	168
	36	29
	38	30
	39	70
	167	101
	168	102
	42	31
	43	32
	45	34
	46	35
	47	36
	50	39
	52	40
	54	41
	55	42
	56	43
	57	44
	58	45
	59	46
	60	48
	61	49
	62	50
	63	51
	64	52
	68	56
	69	58
	70	59
	73	62
	74	64
	75	67
	77	70
	81	74
	82	75
	85	78
	89	82
	93	86
	97	90
	98	91
	102	95
	109	111
	110	112
	111	113
	116	118
	117	119
	118	120
	123	125
	124	126
	125	127
net/minecraft/client/gui/components/events/package-info	0	0
com/mojang/blaze3d/font/TrueTypeGlyphProvider	189	176
	129	122
	130	123
	132	124
	134	125
	135	126
	137	127
	138	128
	142	132
	147	137
	150	140
	155	145
	160	150
	34	34
	35	35
	37	36
	165	155
	39	37
	41	38
	42	39
	170	160
	44	40
	45	41
	46	43
	47	44
	175	165
	48	45
	50	47
	179	166
	180	167
	181	168
	55	52
	183	170
	57	53
	185	172
	58	54
	61	57
	189	176
	62	58
	63	59
	67	62
	68	63
	70	64
	72	65
	73	66
	74	67
	75	68
	76	69
	78	70
	79	70
	82	70
	86	74
	87	77
	89	75
	94	83
	95	84
	96	85
	97	86
	98	88
	100	91
	101	92
	102	93
	106	97
	107	98
	108	100
	109	101
	110	103
	111	103
	112	104
	113	103
	116	108
	117	109
net/minecraft/client/model/CodModel	78	69
	68	58
	73	63
	74	64
	75	65
	77	68
	78	69
	18	20
	19	21
	20	22
	23	25
	24	26
	26	27
	27	28
	28	29
	29	29
	30	29
	32	31
	33	32
	34	32
	35	32
	37	34
	38	35
	39	35
	40	35
	42	37
	43	39
	44	39
	45	40
	47	42
	48	44
	49	44
	50	45
	52	47
	53	48
	54	48
	55	48
	57	50
	58	51
	59	51
	60	51
	63	53
net/minecraft/client/tutorial/package-info	0	0
com/mojang/blaze3d/pipeline/RenderTarget	292	259
	256	225
	257	226
	258	227
	259	228
	261	229
	262	230
	263	231
	264	232
	265	233
	266	234
	268	235
	270	236
	271	237
	272	238
	275	241
	276	242
	277	243
	278	244
	279	245
	280	246
	281	247
	283	250
	284	251
	285	252
	288	255
	35	31
	36	31
	292	259
	37	31
	38	31
	39	31
	45	35
	47	36
	48	37
	49	38
	50	39
	53	42
	54	43
	55	43
	56	43
	58	45
	60	47
	63	50
	64	51
	66	52
	67	53
	69	56
	72	57
	73	58
	76	61
	77	62
	78	63
	80	64
	81	65
	82	66
	84	69
	85	70
	86	71
	88	74
	89	75
	90	76
	91	77
	93	79
	96	82
	98	83
	99	84
	100	85
	102	86
	103	87
	106	90
	108	91
	109	92
	110	125
	113	93
	114	94
	116	95
	117	96
	119	97
	120	98
	121	99
	122	100
	123	101
	124	102
	125	103
	126	104
	127	105
	128	106
	129	107
	132	110
	133	111
	134	112
	135	113
	136	114
	138	115
	139	116
	141	117
	143	118
	146	121
	148	122
	149	123
	150	127
	153	130
	154	131
	157	134
	158	135
	159	136
	160	137
	161	138
	162	139
	163	140
	165	142
	168	145
	169	146
	170	147
	171	164
	172	148
	173	149
	174	150
	175	151
	176	152
	177	153
	178	154
	179	155
	180	156
	181	157
	182	158
	183	159
	185	161
	190	167
	191	168
	192	169
	195	172
	196	173
	197	174
	201	177
	202	178
	203	178
	204	178
	206	180
	208	182
	211	185
	212	186
	213	187
	214	188
	216	190
	220	193
	221	194
	222	194
	223	194
	225	196
	227	198
	230	201
	231	202
	232	203
	233	204
	234	205
	237	208
	238	209
	241	212
	242	213
	245	216
	246	217
	247	218
	248	219
	250	220
	252	221
	253	222
net/minecraft/client/gui/screens/advancements/AdvancementsScreen	275	259
	256	242
	257	243
	261	246
	262	247
	263	248
	267	252
	268	253
	274	258
	275	259
	24	26
	45	40
	46	41
	47	42
	61	53
	62	54
	65	57
	66	58
	67	59
	68	60
	72	64
	73	65
	74	66
	75	67
	76	68
	77	69
	78	70
	81	72
	83	75
	85	77
	86	79
	87	80
	91	84
	92	85
	96	89
	97	90
	101	94
	102	95
	103	96
	104	97
	106	99
	110	103
	111	104
	112	105
	114	107
	115	108
	116	109
	117	110
	121	115
	126	120
	127	121
	128	122
	129	123
	131	125
	136	131
	138	132
	139	133
	140	134
	141	135
	142	136
	143	137
	147	141
	148	142
	149	143
	152	146
	153	147
	154	148
	155	149
	157	152
	162	157
	163	158
	164	159
	166	161
	170	166
	171	167
	172	168
	173	169
	174	170
	175	171
	176	175
	179	173
	180	175
	183	178
	185	179
	187	180
	188	181
	189	182
	192	185
	193	186
	197	190
	198	191
	201	194
	202	195
	203	196
	205	197
	206	198
	207	199
	209	200
	212	203
	213	204
	214	205
	215	206
	219	210
	223	213
	224	214
	225	217
	227	215
	228	217
	232	220
	236	223
	237	224
	238	225
	240	227
	244	230
	248	234
	249	235
	250	236
	252	238
net/minecraft/client/renderer/entity/AllayRenderer	27	26
	17	18
	18	19
	22	22
	27	26
	12	14
	15	17
net/minecraft/client/gui/screens/inventory/MenuAccess	0	0
net/minecraft/client/renderer/block/model/multipart/Selector	100	98
	65	68
	66	68
	69	68
	74	73
	76	74
	77	75
	80	78
	81	79
	82	80
	83	81
	84	82
	85	83
	86	84
	87	85
	88	86
	89	87
	90	88
	28	30
	92	90
	29	31
	31	34
	95	93
	32	35
	34	38
	35	39
	36	40
	100	98
	39	43
	43	47
	48	52
	53	57
	59	63
	61	64
com/mojang/blaze3d/vertex/VertexFormat	241	230
	28	27
	29	28
	30	29
	31	30
	32	32
	33	33
	34	34
	35	35
	37	37
	40	40
	45	45
	46	47
	47	48
	48	49
	49	50
	50	51
	51	52
	52	53
	53	54
	54	55
	55	56
	57	59
	61	63
	65	67
	69	71
	73	75
	77	79
	81	83
	85	87
	89	91
	90	92
	91	93
	93	95
	98	101
	99	102
	101	103
	104	106
	105	107
	110	112
	114	116
	115	117
	116	121
	118	119
	119	121
	122	124
	123	126
	124	127
	125	128
	126	129
	128	131
	131	134
	132	135
	133	139
	135	137
	136	139
	139	142
	140	143
	142	145
	145	148
	146	149
	147	150
	149	153
	153	158
	158	163
	161	166
	162	167
	163	168
	164	169
	168	173
	169	174
	173	178
	174	179
	175	180
	176	181
	181	187
	182	188
	188	194
	189	195
	190	196
	193	199
	194	199
	196	199
	201	205
	202	206
	203	207
	204	208
	205	209
	206	210
	207	211
	208	212
	216	220
	217	221
	218	222
	219	223
	220	224
	224	227
	231	229
	235	228
	238	230
	241	227
net/minecraft/client/gui/screens/options/AccessibilityOptionsScreen	66	77
	65	76
	66	77
	17	19
	20	22
	21	23
	22	25
	23	27
	24	29
	25	31
	26	33
	27	35
	28	37
	29	39
	30	41
	31	43
	32	45
	33	47
	38	52
	39	53
	43	57
	44	58
	45	59
	46	59
	47	60
	48	61
	51	63
	55	67
	56	68
	60	72
	61	73
	62	74
	63	74
net/minecraft/client/renderer/entity/WindChargeRenderer	47	42
	32	29
	34	30
	35	31
	36	32
	38	33
	39	35
	42	38
	47	42
	16	18
	17	19
	22	23
	23	24
	24	25
	28	28
	29	35
net/minecraft/client/model/ArmorStandArmorModel	73	64
	64	57
	65	58
	66	59
	68	60
	69	61
	70	62
	72	63
	73	64
	16	17
	17	18
	20	21
	21	22
	22	23
	23	24
	24	24
	25	24
	27	26
	28	28
	29	28
	30	29
	32	31
	33	33
	34	33
	35	34
	37	36
	38	38
	39	38
	40	39
	43	41
	48	45
	49	46
	50	47
	52	48
	53	49
	54	50
	56	51
	57	52
	58	53
	60	54
	61	55
	62	56
net/minecraft/client/renderer/OutlineBufferSource	85	90
	64	69
	69	74
	70	75
	75	80
	80	85
	20	21
	21	22
	85	90
	25	26
	26	27
	27	28
	29	30
	30	31
	31	32
	32	33
	33	35
	34	37
	36	39
	40	45
	41	46
	42	47
	43	48
	44	49
	47	52
	48	53
	53	58
	54	59
	58	63
	59	64
net/minecraft/client/renderer/entity/layers/ShulkerHeadLayer	25	26
	16	19
	17	20
	21	23
	22	24
	24	25
	25	26
net/minecraft/client/multiplayer/chat/report/ChatReportContextBuilder	105	103
	65	65
	80	76
	81	77
	82	78
	22	24
	86	81
	23	25
	87	82
	89	85
	26	28
	90	86
	91	87
	28	30
	92	88
	29	30
	93	89
	30	31
	31	32
	95	91
	32	33
	33	34
	34	35
	98	95
	35	36
	99	96
	36	37
	101	99
	39	30
	41	41
	105	103
	44	44
	45	45
	48	48
	50	49
	51	51
	52	52
	53	53
	54	54
	55	55
	56	56
	61	61
net/minecraft/client/renderer/SectionBufferBuilderPool	66	66
	66	66
	13	15
	19	20
	20	21
	21	22
	26	25
	27	26
	29	27
	31	30
	32	31
	34	33
	35	34
	37	35
	38	37
	39	38
	43	42
	48	47
	49	48
	50	49
	51	50
	53	52
	57	57
	58	58
	59	59
	62	62
net/minecraft/client/resources/server/PackReloadConfig	0	0
net/minecraft/client/gui/components/MultiLineEditBox	233	229
	32	30
	33	31
	34	32
	35	33
	36	34
	37	35
	40	38
	41	39
	44	42
	45	43
	48	46
	49	47
	52	50
	57	55
	58	56
	62	60
	63	61
	64	62
	65	63
	67	65
	72	71
	73	72
	76	73
	77	74
	78	75
	79	76
	80	77
	83	79
	88	85
	93	90
	94	94
	97	91
	98	92
	103	100
	104	101
	105	102
	106	167
	109	106
	110	107
	111	108
	113	109
	114	110
	115	111
	116	113
	117	114
	119	115
	120	116
	121	117
	122	118
	123	119
	126	122
	127	123
	129	127
	132	130
	135	133
	136	134
	139	137
	140	138
	142	139
	143	140
	144	142
	145	143
	146	144
	148	146
	152	150
	153	151
	155	153
	156	154
	158	156
	160	159
	163	162
	166	167
	170	171
	172	172
	173	173
	174	174
	175	175
	177	177
	181	181
	186	186
	191	191
	195	195
	196	196
	199	199
	201	200
	203	201
	204	202
	206	204
	208	205
	209	206
	213	210
	214	211
	217	214
	221	218
	222	219
	224	220
	225	221
	229	225
	230	226
	231	227
	233	229
net/minecraft/client/gui/components/events/GuiEventListener	76	65
	33	31
	37	35
	69	61
	70	61
	72	61
	41	39
	76	65
	45	43
	18	16
	21	19
	56	48
	25	23
	60	52
	29	27
net/minecraft/client/resources/SplashManager	70	63
	32	33
	65	58
	66	59
	67	61
	36	36
	68	62
	70	63
	39	37
	40	38
	41	39
	47	44
	48	45
	49	46
	53	50
	54	51
	24	26
	56	52
	25	27
	57	53
	58	54
	59	55
	60	56
	61	57
	31	32
net/minecraft/client/model/geom/builders/CubeDeformation	25	28
	17	20
	18	21
	4	8
	21	24
	25	28
	11	14
	12	15
	13	16
	14	17
net/minecraft/client/renderer/texture/atlas/SpriteSource	31	35
	21	24
	22	25
	13	15
	31	35
net/minecraft/client/model/GiantZombieModel	13	15
	8	11
	9	12
	13	15
net/minecraft/client/gui/screens/social/SocialInteractionsPlayerList	199	187
	128	121
	129	121
	131	121
	133	123
	135	124
	136	125
	137	126
	142	127
	145	131
	147	132
	148	133
	151	136
	152	137
	153	138
	154	139
	155	140
	156	141
	157	142
	160	145
	161	146
	162	147
	35	34
	36	35
	164	149
	37	36
	167	152
	168	153
	42	40
	171	156
	47	44
	175	160
	176	162
	177	163
	178	164
	51	48
	179	165
	52	49
	182	169
	55	52
	183	170
	56	53
	184	171
	57	54
	185	173
	58	55
	186	175
	59	56
	187	176
	62	59
	190	178
	63	61
	64	62
	65	63
	193	181
	66	64
	194	182
	67	65
	195	183
	196	184
	70	68
	199	187
	73	71
	74	71
	76	73
	77	74
	78	78
	79	85
	80	86
	83	90
	84	91
	88	96
	90	98
	93	101
	95	103
	96	104
	97	104
	98	105
	102	109
	106	113
	107	113
	115	114
	116	115
	118	116
	119	117
	121	118
	126	119
net/minecraft/client/model/geom/builders/MaterialDefinition	11	14
	9	12
	10	13
	11	14
net/minecraft/client/gui/components/AbstractSliderButton	147	138
	128	118
	129	119
	131	122
	132	123
	136	127
	137	128
	138	129
	142	133
	18	20
	146	137
	19	21
	147	138
	20	22
	21	23
	31	31
	32	32
	33	33
	36	36
	37	36
	39	36
	44	40
	45	40
	47	40
	53	45
	58	50
	59	51
	60	52
	61	53
	63	55
	66	58
	70	62
	72	63
	74	64
	75	65
	76	66
	77	67
	78	68
	80	69
	82	70
	83	71
	84	72
	88	76
	89	77
	93	81
	94	82
	95	83
	96	90
	98	85
	99	86
	100	87
	102	90
	106	94
	107	95
	108	96
	110	99
	111	100
	112	101
	113	102
	114	103
	115	104
	118	108
	122	112
	123	113
	126	116
	127	117
net/minecraft/client/resources/model/ModelState	11	14
	7	10
	11	14
net/minecraft/client/model/ColorableHierarchicalModel	19	21
	18	20
	19	21
	10	12
	13	15
	14	16
net/minecraft/client/sounds/SoundEngine	553	487
	512	450
	513	451
	516	454
	517	458
	520	455
	521	456
	522	458
	525	461
	526	462
	527	463
	528	464
	532	467
	533	468
	535	470
	536	471
	537	472
	542	476
	545	479
	549	483
	41	44
	553	487
	42	45
	48	51
	58	55
	89	77
	90	78
	91	79
	92	80
	95	83
	96	85
	97	86
	98	87
	99	88
	100	89
	101	90
	105	95
	106	96
	107	97
	110	100
	111	113
	115	102
	116	103
	117	104
	118	105
	119	106
	120	107
	121	108
	122	109
	123	110
	125	113
	128	116
	129	116
	132	116
	136	120
	137	136
	140	121
	141	122
	142	136
	145	124
	146	125
	148	126
	149	127
	150	128
	152	130
	154	132
	155	133
	156	136
	159	139
	160	140
	161	141
	162	142
	163	143
	165	145
	168	148
	169	149
	171	151
	174	154
	175	155
	176	156
	177	157
	180	160
	183	163
	184	164
	185	165
	186	166
	187	167
	188	168
	189	169
	190	170
	191	171
	192	172
	194	174
	197	177
	198	178
	201	181
	202	182
	210	185
	211	186
	212	187
	215	190
	216	191
	217	192
	218	193
	220	194
	221	195
	222	196
	223	197
	224	198
	225	199
	226	200
	229	202
	230	203
	231	204
	234	207
	235	208
	239	212
	243	216
	244	217
	246	220
	247	221
	249	224
	250	225
	253	228
	255	229
	256	230
	259	232
	260	233
	261	234
	263	237
	265	238
	266	239
	268	241
	269	242
	270	243
	271	244
	272	245
	273	246
	274	247
	275	248
	276	249
	277	250
	283	255
	284	257
	285	258
	287	259
	288	260
	289	261
	291	262
	292	263
	293	264
	297	265
	298	266
	299	267
	300	268
	301	269
	303	272
	304	273
	305	274
	308	277
	309	278
	313	281
	314	282
	320	288
	321	290
	322	291
	324	292
	325	293
	328	294
	329	295
	332	298
	333	299
	336	302
	339	305
	343	309
	347	313
	351	317
	352	318
	355	320
	356	321
	359	322
	363	327
	364	415
	367	328
	368	415
	371	329
	372	330
	373	331
	374	332
	375	333
	378	415
	384	336
	386	337
	387	415
	390	338
	391	339
	392	340
	394	415
	397	343
	398	344
	400	345
	401	346
	402	347
	404	348
	405	349
	407	350
	408	351
	409	415
	412	353
	414	354
	415	355
	416	357
	417	358
	421	362
	422	363
	423	415
	426	365
	427	366
	429	367
	430	369
	431	370
	432	371
	433	372
	435	415
	438	375
	440	376
	441	377
	442	378
	444	379
	445	380
	446	381
	447	382
	448	383
	450	385
	453	388
	454	389
	455	390
	456	391
	458	392
	459	393
	460	393
	461	393
	462	394
	463	395
	464	396
	466	398
	467	398
	468	398
	469	399
	470	400
	471	401
	474	404
	475	405
	477	415
	480	418
	481	419
	484	422
	485	423
	488	426
	492	430
	496	434
	500	438
	501	439
	503	441
	506	444
	507	445
	509	447
net/minecraft/client/model/ArmadilloModel	109	135
	65	75
	67	80
	69	85
	71	90
	73	95
	75	100
	77	105
	82	110
	87	114
	88	115
	89	116
	90	117
	91	118
	92	119
	93	120
	95	122
	96	123
	97	124
	34	35
	98	125
	35	36
	99	126
	36	37
	37	38
	101	127
	38	39
	102	128
	39	40
	40	41
	104	131
	41	42
	42	43
	106	132
	107	133
	108	134
	109	135
	47	46
	48	47
	50	48
	51	53
	53	57
	55	62
	57	63
	59	68
	61	69
	63	74
net/minecraft/client/model/TadpoleModel	59	54
	32	33
	33	33
	34	33
	36	35
	37	36
	38	36
	39	36
	42	38
	47	43
	19	21
	20	22
	52	48
	21	23
	22	24
	25	27
	57	52
	26	28
	58	53
	59	54
	28	29
	29	30
	30	31
	31	32
com/mojang/blaze3d/pipeline/RenderCall	0	0
net/minecraft/client/multiplayer/ClientConfigurationPacketListenerImpl	151	165
	67	66
	68	67
	72	70
	73	71
	137	153
	74	72
	138	154
	139	155
	78	75
	79	76
	143	158
	80	77
	144	159
	84	80
	148	163
	85	81
	150	164
	151	165
	89	84
	90	85
	91	86
	94	89
	95	90
	96	91
	36	38
	100	94
	101	95
	104	98
	105	99
	108	107
	109	123
	110	119
	48	49
	49	50
	50	51
	51	52
	52	53
	116	127
	53	54
	117	129
	119	131
	57	57
	62	62
	63	63
net/minecraft/client/gui/components/spectator/SpectatorGui	160	146
	129	115
	130	116
	131	117
	134	120
	138	124
	139	126
	140	127
	143	130
	144	131
	145	132
	147	134
	20	21
	21	22
	150	137
	152	138
	153	139
	154	140
	155	141
	158	144
	31	31
	32	32
	160	146
	35	35
	37	36
	38	37
	40	39
	42	41
	45	44
	46	45
	50	49
	51	63
	54	50
	55	51
	56	52
	57	63
	60	54
	61	55
	62	56
	63	57
	65	58
	67	59
	69	60
	70	63
	73	66
	74	67
	75	68
	77	69
	78	70
	80	73
	82	75
	83	76
	86	79
	87	80
	90	83
	91	84
	93	85
	94	86
	96	87
	97	88
	98	89
	99	90
	101	91
	103	92
	104	93
	105	94
	108	97
	111	100
	113	101
	114	102
	115	103
	117	104
	118	105
	119	106
	120	107
	122	108
	125	111
net/minecraft/client/multiplayer/ServerData	181	163
	130	127
	134	131
	135	132
	138	152
	139	153
	140	154
	146	159
	19	20
	147	160
	150	163
	40	39
	41	40
	42	41
	170	136
	43	42
	172	138
	173	139
	46	45
	174	140
	47	46
	48	47
	176	142
	177	143
	50	48
	51	49
	181	147
	54	52
	55	53
	56	54
	57	55
	60	58
	64	62
	68	66
	69	67
	72	70
	74	71
	76	73
	77	74
	78	75
	79	76
	83	80
	84	81
	85	82
	87	84
	90	87
	93	90
	98	95
	102	99
	103	100
	106	103
	110	107
	114	111
	118	115
	119	116
	120	117
	121	118
	124	121
	125	122
	126	123
	127	124
net/minecraft/client/renderer/texture/TextureAtlas	186	175
	129	117
	130	118
	132	120
	135	123
	136	125
	137	126
	139	128
	143	132
	144	133
	146	135
	148	137
	151	140
	152	141
	153	142
	26	28
	155	144
	31	30
	159	149
	160	150
	162	151
	163	152
	36	32
	164	153
	165	154
	166	155
	169	158
	173	162
	177	166
	52	45
	53	46
	181	170
	54	47
	185	174
	186	175
	59	51
	63	54
	64	55
	65	56
	66	57
	67	58
	69	59
	71	60
	72	61
	73	62
	74	63
	77	66
	78	67
	80	69
	81	70
	84	73
	85	74
	86	75
	87	76
	89	77
	90	78
	92	79
	95	82
	96	83
	97	84
	101	88
	102	89
	113	90
	117	94
	118	95
	119	96
	120	97
	123	100
	124	102
	125	103
	126	104
	127	105
net/minecraft/client/particle/ParticleDescription	34	35
	16	18
	32	34
	17	19
	34	35
	20	22
	24	26
	25	27
	26	28
	29	31
	30	32
	31	33
net/minecraft/client/renderer/entity/SheepRenderer	20	21
	16	18
	20	21
	10	13
	13	16
	15	17
net/minecraft/client/color/block/package-info	0	0
net/minecraft/client/particle/VibrationSignalParticle	117	106
	24	24
	26	25
	28	26
	29	27
	31	28
	32	29
	33	30
	34	31
	35	32
	36	33
	37	34
	38	35
	40	37
	44	41
	45	42
	46	43
	48	44
	49	45
	50	46
	52	47
	53	48
	54	49
	58	53
	63	58
	68	63
	69	64
	70	65
	72	66
	73	67
	74	88
	77	69
	80	70
	81	71
	82	88
	85	73
	86	74
	88	75
	90	76
	91	77
	92	78
	94	79
	95	80
	96	81
	98	82
	99	83
	101	84
	102	85
	103	88
	109	95
	110	96
	114	102
	115	104
	116	105
	117	106
net/minecraft/client/gui/screens/ConfirmLinkScreen	122	119
	15	17
	16	18
	21	23
	22	24
	25	27
	26	28
	29	31
	30	32
	33	35
	34	36
	37	39
	39	40
	40	41
	41	42
	42	43
	43	44
	46	47
	50	51
	56	56
	57	57
	58	58
	59	59
	60	60
	61	61
	62	62
	65	65
	66	66
	70	70
	72	71
	73	72
	75	74
	78	77
	79	78
	81	79
	82	80
	84	83
	85	84
	87	85
	90	88
	91	89
	93	90
	94	91
	96	94
	97	95
	99	96
	102	99
	103	100
	106	103
	107	104
	110	107
	114	111
	118	115
	122	119
net/minecraft/client/renderer/blockentity/CampfireRenderer	47	45
	34	33
	35	34
	37	35
	38	36
	39	37
	40	38
	41	39
	42	40
	44	41
	45	42
	47	45
	20	22
	21	23
	25	26
	27	27
	28	28
	29	30
	30	31
	31	32
net/minecraft/client/gui/screens/LoadingOverlay	195	183
	128	120
	129	121
	130	122
	131	123
	133	124
	135	125
	136	126
	138	127
	139	128
	142	131
	143	132
	146	135
	148	137
	149	138
	150	139
	151	140
	153	143
	154	144
	156	145
	30	31
	31	32
	159	148
	32	33
	34	34
	162	151
	163	152
	164	153
	167	154
	169	155
	170	156
	171	157
	172	158
	173	159
	177	163
	182	169
	55	54
	183	170
	56	55
	57	56
	58	57
	59	58
	187	174
	188	175
	189	176
	62	61
	190	177
	63	62
	192	180
	193	181
	66	65
	194	182
	195	183
	71	70
	72	71
	73	72
	75	73
	76	74
	79	77
	80	78
	83	80
	84	81
	85	82
	87	85
	88	86
	89	87
	90	88
	91	89
	92	90
	94	93
	95	94
	96	95
	98	97
	99	98
	100	99
	101	100
	104	101
	105	102
	106	103
	109	106
	110	107
	112	108
	113	109
	114	110
	115	111
	117	112
	118	113
	120	114
	121	115
	123	116
	124	117
	125	118
	126	119
net/minecraft/client/renderer/debug/RaidDebugRenderer	57	53
	33	30
	35	32
	36	33
	37	34
	40	37
	43	40
	44	41
	45	42
	46	43
	49	46
	50	47
	51	48
	53	49
	54	50
	24	21
	25	22
	57	53
	28	25
	29	26
net/minecraft/client/model/BoatModel	147	130
	130	115
	135	120
	139	124
	141	125
	142	126
	144	127
	145	128
	147	130
	29	32
	30	33
	31	34
	33	35
	34	36
	37	39
	38	40
	39	41
	40	42
	41	43
	42	44
	43	45
	48	49
	52	53
	53	54
	54	55
	55	56
	57	57
	59	58
	60	60
	61	60
	62	61
	64	63
	65	65
	66	65
	67	66
	69	68
	70	70
	71	70
	72	71
	74	73
	75	75
	76	75
	77	76
	79	78
	80	79
	81	79
	82	79
	85	81
	86	82
	87	83
	88	84
	90	85
	91	87
	92	87
	93	87
	94	87
	95	88
	97	90
	98	92
	99	92
	100	92
	101	92
	102	93
	104	95
	105	97
	106	97
	107	97
	108	98
	110	100
	113	103
	114	104
	116	105
	119	106
	124	110
	125	111
	126	112
net/minecraft/client/renderer/blockentity/BlockEntityRenderDispatcher	126	127
	65	70
	66	71
	67	78
	71	72
	72	78
	75	73
	76	78
	79	74
	80	78
	84	83
	85	85
	86	86
	88	88
	90	91
	91	92
	94	95
	95	96
	96	97
	98	100
	99	101
	104	106
	105	107
	106	108
	43	48
	107	109
	44	49
	45	50
	109	110
	46	51
	47	52
	111	111
	48	53
	113	113
	116	116
	53	57
	117	117
	118	118
	120	120
	57	61
	58	62
	60	65
	124	124
	61	66
	125	126
	62	67
	126	127
net/minecraft/client/renderer/entity/ItemFrameRenderer	157	154
	129	127
	134	132
	139	136
	144	140
	145	148
	148	144
	149	145
	151	146
	156	153
	157	154
	30	32
	31	33
	33	34
	34	35
	43	42
	44	43
	45	44
	46	45
	50	48
	51	49
	53	50
	58	54
	59	55
	61	56
	63	57
	65	58
	67	59
	68	60
	70	61
	71	62
	73	63
	74	64
	75	65
	76	66
	77	67
	79	68
	80	69
	81	70
	82	83
	85	86
	86	87
	88	88
	89	89
	91	91
	94	94
	95	95
	97	96
	98	97
	99	98
	100	99
	101	100
	103	101
	104	102
	105	103
	106	104
	107	105
	110	108
	112	109
	113	110
	117	115
	118	116
	121	119
	125	123
	126	124
	127	125
net/minecraft/client/gui/screens/reporting/package-info	0	0
net/minecraft/client/player/inventory/Hotbar	81	80
	64	61
	65	62
	66	63
	68	66
	69	67
	72	70
	73	71
	74	72
	77	76
	81	80
	24	26
	26	27
	28	28
	29	28
	31	29
	32	30
	33	30
	41	34
	42	35
	45	38
	46	39
	49	42
	50	44
	51	46
	52	47
	53	48
	55	50
	59	54
	60	55
	61	57
	62	58
	63	59
net/minecraft/client/gui/screens/worldselection/WorldSelectionList	592	639
	512	565
	513	566
	514	567
	516	568
	517	569
	518	571
	519	573
	520	575
	521	576
	526	582
	528	599
	529	600
	530	601
	531	602
	532	603
	533	605
	534	607
	535	608
	536	609
	539	613
	542	616
	543	617
	546	620
	547	621
	548	622
	549	623
	550	624
	551	625
	552	626
	555	629
	557	631
	561	635
	562	636
	565	639
	570	266
	575	270
	576	271
	66	71
	68	72
	580	275
	69	73
	581	276
	70	74
	582	277
	71	75
	72	76
	584	278
	73	77
	585	279
	74	78
	586	280
	75	79
	587	281
	76	80
	588	282
	78	81
	79	82
	80	83
	592	286
	81	84
	82	85
	83	86
	84	87
	85	88
	97	99
	98	100
	100	101
	102	102
	103	103
	104	104
	106	106
	108	109
	109	110
	113	114
	114	115
	115	116
	120	121
	121	122
	122	123
	128	128
	129	129
	133	133
	134	134
	135	135
	136	136
	137	137
	138	138
	140	141
	143	145
	148	150
	150	151
	151	152
	153	155
	154	156
	157	159
	158	160
	160	162
	162	165
	163	166
	166	169
	167	170
	169	173
	170	174
	175	179
	176	180
	177	181
	178	182
	179	183
	182	186
	183	187
	184	188
	187	190
	188	190
	189	191
	190	192
	195	198
	196	199
	197	201
	198	202
	199	203
	203	207
	204	208
	207	211
	211	215
	212	216
	213	217
	214	218
	217	221
	218	222
	219	223
	222	226
	223	227
	227	231
	232	235
	233	236
	234	237
	237	240
	238	241
	239	241
	241	241
	245	245
	250	250
	251	251
	252	255
	254	253
	255	255
	260	261
	276	303
	277	304
	278	305
	279	306
	280	307
	282	308
	284	309
	285	310
	288	313
	289	336
	292	315
	293	316
	294	317
	295	318
	296	319
	297	320
	299	322
	302	326
	303	327
	305	329
	306	330
	307	331
	308	332
	309	333
	311	336
	315	340
	316	342
	317	342
	318	342
	320	344
	321	345
	323	348
	324	349
	326	352
	331	357
	332	358
	333	359
	334	360
	335	361
	338	364
	339	365
	342	368
	344	369
	345	370
	346	371
	348	372
	349	373
	350	374
	352	375
	353	376
	354	377
	356	378
	357	379
	358	380
	359	381
	360	382
	361	383
	362	384
	363	385
	364	386
	367	389
	368	390
	369	391
	370	392
	372	394
	373	395
	374	396
	375	397
	377	399
	378	400
	379	401
	380	402
	382	404
	383	405
	384	406
	385	407
	386	408
	387	409
	389	414
	390	415
	391	416
	392	417
	396	424
	399	427
	403	431
	404	432
	406	435
	408	436
	409	441
	410	442
	411	443
	413	446
	416	437
	417	438
	421	450
	425	454
	426	464
	429	455
	430	456
	431	464
	434	458
	435	459
	436	460
	437	461
	438	464
	441	468
	443	471
	444	472
	445	473
	447	476
	448	477
	449	478
	450	479
	451	480
	454	484
	457	487
	458	488
	460	495
	461	494
	462	510
	463	511
	464	512
	466	515
	467	516
	470	519
	471	520
	474	524
	475	525
	476	526
	477	527
	478	528
	479	529
	480	530
	481	531
	482	532
	483	533
	487	538
	489	539
	490	540
	491	541
	493	544
	494	545
	496	546
	497	547
	498	548
	499	549
	500	550
	501	551
	503	554
	504	555
	507	558
	508	584
	509	561
	511	564
net/minecraft/client/renderer/RenderStateShard	579	643
	513	300
	515	301
	516	302
	517	303
	519	305
	520	306
	521	307
	523	309
	525	310
	526	311
	527	312
	529	314
	530	315
	531	316
	533	318
	539	460
	540	461
	541	462
	542	463
	31	329
	32	330
	544	465
	33	331
	34	332
	547	468
	548	469
	37	335
	549	470
	38	336
	551	472
	552	473
	41	339
	553	474
	42	340
	557	478
	46	344
	561	319
	51	610
	52	611
	565	374
	566	375
	55	29
	56	29
	569	321
	57	29
	570	321
	571	321
	60	32
	61	33
	574	323
	62	34
	63	35
	575	324
	64	36
	576	325
	65	37
	577	326
	66	38
	578	326
	579	326
	68	41
	69	42
	70	43
	71	44
	72	45
	73	46
	74	47
	76	50
	77	52
	78	54
	79	56
	80	58
	81	59
	82	60
	84	63
	85	65
	86	67
	87	69
	88	71
	89	72
	90	73
	92	76
	93	78
	94	80
	95	85
	96	87
	97	88
	98	89
	104	557
	105	557
	106	557
	108	558
	109	559
	112	562
	113	562
	114	562
	116	563
	117	564
	121	568
	183	421
	184	422
	187	425
	188	426
	191	429
	199	487
	200	488
	201	490
	202	491
	203	492
	204	493
	206	495
	207	496
	208	497
	212	501
	216	505
	223	513
	224	514
	228	518
	239	579
	240	580
	241	581
	242	582
	243	583
	245	584
	246	585
	247	586
	248	587
	252	591
	257	596
	261	227
	262	228
	267	603
	268	604
	271	230
	278	526
	279	526
	280	526
	281	526
	282	526
	284	527
	288	348
	289	349
	290	350
	293	351
	296	352
	297	353
	298	354
	300	232
	301	232
	302	232
	303	232
	304	233
	306	235
	307	235
	308	235
	309	235
	310	236
	316	361
	317	362
	318	363
	322	367
	328	443
	329	444
	330	445
	332	447
	333	448
	334	449
	336	451
	337	452
	340	237
	341	238
	345	540
	346	541
	347	542
	349	544
	350	545
	351	546
	353	548
	354	549
	357	239
	358	240
	362	381
	363	382
	364	383
	366	385
	367	386
	368	387
	370	389
	371	390
	374	241
	375	242
	381	398
	382	399
	383	400
	384	401
	386	403
	387	404
	388	405
	389	406
	391	408
	392	409
	393	410
	397	414
	401	243
	402	244
	403	245
	404	246
	411	620
	412	621
	413	622
	415	625
	416	626
	418	628
	419	629
	420	630
	422	633
	423	634
	425	636
	426	637
	427	638
	428	639
	432	643
	436	247
	437	248
	438	249
	442	436
	443	437
	446	250
	450	251
	451	252
	452	253
	453	254
	454	255
	455	256
	456	257
	458	258
	459	259
	460	260
	461	261
	462	262
	463	263
	464	264
	465	265
	466	266
	467	267
	471	533
	472	534
	475	268
	479	270
	480	271
	481	271
	482	272
	483	273
	485	274
	486	275
	487	276
	489	278
	490	279
	491	280
	493	282
	495	283
	496	284
	497	285
	499	287
	500	288
	501	289
	503	291
	505	292
	506	293
	507	294
	509	296
	510	297
	511	298
net/minecraft/client/gui/screens/ShareToLanScreen	122	119
	21	23
	22	24
	23	25
	24	26
	25	27
	26	28
	37	38
	38	39
	39	40
	43	44
	44	45
	45	46
	46	47
	47	49
	48	50
	49	51
	51	54
	53	56
	54	57
	57	59
	58	60
	60	62
	63	65
	64	66
	65	67
	67	68
	68	69
	69	70
	70	71
	71	72
	72	73
	73	74
	74	75
	76	77
	77	78
	78	79
	80	81
	81	82
	82	83
	83	84
	84	85
	85	86
	89	90
	90	91
	94	95
	95	96
	96	97
	99	101
	101	102
	102	103
	103	105
	104	105
	106	105
	108	107
	109	108
	110	109
	117	115
	119	116
	120	117
	121	118
	122	119
net/minecraft/client/gui/screens/inventory/LoomScreen	279	285
	257	264
	258	265
	259	266
	261	267
	262	268
	264	269
	265	270
	268	273
	269	274
	272	277
	273	278
	274	279
	276	282
	277	283
	278	284
	279	285
	34	35
	35	36
	36	37
	37	38
	38	39
	39	40
	40	41
	41	42
	42	43
	43	44
	69	66
	70	67
	71	68
	72	69
	76	73
	77	74
	78	75
	82	79
	83	80
	84	81
	87	84
	92	89
	93	90
	94	91
	96	92
	97	93
	98	94
	99	95
	100	96
	101	97
	103	100
	104	101
	106	104
	107	105
	110	108
	111	109
	112	110
	114	111
	115	112
	116	113
	117	114
	118	115
	119	116
	120	117
	121	118
	122	119
	123	120
	124	121
	125	123
	126	133
	127	134
	128	135
	129	136
	131	139
	132	140
	133	141
	135	142
	137	145
	138	146
	139	147
	140	148
	141	149
	145	153
	146	154
	148	155
	150	157
	151	158
	152	159
	153	160
	155	162
	157	165
	158	166
	162	171
	163	172
	166	175
	167	176
	168	177
	169	178
	170	179
	171	180
	172	181
	173	182
	175	183
	176	184
	178	185
	179	185
	180	185
	182	187
	184	189
	185	190
	186	191
	190	195
	191	196
	192	197
	193	198
	195	200
	196	201
	197	202
	198	203
	199	204
	200	205
	201	206
	202	207
	203	208
	204	209
	209	214
	210	215
	211	216
	212	217
	216	221
	221	226
	222	227
	223	228
	224	229
	225	230
	226	231
	227	232
	228	233
	230	235
	235	241
	236	242
	237	243
	238	244
	239	245
	241	248
	246	253
	250	257
	251	258
	252	259
	254	261
net/minecraft/realms/DisconnectedRealmsScreen	49	53
	32	36
	36	40
	41	45
	42	46
	46	50
	47	51
	48	52
	49	53
	18	21
	19	22
	20	23
	21	24
	25	28
	27	29
	28	30
	30	31
	31	32
net/minecraft/client/resources/model/WeightedBakedModel	89	91
	32	35
	33	36
	68	71
	38	41
	72	76
	43	46
	75	79
	76	80
	78	83
	48	51
	83	88
	84	89
	53	56
	86	91
	87	91
	24	27
	25	28
	89	91
	26	29
	58	61
	27	30
	31	34
	63	66
net/minecraft/client/gui/screens/advancements/AdvancementWidgetType	41	48
	34	41
	38	45
	7	11
	39	46
	8	11
	40	47
	9	12
	41	48
	10	13
	11	14
	13	17
	14	17
	15	18
	16	19
	17	20
	27	34
	28	35
	29	36
	30	37
	31	38
net/minecraft/client/renderer/ShaderInstance	509	474
	49	49
	54	53
	116	98
	117	99
	118	100
	121	102
	122	103
	124	104
	125	105
	127	106
	128	107
	129	108
	130	110
	132	112
	133	113
	134	114
	135	115
	136	116
	138	119
	142	123
	143	124
	144	125
	145	127
	147	129
	148	130
	149	131
	150	132
	151	133
	153	136
	157	140
	158	141
	160	142
	162	143
	163	145
	164	146
	165	147
	168	150
	170	151
	171	152
	172	153
	173	154
	174	155
	177	158
	179	159
	180	160
	181	161
	183	162
	185	163
	186	164
	187	165
	189	166
	190	167
	191	168
	192	169
	193	170
	195	171
	197	172
	199	173
	200	174
	204	177
	205	179
	206	180
	207	181
	208	183
	209	184
	210	185
	215	190
	217	191
	218	192
	221	195
	222	197
	223	198
	224	199
	225	200
	226	201
	232	207
	235	210
	240	215
	241	216
	243	219
	244	220
	248	223
	249	224
	250	225
	251	226
	253	227
	256	229
	257	230
	261	231
	262	232
	265	236
	266	237
	270	240
	278	241
	280	242
	282	243
	283	244
	284	245
	287	248
	289	250
	290	251
	292	252
	296	253
	297	254
	299	255
	300	256
	301	257
	302	258
	303	259
	304	260
	305	261
	306	262
	307	263
	309	266
	312	267
	315	272
	317	274
	318	275
	320	277
	324	281
	325	282
	329	286
	330	287
	334	291
	335	292
	339	296
	340	297
	341	299
	342	300
	343	301
	344	302
	345	303
	346	304
	347	305
	350	307
	354	311
	355	312
	356	313
	359	316
	360	317
	361	318
	362	319
	363	320
	366	322
	367	323
	368	324
	370	327
	373	330
	374	331
	376	332
	378	333
	379	334
	380	338
	382	336
	383	338
	386	341
	387	342
	388	343
	391	346
	392	347
	393	348
	394	349
	395	350
	397	351
	398	352
	399	353
	402	356
	403	358
	405	360
	406	361
	407	362
	408	363
	409	364
	411	367
	415	370
	416	373
	417	372
	421	377
	422	378
	424	379
	426	380
	427	381
	429	382
	432	384
	435	387
	436	388
	440	392
	445	397
	450	402
	451	403
	452	404
	455	407
	459	411
	464	416
	468	420
	469	421
	470	422
	472	425
	473	426
	475	429
	476	430
	478	433
	479	434
	481	437
	482	438
	484	441
	485	442
	487	445
	488	446
	490	449
	491	450
	493	453
	494	454
	496	457
	497	458
	499	461
	500	462
	502	465
	503	466
	505	469
	506	470
	508	473
	509	474
net/minecraft/client/searchtree/IdSearchTree	41	38
	18	20
	19	21
	35	32
	20	22
	21	23
	39	36
	40	37
	41	38
	27	27
	28	28
	29	28
	31	28
net/minecraft/client/model/geom/builders/PartDefinition	43	51
	33	41
	34	43
	36	44
	37	45
	38	46
	39	47
	43	51
	19	22
	20	23
	21	24
	24	27
	25	28
	26	29
	27	30
	29	33
net/minecraft/client/sounds/FiniteAudioStream	0	0
net/minecraft/client/telemetry/TelemetryPropertyMap	110	118
	66	73
	74	80
	79	85
	83	89
	20	22
	21	23
	24	26
	90	97
	28	30
	93	100
	94	101
	31	32
	32	34
	33	35
	98	105
	35	38
	99	106
	101	109
	39	44
	40	45
	41	45
	105	113
	106	114
	43	45
	110	118
	48	50
	49	52
	50	53
	52	56
	56	62
	57	63
	58	64
	59	65
	61	67
net/minecraft/client/Minecraft	3095	2913
	2050	1905
	2051	1906
	2052	1907
	2053	1908
	2055	1910
	2056	1911
	2057	1912
	2059	1915
	2063	1919
	2064	1920
	2065	1921
	2067	1923
	2068	1924
	2071	1928
	2072	1929
	2074	1932
	2075	1933
	2076	1934
	2079	1943
	2080	1944
	2081	1944
	2082	1945
	2087	1949
	2088	1950
	2090	1953
	2091	1954
	2094	1957
	2095	1958
	2096	1959
	2097	1960
	2100	1963
	2102	1966
	2104	1969
	2107	1972
	2108	1973
	2110	1976
	2111	1977
	2113	1980
	2114	1981
	2118	1985
	2119	1986
	2122	1989
	2123	1990
	2126	1993
	2130	1997
	2134	2001
	2138	2005
	2142	2009
	2143	2010
	2144	2011
	2147	2014
	2148	2015
	2149	2016
	2150	2017
	2151	2018
	2153	2020
	2154	2021
	2155	2022
	2156	2023
	2158	2026
	2159	2027
	2160	2028
	2161	2029
	2162	2030
	2163	2031
	2165	2032
	2166	2033
	2168	2034
	2171	2037
	2172	2038
	2174	2041
	2176	2042
	2177	2043
	2178	2045
	2179	2046
	2180	2047
	2182	2050
	2183	2051
	2185	2045
	2187	2055
	2188	2056
	2190	2057
	2191	2058
	2192	2059
	2193	2060
	2197	2062
	2198	2063
	2199	2064
	2202	2067
	2203	2068
	2204	2069
	2206	2070
	2207	2071
	2208	2072
	2209	2073
	2210	2074
	2212	2076
	2215	2079
	2216	2080
	2219	2083
	2220	2084
	2225	2087
	2226	2088
	2227	2089
	2228	2090
	2229	2091
	2230	2092
	2233	2096
	2235	2097
	2236	2098
	2239	2101
	2240	2102
	2242	2103
	2243	2104
	2245	2105
	2246	2106
	2248	2109
	2250	2110
	2251	2111
	2252	2112
	2253	2114
	2254	2115
	2256	2118
	2258	2121
	2259	2122
	2262	2125
	2263	2126
	2264	2127
	2266	2129
	2267	2132
	2268	2133
	2272	2136
	2274	2137
	2275	2138
	2278	2141
	2279	2142
	2280	2143
	2283	2146
	2284	2147
	2287	2150
	2288	2151
	2290	2152
	2291	2153
	2293	2156
	2297	2157
	2298	2158
	2299	2159
	2300	2160
	2302	2162
	255	259
	2303	2165
	256	260
	2304	2166
	259	262
	260	263
	2308	2169
	261	264
	2309	2170
	262	265
	263	266
	2311	2171
	2312	2172
	265	267
	2314	2173
	2315	2174
	2316	2175
	2317	2176
	2320	2179
	2321	2180
	2322	2181
	2323	2182
	2324	2183
	2327	2186
	2328	2187
	2329	2188
	2330	2189
	2331	2190
	2334	2193
	2338	2197
	2342	2201
	2346	2205
	2347	2205
	2349	2205
	2353	2209
	2354	2209
	2355	2209
	2356	2209
	2360	2213
	2365	2218
	2369	2222
	2370	2223
	2375	2227
	2376	2229
	2378	2228
	2382	2233
	2383	2234
	2385	2235
	2386	2236
	2388	2238
	2389	2238
	2391	2238
	2395	2243
	2400	2248
	2404	2252
	2408	2256
	2412	2260
	2416	2264
	2420	2268
	2421	2329
	2424	2269
	2425	2270
	2428	2271
	2429	2273
	2430	2274
	2432	2275
	2434	2276
	2435	2277
	2438	2280
	2439	2281
	2440	2282
	2441	2283
	2444	2286
	2445	2287
	2447	2290
	2448	2294
	2449	2295
	2450	2296
	2451	2297
	405	384
	2454	2291
	2457	2301
	2458	2302
	2459	2303
	2460	2304
	2461	2305
	2462	2306
	2464	2309
	2465	2329
	2468	2311
	2469	2312
	2470	2313
	2473	2316
	2474	2317
	2476	2318
	430	404
	2478	2319
	431	405
	2479	2320
	2480	2321
	433	406
	2481	2322
	435	407
	2483	2324
	436	408
	437	409
	438	410
	2486	2329
	439	411
	441	412
	442	413
	2490	2332
	2491	2333
	444	414
	445	415
	446	417
	2494	2334
	447	419
	2495	2335
	2496	2336
	449	422
	450	423
	451	424
	2499	2339
	452	425
	2500	2340
	453	426
	2501	2341
	454	427
	455	428
	2503	2342
	456	429
	2504	2343
	458	431
	459	432
	2507	2346
	460	433
	2508	2347
	461	434
	463	436
	2511	2350
	2512	2351
	465	437
	466	438
	468	439
	2516	2357
	469	440
	2517	2358
	470	441
	2518	2359
	472	442
	2521	2362
	474	443
	475	444
	476	445
	477	446
	479	447
	2527	2366
	481	448
	2529	2367
	483	449
	2531	2368
	484	450
	485	451
	2533	2369
	2534	2370
	487	452
	2537	2375
	490	454
	2538	2376
	491	456
	2539	2377
	2540	2378
	2542	2381
	2543	2382
	2544	2383
	2545	2384
	499	463
	2547	2385
	2548	2386
	2549	2387
	502	466
	2550	2388
	504	467
	2552	2389
	505	468
	2553	2390
	506	469
	2554	2391
	2555	2392
	508	470
	2556	2393
	2557	2394
	511	473
	512	474
	2560	2398
	513	475
	2561	2399
	2563	2402
	516	478
	2564	2403
	518	479
	519	480
	2567	2406
	2568	2407
	521	481
	522	482
	2570	2410
	2571	2411
	524	483
	2572	2412
	2573	2413
	526	484
	2574	2414
	527	485
	528	486
	530	487
	2578	2418
	532	488
	533	489
	2582	2422
	535	490
	536	491
	537	492
	2586	2426
	539	494
	2587	2427
	540	495
	2589	2429
	542	496
	543	497
	545	498
	2593	2433
	547	499
	548	500
	2597	2437
	550	501
	551	502
	553	503
	2601	2441
	554	504
	556	505
	558	506
	2606	2446
	559	507
	560	508
	561	509
	562	510
	2610	2450
	2611	2451
	564	511
	565	512
	567	513
	2615	2455
	569	514
	571	515
	2619	2459
	573	516
	574	517
	2623	2463
	576	518
	2624	2464
	577	519
	2625	2464
	579	520
	2627	2464
	580	521
	582	522
	583	525
	2631	2468
	585	526
	586	527
	2635	2472
	588	528
	589	529
	2639	2476
	592	532
	593	533
	594	534
	595	535
	2643	2480
	596	537
	2647	2484
	603	544
	2651	2488
	606	547
	2655	2492
	608	548
	609	549
	611	550
	2659	2496
	612	553
	614	554
	615	555
	2663	2500
	617	556
	618	557
	2667	2504
	620	558
	621	559
	623	560
	2671	2508
	624	561
	626	562
	627	563
	2675	2512
	629	564
	630	565
	2679	2516
	632	566
	2680	2517
	633	567
	2681	2518
	635	568
	2683	2521
	636	569
	2684	2522
	2685	2523
	638	570
	2686	2523
	640	571
	2688	2523
	642	572
	644	573
	2692	2525
	2693	2526
	646	574
	2694	2531
	648	575
	2697	2527
	650	576
	2698	2528
	652	579
	653	584
	2701	2529
	654	585
	2704	2535
	657	588
	658	589
	659	590
	660	591
	2708	2540
	661	592
	664	595
	2712	2544
	665	596
	666	597
	668	598
	2717	2549
	670	599
	672	600
	673	601
	2721	2553
	2722	2554
	675	602
	2723	2555
	676	603
	678	604
	2726	2558
	679	605
	681	606
	683	607
	2731	2563
	687	608
	2736	2567
	689	609
	690	610
	691	611
	692	612
	2741	2571
	694	613
	695	614
	696	615
	697	616
	2745	2575
	698	617
	700	620
	701	621
	2749	2579
	702	622
	705	624
	2753	2583
	706	625
	709	628
	2757	2587
	710	629
	711	630
	713	632
	2761	2591
	716	635
	2765	2595
	718	636
	719	637
	720	638
	2769	2599
	722	639
	723	640
	2773	2603
	726	643
	2777	2607
	730	647
	731	648
	733	649
	2781	2611
	734	650
	735	651
	737	653
	2785	2615
	739	655
	741	657
	2789	2619
	742	658
	743	659
	2793	2623
	746	662
	2797	2627
	750	666
	751	667
	2801	2631
	754	670
	755	671
	756	678
	757	673
	2805	2635
	758	674
	760	677
	761	678
	2809	2639
	764	681
	765	682
	766	683
	2814	2644
	767	684
	2815	2645
	768	685
	769	686
	2818	2648
	771	689
	2819	2649
	772	690
	2820	2650
	2822	2651
	775	693
	2823	2652
	2824	2653
	2825	2654
	2826	2655
	779	697
	780	698
	781	699
	2829	2658
	2830	2659
	2832	2660
	2833	2661
	786	704
	2834	2663
	787	705
	2835	2664
	2837	2666
	790	708
	2838	2667
	791	709
	2839	2668
	792	710
	2841	2670
	794	713
	2842	2671
	795	714
	2843	2672
	797	715
	2845	2674
	798	716
	2846	2675
	799	717
	2847	2676
	800	718
	801	719
	2849	2678
	802	720
	2850	2679
	803	721
	2851	2680
	804	722
	805	723
	2853	2682
	806	726
	2854	2683
	2855	2684
	808	724
	2858	2687
	2859	2688
	812	730
	2862	2691
	2863	2692
	816	734
	817	735
	2865	2693
	2866	2694
	819	736
	2868	2697
	2869	2698
	823	740
	2871	2701
	2874	2704
	827	744
	2875	2706
	828	745
	2877	2707
	830	747
	2878	2708
	2879	2709
	832	749
	2880	2710
	2882	2712
	835	752
	2883	2713
	836	753
	2884	2714
	837	754
	2885	2715
	839	755
	2887	2716
	841	756
	2889	2717
	842	757
	2890	2718
	843	758
	2891	2719
	845	759
	2893	2720
	846	760
	2894	2721
	2896	2722
	849	763
	850	764
	851	765
	852	766
	854	769
	855	770
	2903	2728
	856	771
	2905	2729
	859	774
	2907	2730
	860	775
	2908	2731
	861	776
	2909	2732
	2911	2734
	864	779
	2912	2735
	2913	2736
	866	780
	867	781
	2915	2737
	2916	2738
	2917	2739
	2918	2740
	871	785
	2919	2741
	872	787
	2920	2742
	873	788
	2921	2743
	2922	2744
	2923	2745
	876	791
	2924	2746
	877	792
	878	793
	2926	2749
	879	794
	880	795
	2929	2752
	882	796
	2930	2753
	2931	2754
	884	797
	2932	2756
	885	798
	886	799
	2934	2757
	887	800
	2935	2758
	888	801
	2936	2759
	2937	2760
	890	802
	892	805
	893	806
	894	807
	2942	2765
	895	808
	896	809
	2947	2770
	900	812
	901	813
	902	814
	903	815
	2951	2774
	904	816
	905	817
	907	819
	2956	2779
	910	822
	911	823
	2960	2783
	914	826
	915	827
	916	828
	2964	2787
	919	831
	2968	2791
	923	835
	2972	2795
	927	839
	2976	2799
	2977	2800
	931	843
	932	844
	2980	2803
	2984	2807
	938	847
	939	848
	2988	2811
	942	851
	2990	2812
	2991	2813
	944	852
	946	854
	2995	2817
	949	857
	950	858
	951	859
	2999	2821
	952	860
	3003	2825
	956	863
	957	864
	959	865
	3007	2829
	3008	2830
	961	866
	963	867
	3011	2833
	966	870
	967	871
	3015	2837
	968	872
	969	873
	970	874
	971	875
	3019	2841
	973	877
	974	878
	3023	2845
	976	880
	979	883
	3027	2849
	983	887
	3031	2853
	3035	2857
	989	891
	990	892
	3039	2861
	992	895
	3040	2862
	993	896
	3041	2863
	994	897
	3042	2864
	995	898
	3045	2868
	999	901
	1000	902
	1001	903
	3049	2878
	1002	904
	3052	2881
	1005	907
	1006	911
	1007	912
	3055	2884
	1009	913
	1010	914
	3058	2887
	1012	916
	3061	2890
	1014	918
	1015	919
	1016	920
	3064	2893
	1017	921
	1018	922
	1019	923
	3067	2897
	1020	924
	3070	2901
	1023	928
	1027	932
	3075	2905
	1030	933
	1031	934
	3080	2909
	1033	936
	3081	2910
	1034	937
	1035	938
	1036	939
	3084	2913
	1037	940
	1038	941
	1039	942
	1046	948
	1047	950
	3095	2873
	1048	951
	1049	952
	1050	953
	1052	954
	1058	959
	1059	960
	1060	961
	1061	962
	1063	963
	1064	964
	1069	968
	1071	969
	1073	970
	1074	971
	1076	973
	1079	976
	1083	980
	1084	981
	1085	982
	1086	983
	1087	984
	1088	985
	1089	986
	1091	989
	1092	990
	1094	992
	1095	993
	1096	994
	1097	995
	1100	998
	1102	1000
	1105	1003
	1106	1004
	1109	1007
	1110	1008
	1112	1010
	1115	1013
	1116	1014
	1118	1017
	1119	1018
	1120	1019
	1121	1020
	1122	1021
	1124	1023
	1128	1027
	1129	1028
	1130	1029
	1134	1032
	1136	1033
	1137	1034
	1138	1035
	1143	1036
	1144	1037
	1146	1039
	1147	1040
	1150	1043
	1151	1044
	1154	1047
	1155	1048
	1159	1052
	1161	1055
	1162	1056
	1165	1060
	1166	1061
	1168	1064
	1169	1065
	1173	1068
	1174	1069
	1176	1072
	1178	1074
	1179	1075
	1180	1076
	1183	1079
	1187	1082
	1188	1083
	1191	1087
	1192	1088
	1193	1089
	1194	1090
	1195	1091
	1196	1092
	1197	1093
	1198	1094
	1199	1095
	1200	1096
	1201	1097
	1202	1098
	1203	1099
	1204	1100
	1205	1101
	1206	1102
	1207	1103
	1208	1104
	1209	1105
	1211	1107
	1212	1108
	1213	1110
	1218	1113
	1220	1114
	1221	1115
	1225	1118
	1226	1119
	1227	1120
	1228	1121
	1232	1125
	1233	1126
	1236	1129
	1238	1130
	1239	1131
	1240	1132
	1241	1133
	1243	1134
	1244	1136
	1245	1137
	1246	1138
	1248	1141
	1251	1144
	1253	1145
	1254	1146
	1255	1147
	1257	1148
	1259	1149
	1261	1151
	1262	1155
	1263	1156
	1264	1157
	1267	1152
	1268	1153
	1271	1161
	1273	1162
	1274	1163
	1276	1164
	1277	1165
	1279	1166
	1280	1167
	1281	1168
	1283	1169
	1284	1170
	1285	1171
	1286	1172
	1289	1175
	1290	1176
	1291	1177
	1292	1178
	1293	1179
	1294	1180
	1297	1183
	1298	1184
	1300	1185
	1301	1186
	1302	1187
	1303	1188
	1306	1191
	1307	1192
	1308	1193
	1309	1194
	1310	1195
	1313	1198
	1314	1199
	1315	1200
	1317	1201
	1318	1202
	1320	1203
	1321	1206
	1322	1207
	1324	1208
	1325	1209
	1326	1210
	1327	1211
	1329	1214
	1330	1215
	1332	1216
	1334	1217
	1335	1218
	1338	1221
	1340	1223
	1341	1224
	1343	1226
	1346	1229
	1347	1230
	1348	1233
	1349	1234
	1350	1235
	1351	1236
	1352	1237
	1353	1238
	1356	1241
	1357	1242
	1359	1245
	1360	1246
	1364	1249
	1365	1250
	1366	1251
	1367	1252
	1372	1257
	1373	1258
	1374	1259
	1375	1260
	1377	1263
	1378	1264
	1380	1266
	1383	1269
	1384	1270
	1387	1273
	1391	1277
	1392	1278
	1394	1281
	1395	1282
	1397	1284
	1399	1287
	1400	1288
	1404	1292
	1405	1293
	1407	1294
	1408	1295
	1411	1298
	1412	1299
	1413	1300
	1414	1301
	1415	1302
	1419	1306
	1420	1307
	1423	1310
	1427	1314
	1431	1318
	1432	1318
	1434	1318
	1440	1323
	1441	1324
	1442	1325
	1445	1329
	1446	1330
	1447	1331
	1449	1334
	1450	1335
	1452	1338
	1453	1339
	1456	1342
	1457	1343
	1458	1344
	1461	1347
	1462	1348
	1463	1357
	1466	1349
	1467	1350
	1469	1351
	1470	1352
	1472	1357
	1474	1358
	1475	1359
	1476	1360
	1477	1361
	1479	1362
	1480	1362
	1482	1363
	1484	1364
	1485	1365
	1486	1366
	1487	1367
	1488	1368
	1490	1370
	1491	1371
	1493	1373
	1495	1374
	1496	1375
	1497	1376
	1498	1377
	1499	1377
	1500	1377
	1503	1378
	1504	1379
	1506	1382
	1509	1383
	1512	1384
	1513	1385
	1514	1386
	1518	1388
	1522	1392
	1523	1393
	1524	1394
	1526	1396
	1529	1399
	1530	1400
	1531	1401
	1533	1403
	1539	1407
	1540	1408
	1542	1410
	1543	1411
	1547	1416
	1550	1416
	1552	1416
	1554	1417
	1555	1418
	1556	1419
	1557	1420
	1560	1424
	1561	1427
	1562	1428
	1563	1429
	1564	1440
	1565	1442
	1567	1444
	1568	1445
	1569	1446
	1574	1451
	1580	1455
	1581	1478
	1583	1456
	1584	1457
	1585	1478
	1588	1458
	1589	1459
	1590	1460
	1591	1461
	1592	1462
	1593	1463
	1597	1467
	1598	1468
	1599	1469
	1600	1470
	1602	1473
	1605	1478
	1608	1481
	1609	1482
	1611	1483
	1612	1484
	1614	1485
	1615	1486
	1617	1487
	1618	1488
	1619	1489
	1620	1490
	1621	1491
	1623	1492
	1624	1493
	1625	1494
	1627	1495
	1628	1497
	1629	1498
	1631	1499
	1632	1500
	1633	1501
	1634	1502
	1635	1504
	1636	1505
	1637	1506
	1638	1507
	1639	1508
	1641	1511
	1643	1512
	1644	1514
	1645	1515
	1646	1516
	1647	1517
	1648	1518
	1651	1519
	1652	1520
	1654	1524
	1655	1525
	1656	1526
	1659	1529
	1661	1532
	1662	1533
	1665	1534
	1666	1535
	1667	1536
	1668	1537
	1670	1540
	1671	1541
	1673	1543
	1675	1546
	1676	1547
	1678	1548
	1679	1549
	1682	1551
	1683	1552
	1684	1553
	1685	1554
	1686	1555
	1688	1557
	1691	1560
	1692	1561
	1693	1562
	1694	1563
	1695	1564
	1696	1565
	1699	1568
	1700	1569
	1701	1570
	1704	1573
	1705	1574
	1708	1577
	1712	1581
	1713	1590
	1716	1582
	1717	1583
	1718	1584
	1719	1585
	1721	1587
	1723	1590
	1726	1593
	1727	1594
	1729	1597
	1730	1612
	1733	1598
	1734	1599
	1735	1600
	1737	1601
	1738	1602
	1739	1603
	1740	1604
	1741	1605
	1744	1612
	1747	1609
	1748	1612
	1751	1615
	1752	1616
	1755	1619
	1756	1620
	1757	1621
	1758	1622
	1760	1625
	1763	1627
	1764	1628
	1767	1631
	1768	1632
	1769	1633
	1772	1636
	1773	1637
	1775	1639
	1776	1640
	1778	1642
	1779	1643
	1781	1644
	1782	1645
	1783	1646
	1784	1647
	1790	1652
	1791	1653
	1793	1656
	1798	1659
	1799	1660
	1803	1665
	1804	1735
	1807	1666
	1809	1667
	1810	1735
	1813	1668
	1814	1669
	1817	1672
	1822	1673
	1823	1674
	1824	1675
	1827	1678
	1828	1679
	1830	1681
	1831	1682
	1832	1683
	1833	1684
	1835	1687
	1836	1688
	1837	1689
	1840	1692
	1841	1693
	1842	1694
	1844	1697
	1849	1701
	1851	1702
	1852	1703
	1853	1704
	1854	1705
	1855	1706
	1858	1707
	1859	1708
	1863	1712
	1864	1715
	1865	1716
	1871	1721
	1872	1722
	1873	1723
	1874	1724
	1875	1725
	1878	1728
	1879	1729
	1883	1735
	1886	1738
	1890	1742
	1892	1743
	1893	1744
	1895	1747
	1896	1748
	1899	1751
	1900	1752
	1901	1753
	1902	1754
	1903	1755
	1904	1756
	1906	1757
	1907	1758
	1908	1759
	1910	1762
	1911	1763
	1912	1764
	1915	1767
	1916	1771
	1917	1772
	1918	1773
	1919	1774
	1921	1768
	1922	1769
	1925	1777
	1926	1778
	1929	1781
	1930	1782
	1932	1785
	1933	1786
	1936	1789
	1937	1790
	1938	1791
	1940	1792
	1941	1793
	1945	1797
	1946	1798
	1947	1799
	1948	1800
	1950	1803
	1951	1804
	1952	1805
	1954	1808
	1955	1809
	1956	1810
	1958	1812
	1959	1813
	1963	1816
	1964	1817
	1966	1820
	1968	1821
	1969	1822
	1970	1823
	1971	1824
	1972	1825
	1973	1826
	1975	1827
	1976	1828
	1977	1829
	1980	1832
	1983	1835
	1984	1836
	1985	1837
	1986	1838
	1987	1839
	1988	1840
	1990	1842
	1992	1845
	1995	1849
	1996	1850
	1997	1851
	1999	1854
	2000	1855
	2001	1856
	2003	1858
	2004	1859
	2005	1860
	2008	1863
	2009	1864
	2011	1865
	2012	1866
	2015	1869
	2019	1873
	2023	1877
	2024	1878
	2025	1879
	2026	1880
	2027	1881
	2029	1884
	2032	1887
	2033	1888
	2036	1891
	2037	1892
	2038	1893
	2039	1894
	2040	1895
	2041	1896
	2042	1897
	2043	1900
	2045	1898
net/minecraft/client/resources/sounds/BeeFlyingSoundInstance	19	22
	19	22
	9	12
	10	13
	14	17
net/minecraft/client/ToggleKeyMapping	28	30
	17	19
	18	20
	19	21
	22	24
	24	26
	11	13
	27	29
	12	14
	28	30
	13	15
net/minecraft/client/model/TurtleModel	121	110
	23	24
	24	25
	25	26
	28	29
	29	30
	31	31
	32	32
	33	32
	34	32
	36	34
	37	36
	38	37
	39	39
	40	41
	42	43
	43	45
	44	45
	45	46
	47	48
	48	49
	49	50
	50	50
	51	50
	53	52
	54	53
	55	53
	56	53
	58	55
	59	56
	60	56
	61	56
	63	58
	64	59
	65	59
	66	59
	69	61
	74	66
	79	70
	81	71
	82	72
	83	73
	84	74
	85	75
	86	76
	87	77
	88	78
	89	79
	90	80
	92	81
	93	82
	94	83
	95	84
	97	85
	98	86
	99	87
	100	88
	101	89
	102	90
	103	91
	104	92
	107	95
	108	96
	112	100
	113	101
	114	102
	115	103
	117	106
	118	107
	119	108
	121	110
com/mojang/blaze3d/platform/GlConst	0	0
net/minecraft/client/renderer/debug/LightDebugRenderer	51	55
	33	33
	34	34
	36	35
	37	36
	38	38
	40	49
	41	51
	19	22
	51	55
	20	23
	24	27
	26	28
	28	29
	30	31
	31	32
net/minecraft/client/gui/components/TabButton	90	87
	64	61
	65	62
	66	63
	67	64
	70	67
	71	68
	72	69
	73	70
	74	71
	78	75
	79	76
	18	21
	19	21
	83	80
	20	22
	21	23
	22	24
	86	83
	90	87
	36	35
	37	36
	38	37
	39	38
	43	42
	44	43
	45	44
	47	45
	48	46
	49	47
	51	48
	52	49
	53	50
	55	52
	58	55
	59	56
	62	59
	63	60
net/minecraft/client/renderer/entity/layers/Deadmau5EarsLayer	44	55
	32	43
	33	44
	34	45
	35	46
	36	47
	37	48
	39	49
	40	50
	41	51
	42	52
	44	55
	16	19
	17	20
	21	34
	22	55
	25	35
	26	36
	28	38
	29	39
	30	41
	31	42
net/minecraft/client/gui/screens/worldselection/ExperimentsScreen	101	104
	65	67
	66	69
	67	70
	70	73
	71	74
	76	79
	77	80
	81	84
	86	89
	87	90
	25	27
	26	28
	90	93
	91	94
	92	95
	93	96
	94	97
	95	98
	97	100
	98	101
	35	37
	99	102
	36	38
	100	103
	37	39
	101	104
	38	40
	39	42
	40	43
	41	44
	44	47
	48	51
	50	52
	51	53
	53	54
	54	55
	55	61
	56	58
	57	60
	59	62
	61	63
	62	64
	63	65
com/mojang/realmsclient/dto/Subscription	37	38
	35	36
	36	37
	37	38
	13	13
	17	16
	20	19
	22	22
	23	23
	24	24
	25	25
	26	26
	27	27
	28	28
	30	31
net/minecraft/client/gui/screens/inventory/StructureBlockEditScreen	453	456
	27	29
	28	30
	29	31
	30	32
	31	33
	32	34
	33	35
	34	36
	35	37
	36	38
	37	40
	72	73
	73	74
	74	75
	75	76
	78	79
	79	80
	81	82
	84	85
	85	86
	86	87
	87	88
	88	89
	89	90
	90	91
	91	92
	95	96
	96	97
	98	98
	99	99
	100	100
	101	101
	102	102
	103	103
	105	104
	106	105
	107	106
	108	107
	110	109
	111	110
	112	111
	113	112
	114	113
	116	115
	117	117
	118	118
	119	119
	120	120
	121	121
	122	122
	123	123
	124	124
	127	126
	128	127
	129	128
	130	129
	132	131
	133	132
	134	135
	137	137
	138	139
	139	140
	140	141
	141	142
	144	144
	145	147
	148	149
	149	152
	152	154
	153	155
	154	156
	155	157
	156	158
	157	159
	158	160
	159	161
	160	162
	161	163
	162	164
	163	165
	164	166
	165	167
	166	168
	167	169
	169	170
	173	173
	174	173
	176	173
	179	176
	180	177
	181	178
	183	179
	184	180
	185	181
	186	182
	187	183
	188	184
	189	185
	190	186
	191	187
	192	188
	193	189
	194	190
	195	191
	197	192
	198	193
	199	194
	200	195
	201	196
	202	197
	203	198
	204	199
	205	200
	206	201
	207	202
	208	203
	209	204
	211	205
	212	206
	213	207
	214	208
	215	209
	216	210
	217	211
	218	212
	220	213
	221	214
	222	215
	223	216
	225	217
	226	218
	227	219
	231	223
	232	224
	236	228
	237	229
	241	233
	242	234
	243	235
	244	236
	245	237
	246	238
	247	239
	248	240
	249	241
	250	242
	252	243
	254	244
	255	245
	256	246
	257	247
	258	248
	259	249
	260	250
	261	251
	262	252
	263	253
	264	254
	267	257
	268	258
	269	259
	270	260
	272	261
	274	263
	275	264
	277	266
	278	267
	280	269
	281	270
	283	272
	286	274
	289	277
	290	278
	291	279
	292	280
	293	281
	294	282
	295	283
	296	284
	297	285
	298	286
	300	287
	301	288
	302	289
	303	290
	304	291
	305	292
	306	293
	307	294
	308	295
	309	296
	310	297
	312	298
	314	300
	315	301
	316	302
	317	303
	318	304
	319	305
	320	306
	321	307
	322	308
	323	309
	324	310
	325	311
	327	313
	328	314
	329	315
	330	316
	331	317
	332	318
	333	319
	334	320
	335	321
	336	322
	337	323
	338	324
	339	325
	340	326
	341	327
	342	328
	344	330
	345	331
	347	333
	350	335
	353	339
	354	342
	355	344
	356	345
	357	346
	358	366
	363	371
	364	372
	365	373
	371	379
	372	380
	373	381
	379	387
	380	388
	381	389
	387	395
	388	396
	392	400
	393	401
	396	404
	397	408
	398	409
	401	405
	406	414
	408	415
	409	416
	411	417
	412	418
	413	419
	416	422
	417	423
	418	424
	419	425
	420	426
	422	427
	425	430
	426	431
	427	432
	428	433
	429	434
	431	435
	432	436
	435	439
	436	440
	437	441
	438	442
	440	443
	443	446
	444	447
	445	448
	448	451
	449	452
	453	456
net/minecraft/client/renderer/entity/FishingHookRenderer	138	115
	128	107
	129	108
	130	109
	131	110
	133	111
	134	112
	138	115
	19	22
	20	23
	25	27
	26	28
	30	31
	31	32
	32	62
	35	33
	37	34
	38	35
	40	36
	42	37
	44	38
	46	39
	47	40
	48	41
	49	42
	51	43
	53	44
	54	45
	56	46
	57	47
	59	48
	60	49
	61	50
	63	51
	65	52
	67	53
	68	55
	69	56
	71	59
	72	60
	73	62
	76	65
	77	66
	78	67
	79	68
	82	71
	83	76
	84	77
	85	78
	86	79
	87	80
	88	81
	91	82
	94	83
	101	72
	103	73
	104	73
	105	73
	106	73
	108	74
	113	88
	117	92
	118	98
	121	101
	122	102
	123	103
	125	104
	126	105
	127	106
net/minecraft/client/renderer/entity/HuskRenderer	24	26
	17	19
	18	20
	19	21
	20	22
	24	26
	9	12
	12	15
	13	16
net/minecraft/client/gui/screens/ConnectScreen	214	237
	35	37
	36	38
	38	40
	39	42
	52	55
	53	56
	54	57
	55	58
	58	63
	59	64
	60	87
	63	67
	64	68
	65	69
	66	70
	68	72
	70	75
	71	76
	72	77
	74	80
	75	81
	76	82
	77	83
	78	84
	79	85
	80	87
	83	90
	84	91
	87	94
	89	97
	90	98
	92	101
	93	101
	94	101
	95	102
	96	103
	98	106
	99	108
	100	110
	102	113
	105	115
	106	116
	107	117
	109	120
	110	121
	112	122
	114	125
	116	126
	117	127
	118	128
	119	129
	121	132
	122	133
	124	137
	125	138
	126	139
	132	147
	133	148
	134	149
	135	150
	141	154
	142	155
	144	157
	147	160
	148	161
	149	167
	151	174
	154	177
	155	178
	156	179
	157	180
	161	184
	162	185
	163	186
	166	189
	167	190
	171	194
	172	195
	173	196
	175	198
	178	201
	182	205
	187	210
	188	211
	189	212
	190	213
	191	214
	192	215
	194	218
	195	219
	198	223
	199	224
	200	225
	204	229
	206	230
	207	231
	208	232
	210	233
	213	236
	214	237
net/minecraft/client/resources/sounds/BiomeAmbientSoundsHandler	156	146
	130	121
	132	122
	133	123
	134	124
	135	125
	136	126
	140	130
	141	131
	144	134
	145	135
	146	136
	149	139
	150	140
	151	141
	154	144
	155	145
	156	146
	40	38
	42	39
	43	40
	44	41
	45	42
	48	45
	53	50
	55	51
	56	52
	57	53
	59	54
	60	55
	62	56
	64	57
	65	58
	66	59
	67	60
	69	63
	70	64
	74	68
	75	69
	76	70
	78	72
	80	73
	81	76
	83	77
	84	78
	85	79
	86	80
	87	81
	90	83
	91	84
	93	85
	96	87
	99	90
	100	91
	101	92
	102	93
	104	94
	105	95
	106	96
	108	97
	109	98
	111	99
	113	102
	114	103
	115	104
	117	106
	118	107
	120	109
	122	111
	123	113
net/minecraft/client/gui/screens/inventory/HopperScreen	29	32
	16	19
	20	23
	21	24
	22	25
	10	13
	26	29
	27	30
	28	31
	13	16
	29	32
	14	17
	15	18
net/minecraft/client/renderer/blockentity/SkullBlockRenderer	109	110
	36	40
	37	41
	38	42
	39	43
	40	44
	41	45
	42	46
	43	47
	44	48
	47	51
	49	52
	50	53
	51	54
	52	55
	53	56
	54	57
	55	58
	56	59
	60	63
	61	64
	65	67
	67	68
	68	69
	69	70
	70	71
	71	72
	73	73
	74	74
	75	75
	77	76
	78	77
	81	89
	83	90
	84	91
	86	93
	87	94
	88	94
	90	94
	94	97
	96	98
	97	99
	98	100
	100	101
	101	102
	104	105
	105	106
	106	110
	108	107
	109	108
net/minecraft/client/renderer/entity/layers/SpiderEyesLayer	18	21
	18	21
	10	13
	13	16
	14	17
net/minecraft/client/gui/screens/options/OnlineOptionsScreen	69	69
	32	33
	33	34
	34	35
	68	68
	37	38
	69	69
	40	41
	42	42
	43	43
	45	45
	46	47
	48	48
	50	50
	19	21
	51	51
	52	52
	24	26
	25	27
	58	58
	59	59
	60	60
	29	31
	31	32
	63	63
net/minecraft/client/particle/ParticleEngine	568	567
	512	492
	513	495
	516	498
	517	499
	518	534
	521	500
	522	501
	523	502
	525	503
	527	504
	528	505
	529	506
	530	507
	533	508
	534	509
	536	512
	537	513
	539	516
	540	517
	542	520
	543	521
	545	524
	546	525
	548	528
	549	529
	552	532
	553	534
	556	537
	560	541
	564	545
	565	546
	566	547
	567	548
	568	549
	69	72
	70	73
	71	74
	80	77
	104	557
	109	562
	113	566
	114	567
	118	95
	119	96
	121	97
	122	98
	124	99
	125	100
	128	103
	129	104
	130	105
	131	106
	132	107
	133	108
	134	109
	135	110
	136	111
	137	112
	138	113
	139	114
	140	115
	141	116
	142	117
	143	118
	144	119
	145	120
	146	121
	147	122
	148	123
	149	124
	150	125
	151	126
	152	127
	153	128
	154	129
	155	130
	156	131
	157	132
	158	133
	159	134
	160	135
	161	136
	162	137
	163	138
	164	139
	165	140
	166	141
	167	142
	168	143
	169	144
	170	145
	171	146
	172	147
	173	148
	174	149
	175	150
	176	151
	177	152
	178	153
	179	154
	180	155
	181	156
	182	157
	183	158
	184	159
	185	160
	186	161
	187	162
	188	163
	189	164
	190	165
	191	166
	192	167
	193	168
	194	169
	195	170
	196	171
	197	172
	198	173
	199	174
	200	175
	201	176
	202	177
	203	178
	204	179
	205	180
	206	181
	207	182
	208	183
	209	184
	210	185
	211	186
	212	187
	213	188
	214	189
	216	190
	217	191
	219	193
	221	195
	222	196
	223	197
	224	198
	225	199
	226	200
	227	201
	228	202
	229	203
	230	204
	232	205
	233	206
	234	207
	235	208
	236	209
	237	210
	238	211
	239	212
	240	213
	241	214
	244	217
	245	218
	248	221
	249	222
	250	223
	251	224
	253	227
	255	229
	258	232
	259	233
	260	234
	261	235
	267	250
	268	252
	269	254
	270	255
	271	257
	272	259
	273	261
	274	263
	277	266
	278	266
	279	268
	281	269
	282	269
	283	269
	284	270
	285	271
	286	272
	287	273
	288	274
	289	275
	290	276
	291	277
	292	278
	293	279
	294	280
	295	299
	297	281
	298	283
	299	284
	300	285
	301	286
	302	287
	304	289
	307	293
	308	294
	310	297
	311	299
	312	300
	313	301
	315	304
	316	305
	317	306
	321	310
	322	311
	325	314
	326	315
	327	316
	329	319
	330	320
	331	321
	332	322
	333	323
	338	328
	339	329
	342	332
	343	333
	347	337
	348	338
	349	339
	350	340
	352	342
	358	348
	359	349
	360	349
	362	349
	366	353
	367	354
	368	355
	369	356
	370	357
	373	360
	375	362
	378	365
	379	366
	380	367
	381	368
	382	369
	384	370
	385	371
	386	373
	387	374
	388	375
	389	376
	392	380
	395	384
	397	385
	398	386
	401	389
	404	392
	405	393
	406	396
	407	397
	409	398
	410	399
	411	400
	415	404
	418	407
	419	408
	423	412
	424	413
	425	414
	426	415
	427	416
	428	417
	430	418
	432	420
	435	423
	436	424
	438	426
	439	427
	440	428
	444	429
	446	430
	447	431
	448	432
	449	433
	451	435
	452	436
	453	437
	454	438
	455	439
	456	440
	457	441
	460	445
	461	446
	462	447
	467	453
	468	454
	469	455
	470	456
	473	459
	474	460
	475	461
	476	462
	479	465
	480	495
	483	466
	485	467
	488	468
	489	470
	490	471
	491	472
	493	473
	494	474
	495	475
	497	477
	498	478
	499	479
	500	480
	501	481
	502	482
	504	483
	505	484
	506	485
	508	486
net/minecraft/client/resources/server/PackLoadFeedback	0	0
net/minecraft/client/model/PigModel	28	32
	16	18
	19	21
	20	22
	22	23
	23	26
	24	28
	25	30
	28	32
	15	17
net/minecraft/client/gui/screens/DeathScreen	177	183
	128	136
	129	137
	130	138
	131	138
	133	138
	138	143
	139	144
	140	145
	141	146
	142	147
	145	151
	19	20
	150	156
	155	161
	157	162
	158	163
	31	30
	159	164
	32	31
	33	32
	161	166
	34	33
	164	169
	165	170
	38	37
	39	38
	167	172
	40	39
	41	40
	42	41
	43	42
	171	177
	44	43
	172	178
	46	44
	47	47
	48	48
	176	182
	49	52
	177	183
	51	53
	52	54
	53	57
	57	61
	61	65
	62	66
	63	85
	65	77
	66	70
	67	71
	69	73
	70	74
	72	76
	73	82
	74	83
	75	85
	78	88
	79	89
	81	92
	82	93
	83	94
	87	98
	89	99
	90	100
	92	101
	94	102
	96	103
	97	104
	100	107
	102	108
	103	109
	104	110
	107	113
	108	114
	110	118
	114	122
	115	123
	118	126
	119	127
	123	131
	124	132
	127	135
net/minecraft/client/renderer/block/model/BakedQuad	42	45
	16	19
	17	20
	18	21
	34	37
	19	22
	22	25
	38	41
	26	29
	42	45
	14	17
	30	33
	15	18
net/minecraft/client/model/ArmedModel	0	0
net/minecraft/client/model/EndermiteModel	74	67
	33	23
	65	58
	34	24
	35	26
	36	27
	38	29
	70	63
	71	64
	72	65
	41	32
	74	67
	45	36
	46	37
	15	17
	48	38
	49	40
	50	41
	51	43
	52	44
	53	46
	22	18
	55	48
	56	49
	60	53
net/minecraft/client/particle/TextureSheetParticle	49	52
	33	36
	38	41
	8	13
	9	14
	42	45
	43	46
	12	17
	13	18
	46	49
	47	50
	49	52
	18	21
	19	22
	23	26
	28	31
net/minecraft/client/particle/package-info	0	0
net/minecraft/client/renderer/entity/AbstractHorseRenderer	19	21
	17	19
	18	20
	19	21
	11	14
	12	15
	13	16
net/minecraft/client/gui/font/CodepointMap	115	108
	22	23
	23	24
	24	25
	25	26
	26	27
	29	30
	30	31
	34	35
	35	36
	36	37
	41	42
	42	43
	44	44
	45	45
	46	46
	47	47
	48	48
	49	49
	51	51
	52	52
	53	53
	58	58
	59	59
	61	60
	62	61
	63	62
	64	63
	67	66
	68	67
	69	68
	72	71
	73	72
	74	73
	79	78
	80	79
	82	80
	83	81
	84	82
	87	85
	88	86
	89	87
	98	91
	99	92
	100	93
	101	94
	102	95
	103	96
	104	97
	105	98
	110	103
	113	106
	114	107
	115	108
net/minecraft/client/renderer/entity/ParrotRenderer	40	42
	37	40
	38	41
	40	42
	10	14
	11	15
	12	16
	13	17
	14	18
	17	21
	18	22
	22	25
	26	29
	27	30
	28	31
	29	32
	30	33
	31	34
net/minecraft/client/multiplayer/prediction/PredictiveAction	0	0
net/minecraft/client/gui/screens/advancements/AdvancementTabType	142	161
	128	146
	130	148
	132	150
	134	152
	136	154
	140	159
	141	160
	142	161
	18	13
	19	13
	20	14
	21	15
	23	18
	24	19
	25	20
	27	28
	28	28
	29	29
	30	30
	32	33
	33	34
	34	35
	36	43
	37	43
	38	44
	39	45
	41	48
	42	49
	43	50
	45	58
	46	58
	47	59
	48	60
	50	63
	51	64
	52	65
	63	79
	64	80
	65	81
	66	82
	67	83
	68	84
	71	87
	75	91
	77	93
	78	94
	79	95
	80	96
	82	98
	84	101
	85	102
	88	105
	89	106
	90	107
	92	109
	93	110
	94	111
	96	113
	97	114
	98	115
	100	117
	101	118
	102	119
	104	121
	105	122
	108	125
	109	126
	112	129
	114	131
	116	133
	118	135
	120	137
	122	139
	126	144
net/minecraft/client/particle/DustParticleBase	44	47
	32	35
	37	40
	42	45
	11	16
	43	46
	12	17
	44	47
	13	18
	14	19
	15	20
	16	21
	17	22
	19	23
	21	24
	22	25
	23	26
	24	27
	27	30
net/minecraft/client/renderer/block/package-info	0	0
net/minecraft/client/renderer/texture/atlas/package-info	0	0
net/minecraft/client/model/ListModel	24	26
	18	20
	19	21
	23	25
	24	26
	14	16
	15	17
net/minecraft/client/telemetry/TelemetryEventLogger	0	0
net/minecraft/client/tutorial/BundleTutorial	59	60
	21	21
	22	22
	23	23
	26	26
	27	27
	29	30
	30	31
	31	32
	32	33
	33	34
	36	37
	37	38
	38	39
	40	42
	41	43
	42	44
	44	46
	47	49
	48	60
	50	50
	51	51
	52	52
	53	53
	54	54
	56	56
	57	57
	59	60
net/minecraft/client/multiplayer/chat/report/AbuseReportSender	88	88
	64	71
	68	75
	72	79
	73	80
	74	81
	75	82
	81	88
	21	22
	87	36
	88	37
	29	30
	33	42
	34	43
	35	44
	39	48
	40	51
	43	51
	44	51
	45	51
	46	51
	50	55
	51	56
	52	57
	53	58
	54	59
	55	60
	56	61
	57	62
	59	65
net/minecraft/client/renderer/texture/MissingTextureAtlasSprite	58	63
	32	35
	33	36
	35	38
	39	43
	43	47
	44	48
	48	52
	18	21
	19	23
	20	23
	52	56
	21	24
	53	57
	54	58
	55	59
	56	60
	58	63
	27	29
	28	30
	29	31
	30	33
	31	34
net/minecraft/client/model/TridentModel	60	42
	33	32
	34	32
	35	32
	38	33
	39	33
	40	33
	43	34
	44	34
	45	34
	15	18
	48	35
	49	35
	50	35
	20	22
	21	23
	22	24
	54	36
	25	27
	26	28
	59	41
	28	29
	60	42
	29	30
	30	30
net/minecraft/client/gui/GuiSpriteManager	31	33
	18	20
	19	21
	23	25
	27	29
	15	17
	31	33
net/minecraft/client/renderer/entity/EntityRenderDispatcher	449	427
	60	61
	83	81
	87	93
	88	94
	89	95
	90	96
	91	97
	92	98
	93	99
	94	100
	98	103
	99	104
	100	105
	101	106
	102	106
	104	106
	106	108
	110	113
	111	114
	112	115
	113	116
	114	117
	117	120
	118	121
	121	124
	122	125
	125	128
	126	129
	129	132
	133	136
	134	137
	138	143
	141	146
	142	147
	143	148
	144	149
	146	150
	147	151
	148	152
	150	153
	151	154
	154	157
	156	158
	157	159
	158	160
	159	161
	160	162
	161	163
	162	164
	167	169
	168	170
	173	173
	174	174
	175	175
	176	176
	177	177
	179	178
	180	179
	181	180
	182	181
	183	182
	185	183
	187	185
	190	188
	191	189
	192	190
	193	198
	195	192
	196	193
	197	194
	200	195
	201	196
	202	198
	206	202
	207	203
	208	204
	209	205
	210	206
	213	210
	217	214
	218	215
	219	216
	220	217
	221	218
	222	219
	224	221
	225	222
	226	223
	227	224
	228	225
	230	226
	231	228
	232	236
	235	240
	236	241
	238	242
	242	243
	245	243
	251	247
	252	248
	253	249
	254	250
	255	251
	256	252
	270	255
	271	256
	274	259
	275	260
	276	261
	277	264
	280	267
	281	268
	283	269
	285	270
	286	271
	288	272
	289	273
	291	274
	292	275
	294	276
	296	277
	297	278
	298	279
	299	280
	301	281
	303	283
	304	284
	306	285
	307	286
	308	287
	309	288
	310	289
	311	290
	312	291
	313	292
	315	295
	316	296
	317	297
	318	298
	319	299
	320	300
	321	301
	322	302
	323	303
	325	306
	326	307
	329	310
	330	311
	333	314
	334	315
	335	316
	337	317
	339	318
	340	319
	341	320
	342	321
	343	322
	344	323
	346	324
	348	325
	349	326
	350	328
	351	329
	352	330
	353	331
	354	333
	355	334
	356	335
	357	336
	361	340
	364	354
	365	355
	366	356
	367	391
	370	357
	371	391
	374	358
	375	359
	376	391
	380	360
	381	361
	382	362
	383	363
	384	364
	387	367
	390	368
	392	369
	393	370
	394	371
	395	372
	396	373
	398	374
	399	375
	400	376
	401	377
	402	378
	404	379
	405	380
	406	381
	407	382
	409	383
	410	384
	411	385
	412	386
	414	391
	417	394
	418	395
	419	396
	422	399
	423	400
	424	401
	426	403
	429	406
	433	410
	437	414
	441	418
	446	423
	447	425
	448	426
	449	427
com/mojang/blaze3d/platform/MacosUtil	61	56
	32	32
	33	33
	34	33
	36	33
	40	37
	44	41
	48	45
	49	46
	52	49
	21	21
	53	50
	22	22
	54	51
	56	52
	25	25
	57	53
	26	26
	27	27
	59	54
	28	28
	29	29
	61	56
com/mojang/realmsclient/gui/screens/RealmsClientOutdatedScreen	51	55
	32	37
	33	39
	34	41
	35	42
	39	46
	40	47
	44	51
	45	52
	14	17
	15	18
	16	20
	48	55
	17	23
	49	55
	51	55
	24	29
	25	30
	26	31
	30	35
	31	36
net/minecraft/client/gui/GuiGraphics	773	743
	75	74
	76	75
	77	76
	78	77
	79	78
	82	81
	83	82
	89	86
	90	87
	91	88
	92	89
	93	90
	94	91
	98	95
	99	96
	101	98
	105	102
	106	103
	108	105
	111	108
	115	112
	119	116
	123	120
	129	124
	130	125
	131	126
	132	127
	135	130
	136	131
	139	134
	140	135
	141	136
	142	137
	144	140
	145	141
	148	144
	149	145
	152	148
	153	149
	154	150
	155	151
	157	154
	158	155
	161	158
	162	159
	165	162
	166	163
	169	166
	173	170
	174	171
	175	172
	176	173
	177	174
	179	175
	180	176
	181	177
	182	178
	183	179
	185	181
	187	183
	190	186
	191	187
	192	188
	195	191
	196	192
	199	195
	200	196
	203	199
	204	200
	207	203
	208	204
	209	205
	210	206
	211	207
	213	210
	214	211
	215	212
	216	213
	218	216
	219	217
	220	218
	221	219
	222	220
	223	221
	224	222
	227	225
	228	226
	231	229
	232	230
	235	233
	236	234
	237	235
	238	236
	241	239
	242	240
	243	241
	244	242
	245	243
	246	244
	249	247
	250	248
	251	249
	252	250
	253	251
	254	252
	255	253
	256	254
	259	257
	260	258
	263	261
	264	262
	265	263
	268	266
	269	267
	272	270
	276	274
	277	275
	280	278
	281	279
	282	280
	286	284
	290	288
	291	289
	292	290
	296	294
	300	298
	304	302
	305	303
	306	304
	308	306
	311	309
	312	310
	313	311
	314	312
	316	315
	320	319
	321	320
	324	323
	325	324
	329	330
	330	332
	333	339
	336	342
	337	343
	338	344
	339	345
	340	346
	343	349
	344	350
	347	353
	348	354
	349	355
	350	356
	351	357
	352	358
	353	359
	354	360
	356	362
	359	365
	360	366
	363	369
	364	370
	365	371
	366	372
	369	374
	371	376
	374	379
	375	393
	377	380
	378	381
	382	387
	383	388
	384	389
	385	390
	387	393
	390	396
	391	410
	393	397
	394	398
	398	404
	399	406
	401	410
	404	413
	412	414
	415	417
	424	418
	427	421
	436	422
	439	425
	440	426
	443	429
	449	430
	452	433
	453	434
	455	435
	456	436
	457	437
	458	438
	459	439
	460	440
	462	441
	463	442
	466	445
	467	446
	468	447
	470	448
	471	449
	472	450
	473	451
	474	452
	475	453
	477	454
	479	455
	480	456
	483	459
	484	460
	485	461
	486	462
	487	463
	488	464
	489	465
	490	506
	491	466
	492	467
	493	468
	494	471
	495	506
	496	472
	497	473
	498	474
	499	477
	500	506
	504	479
	506	480
	508	481
	510	482
	512	483
	514	486
	516	487
	518	488
	520	502
	521	506
	524	509
	525	523
	527	510
	528	520
	530	511
	531	512
	532	514
	533	515
	534	516
	537	523
	540	526
	541	527
	544	530
	545	531
	548	534
	549	535
	552	538
	553	539
	556	542
	557	543
	560	546
	561	547
	564	550
	565	551
	568	554
	569	584
	571	555
	572	556
	573	557
	575	560
	577	561
	578	562
	579	563
	582	566
	583	569
	585	570
	586	571
	588	573
	589	574
	590	575
	592	576
	593	577
	594	578
	596	579
	598	582
	599	584
	602	587
	603	588
	606	591
	607	620
	610	592
	612	593
	613	594
	615	595
	616	596
	619	599
	620	600
	621	601
	623	602
	624	603
	625	604
	626	605
	629	608
	630	609
	632	612
	633	613
	634	614
	635	615
	638	618
	639	620
	642	623
	643	624
	646	627
	647	628
	648	629
	649	630
	650	631
	651	632
	652	633
	655	636
	656	637
	659	640
	660	641
	663	644
	664	645
	667	648
	668	649
	671	652
	672	692
	675	653
	676	654
	677	656
	678	657
	679	658
	680	659
	682	662
	685	665
	686	666
	688	667
	689	668
	690	669
	692	670
	695	671
	697	672
	699	673
	702	674
	703	676
	704	677
	705	678
	706	679
	710	682
	711	684
	712	685
	713	686
	714	687
	717	690
	718	692
	721	695
	722	714
	725	696
	726	697
	728	698
	729	699
	731	701
	732	702
	733	703
	734	704
	737	707
	738	708
	739	709
	743	714
	749	721
	750	722
	751	723
	752	724
	753	725
	755	727
	756	728
	762	734
	763	735
	765	738
	766	739
	770	743
	771	743
	773	743
net/minecraft/client/sounds/Weighted	0	0
net/minecraft/client/DeltaTracker	130	124
	64	84
	130	38
	66	86
	69	89
	70	90
	72	93
	73	94
	76	97
	13	9
	77	98
	14	10
	79	101
	80	102
	83	105
	84	106
	88	110
	93	115
	94	116
	32	56
	96	118
	33	57
	34	58
	35	59
	101	124
	38	62
	39	63
	40	63
	105	124
	42	63
	107	124
	46	67
	47	68
	49	69
	50	70
	115	23
	51	71
	116	24
	52	72
	120	28
	56	76
	57	77
	58	78
	125	33
	61	81
	62	82
net/minecraft/client/multiplayer/chat/report/ChatReport	144	143
	128	121
	132	125
	133	126
	135	127
	136	127
	137	127
	138	128
	140	130
	144	143
	33	35
	34	36
	37	39
	38	40
	39	41
	40	42
	42	44
	46	47
	47	48
	48	49
	49	50
	50	51
	51	52
	56	57
	61	63
	62	64
	65	67
	66	68
	69	71
	73	75
	74	76
	77	79
	82	84
	88	90
	89	91
	91	92
	92	93
	94	94
	95	95
	97	97
	98	97
	100	97
	105	103
	106	104
	107	105
	110	108
	112	109
	114	110
	116	111
	117	112
	121	116
	123	117
	124	118
	125	119
	126	120
net/minecraft/client/resources/TextureAtlasHolder	56	68
	34	39
	39	50
	40	52
	41	53
	42	54
	46	58
	47	59
	48	60
	49	61
	50	62
	51	63
	23	26
	55	67
	24	27
	56	68
	27	32
	28	33
	29	34
	30	35
	31	36
net/minecraft/client/gui/navigation/package-info	0	0
net/minecraft/client/renderer/entity/CowRenderer	17	19
	17	19
	9	12
	12	15
	13	16
net/minecraft/client/gui/components/debugchart/AbstractDebugChart	101	99
	18	21
	19	22
	20	23
	23	26
	27	30
	28	31
	30	32
	31	33
	32	34
	33	35
	34	36
	35	38
	36	39
	37	40
	38	41
	39	42
	40	43
	41	44
	42	45
	45	48
	46	49
	47	50
	48	51
	50	52
	51	53
	52	54
	53	55
	55	56
	56	57
	57	58
	60	61
	61	62
	64	65
	65	66
	66	67
	69	70
	70	71
	71	72
	72	73
	73	74
	76	77
	79	80
	83	84
	86	87
	87	88
	88	89
	97	98
	98	99
	99	99
	101	99
net/minecraft/client/telemetry/events/WorldLoadTimesEvent	27	29
	16	18
	17	19
	18	20
	21	23
	22	24
	23	25
	24	26
	25	27
	27	29
net/minecraft/client/animation/definitions/FrogAnimation	303	469
	13	12
	14	13
	15	17
	16	18
	17	19
	18	20
	19	21
	20	22
	22	25
	23	29
	24	30
	25	31
	26	32
	27	33
	28	34
	29	35
	30	36
	31	37
	32	38
	33	39
	34	40
	35	41
	36	42
	37	43
	38	44
	40	47
	42	48
	43	49
	44	50
	45	54
	46	55
	47	56
	48	57
	49	58
	50	59
	52	62
	53	66
	54	67
	55	68
	56	69
	57	70
	59	73
	60	77
	61	78
	62	79
	63	80
	64	81
	65	82
	67	85
	68	89
	69	90
	70	91
	71	92
	72	93
	74	96
	75	100
	76	101
	77	102
	78	103
	79	104
	80	105
	82	108
	83	112
	84	113
	85	114
	86	115
	87	116
	89	119
	90	123
	91	124
	92	125
	93	126
	94	127
	95	128
	97	131
	98	135
	99	136
	100	137
	101	138
	102	139
	104	142
	105	146
	106	147
	107	148
	108	149
	109	150
	111	153
	113	154
	114	155
	115	159
	116	160
	118	163
	119	167
	120	168
	122	171
	123	175
	124	176
	126	179
	127	183
	128	184
	130	187
	131	191
	132	192
	134	195
	135	199
	136	200
	138	203
	139	207
	140	208
	142	211
	143	215
	144	216
	146	219
	147	223
	148	224
	150	227
	151	231
	152	232
	154	235
	156	236
	157	237
	158	241
	159	242
	160	243
	161	244
	163	247
	164	251
	165	252
	166	253
	167	254
	169	257
	170	261
	171	262
	172	263
	173	264
	175	267
	176	271
	177	272
	178	273
	180	276
	182	277
	183	278
	184	279
	185	283
	186	284
	187	285
	188	286
	190	289
	191	293
	192	294
	193	295
	194	296
	195	297
	196	298
	198	301
	199	305
	200	306
	201	307
	202	308
	203	309
	204	310
	206	313
	207	317
	208	318
	209	319
	210	320
	211	321
	212	322
	214	325
	215	329
	216	330
	217	331
	218	332
	219	333
	220	334
	222	337
	223	341
	224	342
	225	343
	226	344
	227	345
	228	346
	230	349
	231	353
	232	354
	233	355
	234	356
	235	357
	236	358
	238	361
	239	365
	240	366
	241	367
	242	368
	243	369
	244	370
	246	373
	247	377
	248	378
	249	379
	250	380
	251	381
	252	382
	254	385
	256	386
	257	387
	258	388
	259	392
	260	393
	261	394
	263	397
	264	401
	265	402
	266	403
	268	406
	269	410
	270	411
	271	412
	273	415
	274	419
	275	420
	276	421
	278	424
	279	428
	280	429
	281	430
	283	433
	284	437
	285	438
	286	439
	288	442
	289	446
	290	447
	291	448
	293	451
	294	455
	295	456
	296	457
	298	460
	299	464
	300	465
	301	466
	303	469
com/mojang/blaze3d/shaders/BlendMode	165	142
	128	110
	129	111
	130	113
	131	113
	134	113
	138	118
	139	119
	140	120
	141	121
	142	122
	144	123
	145	124
	146	125
	147	126
	148	127
	149	128
	22	22
	150	129
	151	130
	24	23
	152	131
	25	24
	153	132
	154	133
	27	25
	155	134
	28	26
	156	135
	157	136
	30	27
	158	137
	31	28
	159	138
	32	29
	160	139
	161	140
	162	142
	35	32
	163	142
	36	33
	165	142
	39	36
	40	37
	43	40
	44	41
	47	44
	48	62
	51	45
	52	46
	53	47
	54	48
	55	49
	57	52
	60	55
	62	56
	63	57
	65	59
	67	62
	71	66
	72	67
	74	68
	75	69
	78	68
	80	70
	81	71
	83	72
	84	73
	86	74
	87	75
	89	76
	90	77
	92	78
	93	79
	95	81
	96	81
	98	81
	103	87
	104	88
	105	89
	106	90
	107	91
	108	92
	109	93
	110	93
	114	97
	118	101
	120	102
	121	103
	122	104
	123	105
	124	106
	125	107
	126	108
	127	109
net/minecraft/client/model/ZombieModel	13	15
	8	11
	9	12
	13	15
net/minecraft/client/renderer/blockentity/BedRenderer	114	117
	34	37
	35	38
	36	39
	39	42
	40	43
	42	44
	43	44
	44	44
	49	45
	50	47
	51	47
	52	48
	54	50
	55	52
	56	52
	57	53
	60	55
	64	59
	65	60
	67	61
	68	61
	69	61
	73	62
	74	63
	75	63
	76	63
	78	65
	79	67
	80	67
	81	68
	84	70
	89	74
	90	75
	91	76
	92	77
	93	86
	94	88
	95	89
	97	100
	98	101
	100	103
	103	108
	104	109
	105	110
	106	111
	107	112
	108	113
	110	114
	111	115
	113	116
	114	117
net/minecraft/client/gui/screens/inventory/tooltip/ClientTooltipComponent	34	37
	18	20
	34	37
	19	21
	20	22
	21	23
	23	25
	14	16
	31	34
net/minecraft/client/renderer/GpuWarnlistManager	178	176
	128	124
	129	125
	130	126
	133	129
	135	130
	144	140
	145	141
	146	142
	147	143
	150	146
	151	148
	152	149
	25	28
	153	151
	26	29
	154	152
	28	30
	157	156
	161	160
	34	36
	163	161
	164	162
	165	163
	38	40
	168	166
	169	167
	42	44
	170	168
	43	45
	173	171
	46	48
	174	172
	47	49
	175	173
	50	52
	178	176
	51	53
	52	54
	55	57
	59	61
	63	65
	64	66
	65	67
	66	68
	70	72
	75	77
	80	82
	85	87
	86	88
	87	89
	92	93
	93	94
	94	95
	96	96
	98	97
	99	98
	100	99
	102	100
	103	101
	104	102
	106	103
	109	106
	110	107
	115	111
	116	112
	119	115
	120	116
	124	120
	126	121
	127	123
net/minecraft/client/renderer/entity/OcelotRenderer	17	19
	17	19
	9	12
	12	15
	13	16
net/minecraft/client/gui/spectator/SpectatorMenuItem	0	0
net/minecraft/client/model/AnimationUtils	100	81
	18	15
	19	16
	21	17
	22	18
	23	19
	24	20
	25	21
	31	24
	32	25
	34	26
	35	27
	36	28
	39	29
	40	30
	41	31
	42	32
	43	33
	44	34
	47	37
	48	38
	49	39
	50	40
	51	41
	52	42
	54	43
	55	44
	56	45
	58	46
	59	47
	61	49
	62	50
	64	51
	65	52
	68	55
	69	56
	72	59
	73	60
	74	61
	77	64
	78	65
	79	66
	85	69
	86	70
	87	71
	88	72
	89	73
	90	74
	92	75
	93	76
	94	77
	96	78
	97	79
	99	80
	100	81
net/minecraft/client/GuiMessageTag	64	64
	64	64
	35	35
	39	39
	40	40
	41	41
	12	14
	13	15
	45	45
	14	16
	15	17
	16	18
	49	50
	21	21
	22	22
	23	23
	24	24
	57	57
	58	58
	27	27
	59	59
	60	60
	31	31
	63	63
net/minecraft/client/HotbarManager	75	79
	64	67
	65	68
	66	69
	68	71
	71	74
	72	75
	73	76
	75	79
	18	20
	27	28
	28	29
	30	31
	31	32
	33	34
	37	38
	38	39
	39	40
	43	43
	44	44
	46	46
	47	47
	48	49
	49	50
	51	52
	52	53
	54	55
	58	59
	59	61
	60	62
	61	63
	62	64
net/minecraft/client/gui/screens/options/OptionsScreen	171	183
	129	135
	130	136
	131	137
	133	138
	134	139
	135	140
	137	141
	139	143
	140	144
	143	147
	148	154
	149	155
	150	156
	151	162
	152	163
	156	168
	157	169
	158	170
	159	171
	160	172
	33	36
	161	173
	34	37
	35	38
	163	175
	36	39
	37	40
	38	41
	39	42
	167	179
	40	43
	168	180
	41	44
	42	45
	43	46
	171	183
	44	47
	60	58
	61	59
	62	60
	63	61
	67	65
	68	66
	69	67
	70	68
	71	69
	73	70
	74	71
	76	72
	78	73
	79	74
	80	75
	81	76
	82	77
	83	78
	84	82
	85	87
	86	88
	87	89
	88	90
	89	91
	91	94
	93	95
	94	96
	96	98
	97	100
	98	101
	102	105
	103	106
	107	110
	108	111
	111	114
	112	115
	113	116
	116	119
	117	120
	119	121
	120	122
	121	126
	123	129
	124	130
	127	134
net/minecraft/client/renderer/entity/GiantMobRenderer	37	38
	32	34
	33	35
	18	20
	20	21
	37	38
	22	22
	23	23
	24	26
	25	27
	26	28
	28	31
	13	16
net/minecraft/client/model/SilverfishModel	108	93
	64	50
	66	52
	67	53
	68	54
	72	58
	73	60
	74	60
	75	61
	77	63
	78	65
	79	65
	80	66
	82	68
	83	70
	84	70
	21	21
	85	71
	88	73
	93	78
	30	22
	98	83
	99	84
	100	85
	103	88
	104	89
	41	25
	105	90
	42	26
	106	91
	43	27
	107	92
	44	28
	108	93
	47	31
	51	35
	55	39
	56	40
	58	41
	59	42
	60	44
	61	45
	62	47
	63	48
net/minecraft/client/multiplayer/CommonListenerCookie	0	0
com/mojang/blaze3d/platform/ScreenManager	108	104
	16	17
	21	22
	22	23
	23	24
	24	25
	25	26
	26	27
	27	28
	30	31
	33	34
	34	35
	35	36
	36	37
	37	38
	38	39
	39	40
	41	42
	45	46
	51	51
	52	52
	53	53
	56	56
	57	57
	58	58
	59	59
	61	60
	62	61
	63	62
	64	63
	66	65
	67	66
	68	67
	69	68
	70	69
	72	70
	73	71
	74	72
	75	73
	77	74
	78	75
	79	76
	80	77
	81	78
	82	79
	83	80
	84	81
	85	82
	88	86
	89	87
	93	91
	94	92
	96	94
	97	94
	99	94
	103	99
	104	100
	105	101
	106	102
	108	104
net/minecraft/client/particle/DragonBreathParticle	100	90
	66	57
	68	58
	69	59
	70	60
	73	63
	74	64
	76	65
	77	66
	79	69
	83	73
	24	23
	88	78
	25	24
	26	25
	27	26
	28	27
	30	28
	31	29
	95	86
	32	30
	96	87
	34	31
	36	32
	100	90
	37	33
	38	34
	40	35
	41	36
	42	37
	46	41
	47	42
	48	43
	50	44
	51	45
	52	69
	55	47
	57	48
	58	49
	59	50
	62	53
	63	54
net/minecraft/client/particle/EndRodParticle	37	36
	32	32
	33	33
	37	36
	8	11
	10	12
	11	13
	12	14
	14	15
	16	16
	18	17
	19	18
	20	19
	24	23
	25	24
	26	25
net/minecraft/client/Screenshot	151	151
	128	126
	129	127
	130	128
	131	129
	133	132
	134	133
	136	136
	138	138
	139	139
	140	140
	141	141
	143	143
	146	146
	147	147
	150	150
	23	25
	151	151
	27	35
	28	36
	31	39
	32	40
	33	40
	34	40
	36	42
	38	44
	41	47
	42	48
	43	49
	46	51
	47	52
	49	54
	52	57
	54	61
	56	64
	57	65
	58	66
	59	67
	60	68
	62	70
	64	72
	65	74
	68	77
	69	78
	71	79
	73	80
	74	81
	77	82
	79	83
	83	87
	85	96
	86	91
	87	92
	88	93
	101	101
	102	102
	103	103
	105	104
	106	105
	108	106
	109	107
	110	109
	111	110
	114	113
	115	114
	116	115
	117	116
	118	117
	119	118
	120	119
	122	120
	123	121
	124	122
	125	123
net/minecraft/client/model/ParrotModel	259	194
	256	194
	257	194
	259	194
	37	30
	38	31
	39	32
	40	33
	41	34
	42	35
	43	36
	44	37
	45	38
	46	39
	49	42
	50	43
	52	44
	53	45
	54	45
	55	45
	57	47
	58	48
	59	48
	60	48
	62	50
	63	51
	64	51
	65	51
	67	53
	68	54
	69	54
	70	54
	72	56
	73	57
	74	57
	75	57
	77	59
	78	60
	79	60
	80	60
	82	62
	83	63
	84	63
	85	63
	87	65
	88	66
	89	66
	90	66
	92	68
	93	69
	94	69
	95	69
	97	71
	98	71
	99	72
	100	73
	102	74
	107	79
	112	83
	113	84
	117	87
	118	88
	121	91
	122	92
	123	93
	124	94
	127	97
	128	98
	129	99
	131	100
	132	101
	134	102
	136	103
	137	104
	139	105
	143	126
	144	127
	145	128
	146	129
	148	130
	149	131
	150	132
	152	133
	153	134
	155	135
	156	136
	157	137
	159	138
	160	139
	161	140
	163	141
	164	142
	168	107
	169	108
	174	112
	175	113
	177	114
	178	115
	180	116
	182	117
	183	118
	185	119
	186	120
	188	121
	189	122
	192	144
	195	147
	196	148
	198	149
	199	150
	201	151
	202	152
	204	153
	205	154
	206	155
	207	156
	209	157
	210	158
	212	159
	214	161
	215	162
	218	168
	220	169
	222	170
	223	171
	225	172
	227	173
	228	174
	230	175
	231	176
	233	177
	234	178
	236	179
	237	180
	238	181
	240	183
	241	184
	249	186
	252	189
	253	190
	254	191
	255	192
net/minecraft/client/renderer/entity/ArrowRenderer	75	68
	64	58
	65	59
	68	62
	70	63
	71	64
	74	67
	75	68
	14	17
	15	18
	19	21
	21	22
	22	23
	24	24
	26	25
	27	26
	28	27
	29	28
	31	29
	32	30
	33	31
	34	32
	35	33
	36	34
	37	35
	38	36
	39	37
	41	40
	42	41
	44	42
	46	43
	48	44
	50	45
	51	46
	52	47
	53	48
	55	49
	56	50
	57	51
	58	52
	60	54
	61	55
	62	56
	63	57
net/minecraft/client/renderer/blockentity/ConduitRenderer	150	132
	130	111
	131	112
	132	113
	133	114
	134	115
	135	116
	136	117
	137	118
	138	119
	139	120
	141	121
	142	122
	143	123
	144	124
	145	125
	146	126
	147	127
	148	128
	149	130
	150	132
	25	28
	26	29
	27	30
	28	32
	29	34
	30	36
	39	45
	40	46
	41	47
	42	48
	43	49
	44	50
	47	53
	48	54
	49	55
	50	56
	51	56
	54	58
	58	62
	59	63
	60	64
	61	64
	62	64
	65	65
	69	69
	70	70
	71	71
	72	71
	73	71
	76	72
	80	76
	81	77
	82	78
	83	78
	84	78
	87	79
	92	83
	94	84
	95	85
	97	86
	98	87
	99	88
	100	89
	101	90
	102	91
	103	132
	106	93
	107	94
	108	95
	110	96
	111	97
	112	98
	113	99
	114	100
	115	101
	117	102
	119	103
	120	104
	122	105
	123	106
	124	107
	125	108
net/minecraft/client/multiplayer/ProfileKeyPairManager	28	27
	20	22
	25	27
	26	27
	28	27
	15	17
net/minecraft/client/renderer/debug/PathfindingRenderer	162	170
	132	130
	133	131
	134	132
	135	133
	136	135
	137	138
	141	153
	144	156
	145	157
	19	22
	147	158
	20	23
	21	24
	151	159
	152	160
	153	161
	154	162
	155	163
	157	164
	159	167
	162	170
	38	35
	39	36
	40	37
	41	38
	45	42
	46	58
	49	43
	50	45
	51	46
	52	47
	53	48
	56	51
	57	52
	58	53
	59	54
	62	58
	65	63
	67	64
	68	65
	69	67
	71	79
	72	80
	73	81
	74	82
	75	83
	76	84
	83	87
	88	97
	89	98
	90	99
	91	100
	99	101
	106	105
	110	114
	111	115
	119	116
	126	120
com/mojang/blaze3d/vertex/SheetedDecalTextureGenerator	81	71
	68	63
	70	64
	71	65
	73	66
	75	67
	76	68
	77	69
	79	70
	81	71
	26	23
	27	24
	28	25
	29	26
	30	27
	34	31
	35	32
	36	33
	37	34
	38	35
	44	40
	45	41
	51	46
	56	51
	57	52
	62	57
	63	58
net/minecraft/client/model/DrownedModel	82	73
	64	56
	67	59
	68	60
	69	61
	72	64
	73	65
	74	66
	75	67
	76	68
	78	69
	79	70
	80	71
	82	73
	20	22
	21	23
	24	26
	25	27
	27	28
	28	29
	29	29
	30	29
	32	31
	33	32
	34	32
	35	32
	38	34
	43	38
	44	39
	46	40
	47	41
	48	42
	49	43
	51	45
	55	49
	56	50
	60	53
	62	54
	63	55
net/minecraft/client/model/SkeletonModel	101	89
	22	24
	23	25
	26	28
	27	29
	29	30
	30	31
	34	35
	35	36
	36	36
	37	36
	39	38
	40	39
	41	39
	42	39
	44	41
	45	42
	46	42
	47	42
	49	44
	50	45
	51	45
	52	45
	54	47
	58	50
	59	51
	61	52
	62	53
	63	54
	64	55
	66	57
	70	61
	71	62
	75	65
	77	66
	78	67
	79	68
	80	69
	81	70
	82	71
	83	72
	84	73
	85	74
	86	75
	87	76
	88	77
	90	78
	92	80
	96	84
	97	85
	98	86
	99	87
	100	88
	101	89
net/minecraft/client/renderer/entity/layers/TropicalFishPatternLayer	63	69
	16	20
	17	21
	18	22
	19	23
	20	24
	21	25
	23	26
	24	27
	25	28
	26	29
	27	30
	28	31
	34	36
	35	37
	36	38
	37	39
	41	44
	42	46
	43	47
	44	48
	46	52
	47	53
	48	54
	49	55
	50	56
	51	57
	52	58
	54	59
	55	60
	56	61
	57	62
	58	63
	59	64
	61	67
	62	68
	63	69
net/minecraft/client/gui/screens/packs/TransferableSelectionList	274	271
	256	250
	257	251
	258	252
	260	255
	261	256
	262	257
	264	260
	265	261
	266	262
	268	265
	269	266
	270	267
	274	271
	21	21
	22	22
	23	23
	24	24
	25	25
	26	26
	27	27
	28	28
	29	29
	30	30
	36	35
	37	36
	38	37
	39	38
	41	39
	42	40
	46	44
	47	45
	48	46
	52	50
	57	55
	62	60
	63	61
	64	62
	65	63
	66	64
	67	65
	68	66
	69	67
	71	69
	73	71
	77	75
	78	76
	81	79
	82	80
	85	82
	86	83
	88	88
	89	89
	92	85
	93	86
	98	95
	117	112
	118	113
	119	114
	121	115
	122	116
	124	117
	125	118
	126	119
	129	122
	130	123
	131	125
	132	127
	134	129
	138	134
	143	139
	148	144
	149	145
	150	146
	151	147
	154	150
	156	151
	157	152
	159	153
	160	154
	161	155
	162	156
	164	157
	165	158
	166	159
	169	162
	170	163
	171	164
	173	166
	176	169
	177	170
	178	171
	180	173
	183	177
	184	178
	185	179
	187	181
	190	185
	191	186
	192	187
	194	189
	200	195
	201	196
	202	197
	205	200
	209	204
	213	208
	214	209
	215	210
	216	211
	217	212
	219	214
	222	217
	223	218
	225	220
	228	223
	229	224
	231	226
	234	229
	235	230
	236	231
	238	233
	239	234
	240	235
	241	236
	242	237
	244	239
	246	240
	251	246
	252	247
	254	248
	255	249
net/minecraft/client/renderer/entity/GuardianRenderer	159	141
	128	109
	130	110
	131	111
	132	112
	133	113
	135	114
	136	115
	137	116
	138	117
	140	118
	141	119
	142	120
	144	123
	145	124
	146	125
	147	126
	149	127
	22	24
	23	25
	151	129
	25	26
	154	132
	155	138
	28	29
	29	30
	159	141
	32	33
	33	34
	37	37
	38	38
	41	41
	42	42
	43	43
	45	44
	46	45
	48	46
	51	50
	55	54
	56	55
	57	56
	58	57
	63	61
	65	62
	66	63
	67	64
	69	65
	70	66
	71	67
	73	68
	74	69
	76	70
	77	71
	79	72
	80	73
	81	74
	84	75
	85	76
	86	77
	87	78
	88	79
	90	80
	92	81
	93	82
	94	83
	95	84
	97	85
	98	86
	100	87
	101	88
	102	89
	103	90
	104	91
	105	92
	106	93
	107	94
	109	95
	110	96
	111	97
	112	98
	114	99
	115	100
	116	101
	117	102
	119	103
	121	104
	122	105
	123	106
	124	107
	126	108
net/minecraft/client/model/geom/PartNames	0	0
net/minecraft/client/renderer/debug/SupportBlockRenderer	77	105
	65	75
	69	81
	70	82
	71	83
	72	84
	73	85
	74	86
	75	87
	76	89
	77	105
	25	27
	26	28
	30	32
	31	33
	32	34
	33	35
	34	36
	37	39
	38	40
	39	41
	42	44
	43	45
	46	46
	48	49
	51	63
	52	64
	54	65
	55	66
	57	67
	58	68
	59	69
	61	71
	62	72
net/minecraft/client/sounds/SoundManager	324	322
	256	165
	259	168
	260	169
	263	172
	264	173
	267	176
	268	177
	271	180
	272	181
	275	184
	276	185
	279	188
	280	189
	283	192
	284	193
	287	196
	288	197
	291	200
	292	201
	295	204
	296	205
	43	48
	299	208
	44	49
	300	209
	303	212
	48	50
	49	51
	50	53
	51	55
	307	216
	308	217
	53	58
	54	58
	55	59
	311	220
	56	60
	312	221
	315	224
	316	225
	319	228
	64	67
	65	68
	323	232
	324	233
	69	71
	71	72
	72	73
	73	74
	74	75
	76	77
	77	78
	79	81
	80	81
	81	82
	82	84
	83	85
	84	86
	85	87
	86	89
	87	90
	89	93
	90	94
	91	95
	93	98
	95	100
	97	103
	100	106
	101	107
	106	111
	109	112
	110	113
	111	114
	113	115
	114	116
	120	121
	121	122
	122	123
	123	124
	128	129
	129	130
	132	133
	136	137
	140	237
	141	238
	144	241
	145	242
	148	245
	149	246
	150	247
	151	248
	152	249
	154	252
	155	253
	158	256
	160	258
	161	259
	164	261
	166	263
	170	267
	171	268
	173	270
	176	273
	177	274
	182	278
	183	279
	184	280
	188	283
	189	284
	190	285
	191	286
	192	287
	193	288
	195	290
	196	291
	197	292
	203	298
	204	299
	205	302
	207	300
	208	302
	210	304
	212	306
	215	309
	217	311
	220	314
	221	315
	223	316
	225	318
	226	319
	227	320
	229	322
	233	141
	234	142
	235	143
	236	144
	238	146
	243	152
	247	156
	251	160
	252	161
	255	164
com/mojang/realmsclient/gui/screens/RealmsLongRunningMcoTickTaskScreen	24	27
	16	19
	17	20
	18	21
	22	25
	23	26
	24	27
	10	13
	11	14
	12	15
net/minecraft/client/model/LlamaSpitModel	47	48
	32	33
	33	34
	34	35
	35	36
	38	39
	43	44
	47	48
	17	19
	18	20
	21	23
	22	24
	24	25
	25	26
	26	28
	27	29
	28	30
	29	31
	30	32
net/minecraft/client/particle/ParticleRenderType	102	98
	66	65
	67	66
	68	67
	69	68
	74	73
	81	79
	18	20
	82	80
	19	21
	20	22
	84	81
	21	23
	22	24
	89	86
	27	29
	97	93
	34	35
	35	36
	36	37
	37	38
	38	39
	102	98
	43	44
	50	50
	51	51
	52	52
	53	53
	54	54
	59	59
net/minecraft/client/renderer/entity/MushroomCowRenderer	27	28
	16	19
	17	20
	20	23
	22	24
	23	25
	27	28
	14	17
	15	18
net/minecraft/client/gui/screens/CreditsAndAttributionScreen	56	53
	32	32
	34	33
	35	34
	36	35
	38	36
	40	37
	41	38
	42	39
	14	16
	46	43
	15	17
	47	44
	16	18
	17	19
	50	47
	51	48
	23	24
	55	52
	24	25
	56	53
	25	26
	29	30
	31	31
com/mojang/realmsclient/gui/screens/RealmsBackupScreen	285	319
	257	283
	262	288
	263	289
	264	290
	265	291
	266	292
	267	300
	268	301
	269	302
	270	303
	271	304
	272	305
	273	306
	274	307
	276	310
	277	311
	278	312
	279	313
	280	314
	282	316
	285	319
	34	35
	36	36
	37	37
	38	38
	39	39
	40	40
	65	55
	66	56
	67	57
	68	58
	69	59
	73	63
	74	64
	76	65
	77	66
	78	67
	79	68
	81	70
	82	72
	84	73
	85	74
	89	78
	91	79
	92	80
	93	84
	95	89
	99	93
	100	94
	101	95
	103	97
	106	100
	109	103
	111	106
	112	107
	113	108
	114	109
	115	110
	116	111
	118	114
	119	115
	120	117
	121	118
	124	121
	125	122
	126	123
	128	125
	129	126
	130	127
	134	131
	135	132
	138	136
	139	139
	140	141
	141	143
	142	147
	147	154
	153	162
	154	168
	157	171
	158	172
	162	176
	167	181
	184	196
	186	197
	188	198
	189	201
	190	203
	191	204
	192	205
	193	206
	194	206
	195	209
	196	210
	199	213
	200	214
	201	215
	202	216
	203	217
	204	218
	205	218
	206	221
	207	222
	209	224
	212	227
	213	228
	214	241
	216	229
	217	231
	218	232
	219	233
	220	234
	223	237
	226	241
	229	244
	230	245
	231	246
	232	247
	234	249
	236	251
	239	254
	243	258
	244	259
	245	260
	246	265
	248	274
	252	278
net/minecraft/client/renderer/PostPass	112	104
	32	33
	33	34
	34	35
	35	36
	36	37
	40	41
	41	42
	44	45
	48	49
	49	50
	50	51
	51	52
	52	53
	55	56
	56	57
	59	60
	61	61
	62	62
	63	63
	65	64
	68	66
	69	67
	70	68
	73	71
	74	72
	75	73
	76	74
	78	75
	79	76
	80	77
	81	78
	82	79
	84	80
	87	81
	89	82
	90	83
	91	84
	92	85
	93	86
	95	87
	97	88
	98	89
	99	90
	100	92
	101	93
	102	94
	105	97
	108	100
	112	104
net/minecraft/client/renderer/debug/GameEventListenerRenderer	170	167
	129	129
	130	130
	137	146
	138	147
	139	148
	142	151
	143	151
	144	151
	148	155
	153	159
	158	163
	36	38
	164	167
	37	39
	41	43
	170	136
	43	44
	44	45
	45	46
	47	114
	50	48
	52	49
	53	50
	55	51
	57	53
	58	54
	59	55
	60	56
	61	57
	63	58
	64	59
	65	60
	67	61
	68	62
	71	65
	72	67
	73	68
	74	70
	77	73
	78	74
	79	75
	80	76
	81	77
	82	78
	88	84
	91	87
	92	88
	93	91
	94	93
	95	95
	98	99
	99	100
	100	101
	101	102
	102	103
	103	104
	105	105
	106	106
	107	107
	109	108
	110	110
	112	114
	115	117
	116	118
	117	122
	120	119
	121	120
	122	122
	125	125
	126	126
com/mojang/blaze3d/vertex/BufferBuilder	279	267
	257	249
	259	250
	260	251
	263	253
	264	254
	265	255
	267	257
	270	260
	15	16
	272	261
	273	262
	274	263
	276	267
	278	265
	279	267
	35	31
	36	32
	39	35
	40	36
	41	37
	43	38
	44	39
	45	40
	47	41
	48	42
	49	43
	50	44
	51	45
	58	49
	59	50
	60	51
	61	52
	62	53
	63	54
	67	58
	68	59
	69	60
	71	62
	75	67
	76	68
	78	70
	82	74
	83	75
	85	78
	86	79
	87	80
	89	83
	90	84
	91	85
	95	89
	96	90
	97	91
	98	92
	99	93
	100	94
	104	98
	105	99
	106	100
	107	101
	109	103
	111	104
	112	105
	113	106
	115	108
	119	114
	120	126
	123	115
	124	116
	125	116
	126	116
	127	117
	132	120
	133	121
	134	122
	135	123
	137	126
	140	129
	142	130
	143	131
	146	134
	147	135
	149	137
	150	138
	152	140
	156	144
	157	145
	158	146
	159	147
	160	148
	161	149
	166	154
	167	155
	168	156
	169	157
	170	158
	171	159
	173	162
	178	167
	179	168
	180	169
	182	172
	187	177
	188	178
	189	179
	190	180
	192	183
	197	188
	202	193
	203	194
	204	195
	206	198
	211	203
	216	208
	217	209
	218	210
	220	213
	224	217
	225	218
	226	219
	227	220
	229	223
	234	228
	235	229
	236	230
	237	231
	238	232
	240	235
	244	239
	249	244
	250	245
	253	246
	254	247
	255	248
net/minecraft/client/gui/LayeredDraw	39	39
	35	35
	36	36
	37	37
	39	39
	15	16
	16	17
	20	21
	21	22
	22	23
	24	25
	28	29
	29	30
	30	31
	31	32
net/minecraft/client/gui/screens/inventory/AbstractSignEditScreen	235	213
	37	38
	38	39
	41	42
	43	43
	44	44
	45	45
	46	46
	48	47
	49	48
	53	53
	55	55
	56	56
	58	58
	59	59
	60	60
	62	62
	66	66
	68	67
	69	68
	71	70
	74	73
	76	75
	77	76
	82	81
	83	82
	84	83
	85	84
	87	85
	88	86
	89	87
	90	88
	92	90
	93	90
	96	90
	101	96
	102	97
	107	102
	109	103
	111	104
	112	105
	114	106
	115	107
	119	111
	120	112
	124	116
	125	117
	129	121
	130	122
	131	123
	133	127
	137	131
	145	139
	146	140
	149	143
	151	144
	152	145
	154	146
	155	147
	156	148
	158	149
	159	150
	160	151
	163	154
	164	155
	165	156
	166	157
	167	158
	168	159
	169	160
	171	161
	172	162
	174	164
	175	165
	176	166
	179	167
	180	168
	183	171
	184	172
	187	173
	191	174
	192	175
	194	176
	195	177
	199	183
	200	184
	201	185
	206	186
	207	187
	209	188
	210	189
	213	192
	214	193
	215	194
	216	195
	217	196
	219	197
	220	198
	222	199
	225	203
	228	206
	229	207
	230	208
	231	209
	234	212
	235	213
net/minecraft/client/sounds/SoundBufferLibrary	57	59
	32	34
	33	35
	34	36
	35	37
	37	39
	41	43
	43	45
	44	46
	45	47
	46	48
	48	50
	52	54
	53	55
	54	56
	24	25
	25	26
	57	59
	28	29
	29	31
	30	32
net/minecraft/client/renderer/texture/atlas/sources/package-info	0	0
net/minecraft/client/gui/screens/worldselection/ConfirmExperimentalFeaturesScreen	155	160
	128	132
	132	136
	142	147
	143	148
	144	149
	145	150
	149	154
	150	155
	151	156
	155	160
	28	30
	29	31
	30	32
	40	40
	41	41
	42	42
	43	43
	47	47
	52	52
	54	53
	55	53
	57	54
	58	55
	59	56
	60	57
	62	59
	64	63
	65	64
	67	66
	68	68
	69	69
	70	70
	74	74
	75	75
	79	79
	80	80
	83	84
	91	90
	92	91
	96	95
	97	96
	98	98
	99	100
	100	102
	101	103
	105	107
	106	108
	108	111
	109	112
	113	116
	114	117
	118	122
	120	124
	121	125
	122	126
	123	127
	124	128
	125	129
net/minecraft/client/renderer/blockentity/EnchantTableRenderer	59	53
	33	31
	35	32
	37	34
	38	35
	40	38
	41	39
	44	42
	46	43
	47	44
	49	45
	18	20
	50	46
	51	47
	53	48
	23	24
	55	49
	24	25
	56	50
	57	51
	58	52
	59	53
	28	28
	29	29
	31	30
com/mojang/realmsclient/dto/PlayerInfo	61	59
	32	30
	36	34
	37	35
	40	38
	44	42
	45	43
	48	46
	52	50
	53	51
	24	22
	56	54
	28	26
	60	58
	29	27
	61	59
net/minecraft/client/gui/font/package-info	0	0
net/minecraft/client/model/LavaSlimeModel	75	68
	64	57
	65	58
	68	61
	69	62
	71	64
	75	68
	20	22
	21	23
	22	24
	25	27
	29	31
	30	32
	32	34
	33	35
	34	36
	35	37
	36	38
	37	39
	38	40
	39	41
	40	42
	42	45
	43	45
	44	45
	49	48
	50	48
	51	48
	54	49
	59	53
	63	56
com/mojang/realmsclient/gui/screens/RealmsGenericErrorScreen	81	74
	67	61
	68	62
	72	66
	77	71
	79	72
	80	73
	81	74
	23	23
	24	24
	25	25
	26	26
	29	29
	30	30
	31	31
	32	32
	35	35
	36	36
	37	37
	38	38
	41	41
	42	42
	43	42
	44	42
	49	46
	50	46
	56	50
	61	55
	62	56
	63	57
net/minecraft/client/gui/components/tabs/Tab	0	0
net/minecraft/client/renderer/entity/EndCrystalRenderer	135	109
	130	105
	135	109
	25	27
	26	28
	27	29
	37	37
	38	38
	40	39
	41	40
	42	41
	43	42
	44	43
	47	46
	48	47
	50	48
	51	48
	52	48
	55	49
	56	49
	57	49
	60	50
	61	50
	62	50
	66	51
	71	55
	73	56
	74	57
	76	58
	78	59
	79	60
	80	61
	81	62
	83	63
	84	64
	87	67
	88	68
	89	69
	91	70
	92	71
	93	72
	94	73
	95	74
	97	75
	98	76
	99	77
	100	78
	102	79
	103	80
	104	81
	106	82
	107	83
	108	84
	109	85
	110	86
	111	87
	112	88
	113	89
	114	90
	115	91
	118	94
	119	95
	122	98
	123	99
	124	100
	125	101
com/mojang/realmsclient/util/RealmsTextureManager	66	62
	64	59
	65	62
	66	62
	20	22
	22	23
	23	24
	26	27
	27	27
	29	27
	33	31
	34	32
	35	33
	38	35
	39	36
	40	37
	41	38
	42	39
	45	41
	46	42
	47	43
	49	44
	57	51
	58	52
	60	55
	61	56
	62	57
net/minecraft/client/sounds/JOrbisAudioStream	244	231
	129	96
	130	110
	136	116
	137	117
	138	118
	140	120
	142	121
	143	122
	145	124
	151	132
	152	133
	154	148
	157	137
	158	138
	159	139
	162	142
	163	146
	166	135
	167	150
	174	156
	176	158
	177	159
	178	160
	51	41
	180	162
	53	42
	181	163
	55	43
	183	166
	56	44
	57	45
	189	171
	62	48
	190	172
	63	49
	64	50
	192	173
	193	174
	194	175
	69	53
	197	178
	198	179
	73	53
	201	182
	74	54
	75	55
	203	185
	76	56
	204	186
	78	59
	206	187
	79	60
	207	188
	208	190
	81	53
	209	193
	210	196
	212	199
	85	64
	86	65
	215	202
	88	66
	89	67
	219	206
	220	207
	93	70
	221	208
	222	209
	223	210
	98	75
	226	213
	229	216
	102	79
	230	217
	103	80
	104	81
	232	219
	105	82
	106	83
	235	222
	236	223
	109	86
	237	224
	110	87
	239	226
	243	230
	116	93
	244	231
	117	94
	119	104
	120	105
	122	108
	125	98
	126	102
net/minecraft/client/renderer/entity/ThrownItemRenderer	58	53
	34	35
	39	40
	40	49
	43	41
	45	42
	47	43
	49	44
	51	46
	53	47
	22	23
	54	49
	23	24
	24	25
	25	26
	26	27
	58	53
	29	30
	30	31
com/mojang/blaze3d/platform/MonitorCreator	0	0
net/minecraft/client/particle/FlameParticle	71	74
	64	68
	68	71
	69	72
	70	73
	71	74
	9	12
	10	13
	14	17
	19	22
	20	23
	21	24
	25	28
	26	29
	31	34
	32	35
	33	36
	35	37
	36	38
	37	39
	38	40
	39	41
	41	44
	48	52
	49	53
	53	56
	54	57
	55	58
	63	67
com/mojang/realmsclient/gui/screens/RealmsDownloadLatestWorldScreen	286	275
	257	245
	258	246
	259	247
	263	251
	264	252
	265	253
	266	255
	267	256
	268	257
	269	258
	270	259
	272	262
	273	266
	275	263
	278	267
	279	268
	281	270
	282	271
	29	29
	285	274
	286	275
	62	57
	69	63
	70	64
	71	65
	72	66
	73	67
	74	68
	75	69
	76	70
	77	71
	81	76
	82	76
	83	78
	84	79
	87	82
	88	94
	90	83
	92	84
	93	85
	94	86
	96	87
	97	88
	98	89
	101	91
	103	94
	106	97
	107	98
	112	103
	114	104
	116	105
	117	105
	118	106
	119	107
	122	109
	125	112
	126	113
	127	114
	128	115
	129	116
	130	117
	132	120
	133	121
	135	124
	140	129
	141	130
	142	131
	144	134
	145	135
	149	139
	151	140
	153	141
	155	142
	156	143
	159	146
	160	147
	161	148
	164	151
	165	152
	167	154
	170	157
	172	158
	173	159
	176	162
	177	163
	180	166
	181	167
	183	168
	184	169
	185	170
	186	171
	188	172
	189	173
	192	176
	193	177
	194	178
	195	179
	196	180
	198	183
	199	184
	201	187
	202	188
	204	190
	206	192
	209	195
	210	196
	211	197
	214	201
	219	207
	220	208
	224	212
	225	213
	229	217
	231	218
	232	219
	233	220
	235	222
	236	223
	237	224
	238	225
	239	226
	243	230
	244	231
	245	232
	247	235
	250	238
	251	239
	252	240
net/minecraft/client/renderer/block/model/multipart/KeyValueCondition	70	72
	67	72
	68	72
	69	72
	70	72
	17	19
	23	24
	24	25
	25	26
	29	30
	30	31
	31	32
	34	35
	35	36
	36	37
	37	38
	40	41
	41	42
	42	43
	46	47
	47	48
	49	51
	50	53
	53	56
	57	60
	58	61
	59	63
	62	66
net/minecraft/client/RecipeBookCategories	69	68
	64	62
	69	68
	14	16
	15	17
	16	18
	17	19
	18	20
	20	21
	21	22
	22	23
	23	24
	25	25
	26	26
	27	27
	29	28
	30	29
	32	30
	34	31
	36	32
	38	33
	41	35
	42	36
	43	37
	44	39
	46	41
	47	43
	48	45
	49	47
	50	49
	56	54
	57	55
	60	58
	61	59
	62	60
	63	61
com/mojang/blaze3d/audio/Channel	181	171
	129	121
	130	122
	133	125
	134	126
	137	129
	138	130
	139	131
	140	132
	141	133
	144	136
	17	18
	148	140
	150	142
	151	143
	152	144
	154	145
	157	148
	158	149
	31	29
	33	30
	161	152
	34	31
	35	31
	164	155
	37	31
	165	156
	166	157
	168	159
	41	35
	42	36
	171	162
	45	39
	173	163
	46	40
	174	164
	47	41
	175	165
	48	42
	176	166
	177	167
	50	44
	178	168
	51	45
	52	46
	181	171
	54	49
	55	50
	58	53
	59	54
	61	56
	64	59
	65	60
	68	63
	69	63
	71	63
	75	67
	76	68
	78	70
	81	73
	82	74
	84	76
	87	79
	88	80
	89	81
	91	83
	94	86
	98	90
	102	94
	103	95
	106	98
	107	99
	110	102
	111	103
	114	106
	115	107
	118	110
	119	111
	122	114
	123	115
	124	116
	125	117
	126	118
net/minecraft/client/renderer/debug/WorldGenAttemptRenderer	54	55
	14	16
	15	17
	16	18
	17	19
	18	20
	19	21
	22	24
	23	25
	24	26
	25	27
	26	28
	27	29
	28	30
	32	34
	34	36
	35	37
	36	38
	38	39
	39	40
	42	43
	43	44
	44	45
	45	46
	46	47
	47	48
	48	49
	49	50
	50	51
	51	52
	54	55
net/minecraft/client/renderer/entity/TurtleRenderer	27	24
	17	19
	18	20
	20	20
	22	20
	9	12
	27	24
	12	15
	13	16
net/minecraft/client/model/ChestBoatModel	54	51
	32	34
	34	35
	36	36
	37	38
	38	38
	39	39
	42	41
	43	43
	44	43
	45	44
	48	46
	49	48
	18	20
	50	48
	19	21
	51	49
	54	51
	23	25
	24	26
	25	27
	26	28
	27	29
	31	33
net/minecraft/client/gui/screens/recipebook/RecipeShownListener	0	0
net/minecraft/client/multiplayer/ClientSuggestionProvider	179	178
	128	128
	129	132
	132	129
	133	130
	138	137
	139	138
	140	142
	143	139
	144	140
	149	147
	154	151
	159	155
	163	159
	164	160
	165	161
	166	162
	168	164
	171	167
	44	48
	172	169
	45	49
	173	172
	46	50
	175	175
	176	176
	50	53
	179	178
	52	55
	53	56
	56	59
	61	63
	62	64
	64	67
	65	68
	66	69
	71	73
	72	74
	74	75
	79	79
	84	83
	89	87
	94	91
	95	92
	100	101
	101	102
	102	103
	103	104
	108	108
	109	109
	111	112
	112	113
	113	114
	114	115
	118	119
	122	123
	127	127
net/minecraft/client/renderer/entity/SpiderRenderer	30	30
	18	21
	20	22
	21	23
	25	26
	11	14
	14	17
	30	30
	15	18
net/minecraft/client/InputType	15	18
	11	14
	15	18
com/mojang/realmsclient/gui/RealmsWorldSlotButton	181	173
	129	81
	130	82
	131	83
	135	85
	136	86
	138	87
	139	88
	140	89
	141	90
	142	91
	143	92
	144	93
	145	94
	146	95
	147	96
	149	98
	22	23
	23	24
	24	25
	25	26
	153	101
	26	27
	154	102
	27	28
	29	29
	157	105
	30	30
	31	31
	159	106
	32	32
	160	107
	161	108
	163	109
	164	110
	166	112
	39	38
	40	39
	41	40
	170	115
	171	116
	45	44
	173	117
	174	118
	175	119
	176	120
	178	123
	179	124
	180	125
	181	129
	67	152
	68	153
	69	154
	70	155
	71	156
	72	157
	73	158
	74	159
	75	160
	77	162
	78	163
	79	164
	80	165
	81	166
	82	167
	83	168
	84	169
	86	172
	87	173
	91	48
	92	49
	93	50
	96	53
	97	55
	98	54
	99	56
	102	58
	103	59
	106	62
	107	63
	108	64
	111	67
	112	68
	115	71
	116	72
	118	74
	119	74
	121	74
	126	80
	127	129
net/minecraft/client/renderer/item/ItemPropertyFunction	0	0
net/minecraft/client/gui/screens/inventory/SmithingScreen	173	167
	128	123
	130	125
	133	129
	137	133
	138	134
	140	136
	143	139
	145	140
	146	141
	149	144
	150	145
	23	24
	151	146
	24	26
	25	29
	153	147
	26	31
	154	148
	27	32
	155	149
	28	34
	157	151
	158	152
	159	153
	160	154
	161	155
	166	160
	167	161
	170	164
	43	46
	171	165
	172	166
	173	167
	55	57
	56	58
	57	59
	58	60
	62	64
	63	65
	64	66
	66	67
	67	68
	68	69
	69	70
	71	71
	72	72
	76	76
	78	77
	79	78
	80	79
	81	80
	82	81
	85	84
	86	85
	87	86
	89	87
	94	92
	95	93
	96	94
	100	98
	102	99
	103	100
	104	101
	106	103
	107	105
	111	109
	112	110
	114	112
	117	115
	118	129
	121	116
	122	117
	125	120
	126	121
	127	122
net/minecraft/client/gui/screens/reporting/ChatSelectionLogFiller	77	76
	64	62
	67	65
	68	66
	69	67
	70	68
	71	69
	72	70
	74	73
	75	74
	77	76
	30	30
	31	31
	32	32
	33	33
	34	34
	37	37
	38	39
	39	40
	40	41
	43	45
	44	45
	46	46
	47	46
	51	47
	52	48
	53	49
	54	50
	56	53
	57	54
	59	56
	61	59
net/minecraft/client/renderer/entity/SnowGolemRenderer	20	21
	16	18
	20	21
	10	13
	13	16
	15	17
net/minecraft/client/renderer/entity/CatRenderer	55	48
	32	29
	33	30
	34	31
	38	34
	40	35
	41	36
	42	37
	43	38
	46	39
	47	41
	48	41
	49	42
	50	43
	51	44
	20	20
	22	21
	23	22
	55	48
	27	25
net/minecraft/client/particle/DripParticle	316	344
	257	147
	258	148
	259	149
	263	155
	264	156
	265	157
	269	163
	273	169
	274	170
	275	171
	279	177
	23	245
	280	178
	24	246
	281	179
	25	247
	282	180
	26	248
	283	181
	27	249
	287	187
	31	253
	288	188
	32	254
	289	189
	33	255
	290	190
	291	191
	35	257
	295	197
	39	261
	296	198
	40	262
	297	199
	41	263
	298	200
	42	264
	299	201
	300	202
	47	228
	304	208
	48	229
	305	209
	306	210
	307	211
	308	212
	52	233
	53	234
	54	235
	55	236
	312	218
	56	237
	313	219
	314	220
	315	221
	316	222
	63	298
	64	299
	65	300
	69	304
	70	305
	71	306
	73	308
	78	333
	79	334
	83	338
	84	339
	85	340
	86	341
	87	342
	89	344
	94	278
	95	279
	99	283
	100	284
	101	285
	102	286
	103	287
	104	288
	106	290
	111	314
	112	315
	115	318
	116	319
	117	320
	121	324
	122	325
	124	327
	129	270
	130	271
	131	272
	138	24
	139	25
	140	26
	141	27
	142	28
	145	31
	150	36
	155	41
	156	41
	159	41
	164	46
	165	47
	166	48
	168	49
	169	50
	170	67
	173	51
	174	52
	175	53
	176	54
	177	67
	180	55
	181	56
	182	57
	184	58
	185	67
	188	59
	189	60
	190	61
	191	61
	192	62
	195	67
	198	70
	199	71
	201	73
	204	76
	207	81
	208	82
	209	83
	213	89
	214	90
	215	91
	219	97
	223	103
	224	104
	225	105
	229	111
	230	112
	231	113
	235	119
	236	120
	237	121
	238	122
	239	123
	243	129
	244	130
	245	131
	246	132
	250	138
	251	139
	252	140
	253	141
net/minecraft/client/gui/font/glyphs/package-info	0	0
net/minecraft/client/renderer/texture/atlas/sources/PalettedPermutations	139	154
	128	143
	129	144
	130	145
	132	147
	138	153
	139	154
	35	38
	37	40
	38	41
	39	42
	40	43
	41	45
	48	52
	49	53
	50	54
	51	55
	55	59
	56	60
	57	63
	58	64
	60	68
	61	69
	62	70
	63	71
	64	72
	67	74
	68	76
	69	77
	70	78
	73	82
	76	85
	77	86
	78	87
	81	90
	82	92
	83	93
	84	94
	85	95
	89	99
	90	100
	91	101
	92	102
	95	105
	96	106
	97	107
	98	108
	103	113
	104	114
	105	115
	106	116
	108	120
	109	123
	110	124
	111	125
	112	126
	118	132
	126	141
	127	142
net/minecraft/client/gui/screens/inventory/LecternScreen	109	109
	65	64
	67	66
	71	70
	72	71
	76	75
	77	76
	81	80
	82	81
	83	82
	21	20
	85	84
	22	21
	89	89
	26	24
	90	90
	27	25
	29	27
	94	94
	33	31
	34	32
	98	98
	99	99
	100	100
	38	35
	103	103
	104	104
	43	40
	44	41
	108	108
	45	42
	109	109
	49	46
	50	47
	51	48
	55	52
	56	53
	57	54
	61	58
	62	59
	63	61
net/minecraft/client/gui/screens/telemetry/TelemetryInfoScreen	135	130
	129	124
	130	125
	134	129
	135	130
	24	25
	25	26
	26	27
	27	28
	28	29
	29	30
	32	32
	49	45
	50	46
	51	47
	52	48
	56	52
	61	57
	62	58
	63	59
	64	60
	65	61
	66	62
	67	63
	69	64
	70	65
	71	66
	73	69
	74	70
	75	71
	77	72
	78	73
	79	74
	81	76
	82	78
	83	79
	87	83
	88	84
	89	85
	90	86
	91	87
	93	90
	94	91
	96	94
	97	95
	101	99
	102	100
	104	102
	107	105
	108	106
	109	106
	110	106
	111	106
	115	110
	116	111
	118	113
	121	116
	122	117
	125	120
	126	121
net/minecraft/client/animation/definitions/package-info	0	0
com/mojang/realmsclient/package-info	0	0
net/minecraft/client/renderer/blockentity/TheEndPortalRenderer	55	69
	32	33
	33	34
	34	35
	35	36
	38	52
	39	53
	40	54
	41	55
	42	56
	44	58
	13	16
	14	17
	47	61
	16	20
	51	65
	20	23
	22	24
	23	25
	55	69
	26	28
	27	29
	29	30
	30	31
	31	32
net/minecraft/client/multiplayer/chat/LoggedChatEvent	33	34
	16	19
	33	34
	23	25
	24	26
	25	27
	10	12
	28	30
	15	18
net/minecraft/client/renderer/entity/package-info	0	0
net/minecraft/client/gui/screens/FaviconTexture	83	88
	64	69
	65	70
	67	72
	70	75
	75	80
	76	81
	77	82
	14	15
	80	85
	81	86
	83	88
	26	25
	27	26
	28	27
	31	32
	35	39
	39	43
	40	60
	41	61
	44	45
	46	46
	47	47
	49	49
	50	50
	52	53
	53	54
	54	55
	55	56
	56	57
	58	63
	61	66
	62	67
	63	68
net/minecraft/client/renderer/entity/PaintingRenderer	141	140
	128	128
	129	129
	131	130
	132	131
	133	132
	134	133
	137	136
	140	139
	141	140
	22	25
	23	26
	27	29
	28	30
	30	31
	32	32
	34	33
	35	34
	36	43
	38	44
	39	45
	43	48
	47	60
	49	61
	50	62
	52	63
	54	64
	55	65
	56	66
	57	67
	60	68
	61	69
	62	70
	63	71
	65	72
	66	73
	67	74
	68	75
	70	76
	71	77
	73	79
	74	80
	75	81
	76	82
	77	83
	78	84
	80	85
	81	86
	82	87
	84	88
	85	89
	86	90
	88	93
	89	94
	91	97
	92	98
	94	101
	95	102
	98	105
	101	106
	102	107
	103	108
	104	109
	106	110
	107	111
	108	112
	109	113
	111	114
	112	115
	113	116
	114	117
	116	118
	117	119
	118	120
	119	121
	121	122
	122	123
	123	124
	124	125
	126	126
	127	127
net/minecraft/client/gui/components/FittingMultiLineTextWidget	80	88
	66	74
	71	79
	72	80
	73	81
	74	82
	75	83
	14	17
	15	18
	79	87
	16	19
	80	88
	17	20
	20	23
	21	24
	26	29
	27	30
	28	31
	32	35
	37	40
	42	45
	43	46
	44	47
	45	48
	47	56
	51	60
	52	71
	54	61
	55	62
	56	63
	57	64
	58	65
	59	66
	61	68
	63	71
net/minecraft/client/particle/FireworkParticles	354	333
	257	75
	258	76
	259	77
	260	78
	261	79
	263	80
	265	81
	266	82
	267	83
	270	86
	271	87
	274	90
	275	91
	279	95
	23	143
	280	96
	282	98
	286	102
	288	103
	289	105
	290	107
	291	108
	292	109
	293	110
	37	147
	294	111
	295	112
	296	113
	297	114
	299	117
	300	118
	302	120
	307	43
	308	44
	52	161
	309	45
	53	162
	54	163
	55	164
	56	165
	313	49
	58	166
	59	167
	318	54
	62	170
	319	55
	63	171
	320	56
	65	173
	66	174
	67	175
	324	60
	68	176
	69	177
	72	180
	332	30
	76	184
	333	31
	77	185
	79	186
	80	187
	337	34
	81	188
	338	35
	339	36
	83	190
	84	191
	85	192
	86	193
	347	128
	348	129
	92	199
	93	200
	95	202
	352	133
	353	135
	97	205
	354	136
	100	208
	101	209
	102	210
	104	211
	105	212
	106	213
	107	214
	109	215
	110	216
	113	219
	114	221
	115	224
	116	227
	125	230
	134	233
	137	236
	138	237
	139	238
	140	238
	141	238
	142	238
	145	241
	146	242
	147	243
	148	244
	149	245
	150	246
	152	249
	154	251
	157	254
	158	255
	163	259
	164	260
	165	261
	166	262
	168	263
	169	264
	170	265
	172	267
	175	270
	176	271
	177	272
	179	274
	180	275
	181	276
	182	277
	183	278
	184	279
	185	280
	187	281
	189	282
	190	283
	195	288
	198	291
	199	292
	201	293
	203	294
	204	295
	205	297
	206	298
	208	299
	209	300
	211	302
	212	303
	213	304
	215	306
	216	307
	217	308
	219	309
	220	310
	222	312
	223	313
	226	317
	227	318
	230	321
	233	324
	234	325
	236	327
	237	328
	238	329
	239	330
	241	331
	243	333
net/minecraft/client/sounds/FloatSampleSource	29	32
	16	17
	17	19
	20	22
	25	27
	26	29
	29	32
net/minecraft/client/multiplayer/ServerList	178	176
	129	128
	130	129
	132	131
	133	132
	136	135
	138	137
	141	140
	145	144
	146	145
	147	146
	20	21
	148	147
	149	148
	22	22
	152	151
	153	152
	156	155
	157	156
	30	29
	31	30
	159	157
	160	158
	161	159
	35	34
	36	35
	164	163
	38	36
	39	37
	40	38
	168	167
	169	168
	170	169
	43	41
	44	43
	172	170
	45	44
	173	171
	46	45
	48	46
	176	174
	49	47
	177	175
	178	176
	51	49
	54	52
	55	53
	57	55
	61	59
	62	61
	63	62
	65	63
	66	64
	68	67
	69	68
	71	69
	72	70
	75	73
	76	74
	78	75
	79	76
	80	77
	82	78
	83	79
	84	80
	85	81
	86	82
	88	84
	91	87
	96	92
	97	93
	98	94
	101	98
	102	99
	103	100
	106	104
	111	109
	112	110
	113	111
	114	112
	115	113
	116	114
	119	118
	123	122
	124	123
	126	125
net/minecraft/client/renderer/texture/atlas/SpriteSources	49	43
	32	30
	33	31
	37	33
	40	34
	43	37
	44	38
	45	39
	46	40
	47	41
	49	43
	18	20
	20	21
	21	22
	22	23
	23	24
	24	25
	26	26
	28	27
	29	28
net/minecraft/client/renderer/entity/WitherSkeletonRenderer	23	24
	17	19
	22	23
	23	24
	9	12
	12	15
	13	16
net/minecraft/client/StringSplitter	459	463
	29	28
	30	29
	33	32
	34	33
	37	36
	38	37
	39	38
	40	39
	42	41
	46	45
	47	46
	48	47
	49	48
	51	50
	55	54
	56	55
	57	56
	58	57
	60	59
	68	444
	69	445
	73	448
	74	449
	75	450
	76	451
	78	453
	82	458
	86	462
	87	463
	91	63
	92	64
	93	65
	97	69
	101	73
	102	74
	103	75
	104	76
	105	77
	106	78
	109	81
	110	82
	113	84
	117	88
	118	89
	119	90
	124	95
	125	97
	130	104
	131	105
	132	106
	133	107
	134	108
	135	109
	137	111
	139	114
	143	118
	147	122
	149	123
	154	127
	155	128
	156	129
	157	130
	158	131
	160	134
	162	136
	163	137
	165	140
	167	143
	183	366
	184	367
	188	370
	189	371
	191	373
	193	375
	194	376
	197	378
	198	379
	199	380
	200	385
	201	385
	203	385
	206	381
	207	382
	208	383
	214	391
	215	392
	216	393
	220	397
	224	401
	228	405
	232	409
	233	410
	237	147
	238	148
	239	149
	243	153
	244	154
	245	155
	247	157
	248	158
	249	159
	250	160
	252	163
	253	164
	256	167
	258	168
	259	169
	260	170
	261	171
	262	172
	263	173
	264	174
	265	175
	267	177
	270	180
	271	181
	273	183
	274	184
	280	190
	289	194
	290	195
	291	196
	292	198
	293	199
	294	200
	295	201
	296	202
	297	203
	299	206
	300	207
	302	208
	303	209
	304	210
	305	211
	307	213
	310	216
	311	217
	312	218
	320	419
	321	420
	322	421
	326	424
	331	428
	340	290
	341	291
	342	292
	345	295
	349	299
	350	300
	351	301
	352	302
	353	304
	354	305
	355	306
	356	307
	358	308
	359	309
	360	310
	361	311
	362	312
	364	314
	365	315
	366	316
	368	319
	369	320
	373	324
	374	325
	375	335
	376	336
	378	326
	379	327
	380	328
	382	330
	389	340
	390	341
	395	346
	396	347
	397	348
	398	349
	403	222
	404	223
	405	224
	409	228
	410	233
	411	235
	415	239
	417	240
	418	241
	419	242
	421	245
	424	247
	425	248
	426	249
	427	250
	428	252
	429	253
	430	254
	431	256
	432	257
	433	258
	435	259
	436	260
	438	261
	440	262
	441	263
	442	264
	443	265
	444	266
	445	267
	446	268
	447	269
	449	272
	453	276
	454	277
	455	278
	456	279
	457	280
	459	282
net/minecraft/client/renderer/entity/layers/FoxHeldItemLayer	70	60
	66	57
	67	58
	69	59
	70	60
	18	21
	19	22
	20	23
	24	26
	25	27
	27	28
	30	29
	31	30
	32	31
	33	32
	36	35
	39	36
	40	37
	41	38
	42	39
	45	40
	46	41
	47	42
	49	44
	52	46
	53	47
	55	49
	60	52
	62	53
	63	54
com/mojang/realmsclient/exception/package-info	0	0
net/minecraft/client/gui/spectator/categories/TeleportToPlayerMenuCategory	65	66
	32	33
	33	34
	65	66
	34	35
	35	36
	36	37
	40	41
	45	46
	50	51
	19	21
	51	52
	20	22
	21	23
	22	24
	55	56
	27	28
	28	29
	60	61
	61	62
	31	32
net/minecraft/client/gui/screens/DemoIntroScreen	67	70
	65	68
	66	69
	67	70
	13	16
	16	21
	17	22
	19	17
	20	18
	24	26
	26	27
	27	28
	28	29
	29	30
	30	31
	31	32
	32	33
	33	34
	35	35
	36	36
	37	41
	38	47
	39	48
	40	49
	43	51
	44	52
	48	56
	50	57
	51	58
	52	59
	53	60
	57	64
	59	65
	61	66
	63	67
net/minecraft/client/renderer/block/model/FaceBakery	286	302
	257	274
	258	275
	262	279
	263	281
	264	282
	265	283
	267	284
	268	285
	269	286
	271	287
	272	288
	273	289
	275	291
	276	292
	277	293
	278	294
	23	23
	279	295
	24	24
	280	296
	281	297
	282	298
	30	39
	286	302
	31	40
	32	41
	35	44
	36	45
	38	46
	40	47
	41	48
	43	49
	44	50
	45	51
	46	52
	48	53
	49	56
	51	57
	53	58
	54	59
	57	62
	61	66
	63	67
	64	68
	65	69
	66	70
	67	71
	69	72
	70	73
	71	74
	72	75
	73	76
	79	79
	80	80
	81	81
	83	83
	84	84
	90	89
	91	90
	92	91
	94	93
	95	94
	98	97
	99	98
	100	99
	101	100
	102	101
	106	113
	107	115
	108	116
	110	119
	114	123
	115	124
	116	125
	117	126
	118	127
	119	128
	120	129
	121	130
	125	144
	127	145
	128	146
	129	147
	131	148
	132	149
	135	152
	136	153
	137	154
	138	155
	139	156
	140	157
	141	158
	142	159
	145	162
	146	197
	151	165
	153	167
	154	168
	155	169
	157	171
	158	172
	159	173
	161	175
	162	176
	163	177
	164	179
	167	182
	169	183
	170	184
	171	185
	173	187
	175	190
	177	192
	180	195
	181	197
	184	200
	185	203
	188	201
	189	203
	192	206
	193	207
	194	208
	195	209
	198	212
	199	213
	200	214
	201	215
	202	216
	203	217
	204	218
	205	219
	208	222
	209	223
	210	225
	211	226
	212	227
	213	228
	215	229
	216	230
	217	231
	220	235
	221	235
	223	235
	227	239
	228	240
	230	241
	231	242
	232	243
	233	244
	234	245
	235	246
	236	247
	237	249
	238	250
	239	251
	240	252
	241	253
	242	254
	243	255
	245	258
	246	259
	248	262
	249	263
	251	266
	252	267
	254	270
	255	271
net/minecraft/client/renderer/entity/GoatRenderer	17	19
	17	19
	9	12
	12	15
	13	16
net/minecraft/client/gui/screens/packs/package-info	0	0
net/minecraft/client/gui/screens/inventory/CreativeModeInventoryScreen	1041	997
	1024	814
	1025	816
	1026	817
	1027	818
	1028	819
	1030	822
	1031	823
	1032	824
	1033	825
	1034	826
	1035	827
	1036	828
	1037	829
	1039	830
	1041	832
	54	65
	55	66
	57	68
	58	68
	59	69
	60	70
	61	71
	62	72
	63	73
	64	74
	66	77
	67	77
	68	78
	69	79
	70	80
	71	81
	72	82
	73	83
	75	86
	76	86
	77	87
	78	88
	79	89
	80	90
	81	91
	82	92
	84	95
	85	95
	86	96
	87	97
	88	98
	89	99
	90	100
	91	101
	100	109
	101	110
	104	112
	125	854
	126	855
	128	856
	129	858
	130	859
	131	860
	135	864
	136	865
	139	868
	140	869
	144	872
	148	876
	152	880
	156	884
	160	888
	164	892
	165	894
	166	895
	167	896
	168	897
	169	898
	171	900
	175	904
	178	907
	183	911
	184	912
	186	913
	187	914
	191	918
	196	922
	201	926
	206	930
	211	934
	212	935
	216	127
	217	128
	218	129
	219	130
	220	131
	221	132
	222	133
	225	136
	229	140
	230	141
	231	142
	232	143
	233	144
	234	145
	235	146
	237	148
	242	153
	245	156
	246	157
	249	160
	250	161
	251	162
	252	163
	255	166
	259	170
	260	171
	261	172
	262	173
	264	175
	269	178
	270	179
	271	180
	275	184
	277	185
	278	196
	281	186
	282	187
	285	192
	286	193
	288	196
	292	200
	293	201
	294	202
	297	205
	298	206
	300	207
	301	222
	302	223
	304	226
	305	227
	306	228
	308	230
	310	231
	311	232
	312	233
	313	234
	314	235
	315	236
	316	237
	318	238
	319	239
	320	240
	321	241
	322	242
	324	244
	325	248
	328	250
	330	251
	331	252
	333	253
	334	254
	335	255
	336	256
	339	259
	340	262
	341	263
	342	264
	343	265
	346	268
	347	271
	348	272
	349	273
	350	274
	351	275
	354	278
	357	281
	359	282
	360	283
	361	284
	363	285
	364	286
	368	289
	370	291
	372	294
	373	295
	374	296
	375	297
	379	292
	380	293
	382	299
	383	300
	384	301
	386	302
	387	303
	388	304
	390	306
	391	307
	392	308
	393	309
	394	310
	395	311
	396	312
	397	313
	398	314
	399	315
	401	318
	406	208
	407	209
	408	210
	409	211
	410	212
	412	215
	413	216
	414	217
	415	218
	419	322
	422	325
	427	330
	428	331
	430	332
	431	333
	432	334
	433	335
	434	336
	435	337
	437	338
	438	339
	439	340
	441	341
	442	342
	443	343
	444	344
	445	345
	448	348
	450	350
	454	354
	456	355
	457	356
	458	357
	460	358
	461	359
	464	362
	465	363
	466	364
	470	368
	472	369
	473	370
	475	372
	479	376
	480	377
	482	380
	483	381
	485	384
	486	385
	487	386
	488	387
	490	390
	492	392
	497	398
	498	399
	499	400
	500	401
	501	402
	502	403
	504	405
	508	408
	509	409
	510	410
	513	411
	514	412
	517	415
	518	416
	519	417
	520	418
	523	421
	525	423
	527	423
	529	423
	534	430
	535	431
	539	435
	540	436
	542	437
	543	438
	544	439
	546	441
	547	442
	549	443
	550	445
	551	446
	552	447
	553	448
	555	450
	557	453
	561	457
	562	458
	563	459
	566	462
	569	464
	570	465
	572	467
	573	468
	574	469
	577	472
	578	473
	582	477
	583	478
	585	480
	589	484
	590	485
	591	486
	593	488
	594	489
	595	490
	599	494
	600	495
	601	496
	605	500
	610	505
	611	506
	612	507
	614	508
	616	510
	617	511
	618	512
	619	513
	624	518
	628	522
	632	526
	633	527
	635	528
	636	529
	637	530
	638	531
	639	532
	640	534
	641	535
	642	536
	643	537
	644	538
	645	539
	646	540
	648	541
	649	542
	650	543
	651	544
	653	546
	657	550
	660	553
	661	554
	664	557
	665	558
	667	559
	668	560
	670	563
	671	565
	674	568
	675	569
	676	570
	677	571
	679	572
	680	573
	681	574
	682	575
	683	576
	684	577
	685	578
	686	579
	688	581
	689	582
	690	583
	692	584
	694	585
	695	586
	697	588
	701	592
	702	593
	705	596
	706	597
	707	598
	708	599
	709	600
	710	601
	713	604
	714	605
	715	606
	716	607
	717	608
	718	609
	720	612
	722	614
	723	615
	724	616
	725	617
	728	620
	729	621
	730	622
	734	626
	735	627
	737	630
	738	631
	739	632
	744	637
	745	638
	746	639
	750	643
	751	644
	753	645
	754	646
	755	647
	756	648
	757	649
	763	654
	764	655
	765	656
	767	657
	768	658
	769	659
	771	660
	773	662
	778	668
	780	670
	781	671
	786	676
	787	677
	790	680
	791	681
	795	685
	796	686
	797	687
	799	688
	800	689
	801	690
	803	691
	804	695
	806	696
	807	697
	808	698
	809	699
	811	701
	814	704
	815	706
	816	707
	817	708
	821	712
	824	692
	829	717
	830	718
	831	719
	835	723
	837	724
	839	725
	840	726
	841	727
	843	728
	844	729
	845	730
	848	733
	850	734
	851	736
	853	739
	856	742
	857	743
	858	744
	860	745
	861	746
	863	749
	867	753
	868	754
	869	755
	871	757
	873	760
	877	764
	878	765
	879	766
	883	770
	884	771
	885	772
	886	773
	887	774
	890	776
	894	781
	895	782
	896	783
	897	784
	898	785
	901	787
	902	788
	904	790
	907	793
	909	794
	910	795
	911	796
	912	797
	914	798
	915	799
	916	800
	918	801
	919	802
	922	805
	930	943
	931	944
	932	945
	936	948
	937	949
	941	952
	946	956
	951	960
	956	964
	957	965
	961	968
	962	969
	966	972
	967	973
	971	976
	976	980
	982	985
	987	989
	992	993
	997	997
	1003	837
	1004	838
	1008	841
	1009	842
	1010	843
	1011	843
	1013	844
	1018	809
	1019	810
	1020	811
	1021	812
	1023	813
net/minecraft/client/renderer/entity/TadpoleRenderer	17	19
	17	19
	9	12
	12	15
	13	16
com/mojang/realmsclient/gui/screens/RealmsResetNormalWorldScreen	116	112
	64	59
	65	61
	66	61
	69	63
	71	64
	72	65
	73	66
	75	68
	76	70
	77	71
	81	75
	82	76
	85	79
	86	80
	88	81
	25	28
	89	83
	26	29
	90	83
	92	84
	93	86
	94	87
	95	88
	98	92
	99	93
	100	95
	102	98
	105	101
	43	41
	44	42
	45	43
	46	44
	110	106
	111	107
	50	48
	51	49
	115	111
	116	112
	53	50
	55	51
	57	52
	59	53
	60	55
	61	56
	62	57
net/minecraft/client/color/item/ItemColor	0	0
net/minecraft/client/resources/language/I18n	28	30
	16	17
	19	20
	21	23
	22	24
	23	25
	8	10
	11	13
	28	30
	15	16
net/minecraft/client/renderer/entity/CreeperRenderer	46	39
	35	34
	37	35
	38	35
	41	35
	12	15
	46	39
	15	18
	17	19
	18	20
	22	23
	24	24
	25	25
	26	26
	27	27
	28	28
	29	29
	30	30
	31	31
net/minecraft/client/model/PlayerModel	207	182
	42	41
	43	42
	45	43
	46	44
	47	45
	48	46
	49	47
	50	48
	51	49
	53	50
	54	51
	57	54
	58	55
	60	56
	61	56
	62	56
	65	57
	66	59
	67	59
	68	60
	71	62
	72	63
	73	64
	74	65
	75	65
	76	65
	78	67
	79	68
	80	68
	81	68
	83	70
	84	72
	85	72
	86	73
	88	75
	89	77
	90	77
	91	78
	94	81
	95	82
	96	82
	97	82
	100	84
	101	86
	102	86
	103	87
	105	89
	106	91
	107	91
	108	92
	112	96
	113	97
	114	97
	115	97
	117	99
	118	101
	119	101
	120	102
	122	104
	123	106
	124	106
	125	107
	127	109
	128	110
	129	110
	133	112
	138	117
	142	121
	143	122
	144	123
	145	124
	146	125
	149	128
	150	129
	154	133
	156	134
	157	135
	158	136
	159	137
	160	138
	162	139
	163	140
	164	141
	165	142
	167	144
	168	145
	171	147
	172	148
	173	149
	175	151
	176	152
	179	154
	183	158
	184	159
	185	160
	186	161
	187	162
	188	163
	189	164
	190	165
	191	166
	195	170
	196	171
	197	172
	198	173
	199	174
	200	175
	202	177
	204	179
	207	182
com/mojang/realmsclient/gui/screens/RealmsPendingInvitesScreen	276	265
	259	168
	260	169
	261	170
	264	173
	266	174
	267	175
	271	179
	272	181
	273	182
	274	183
	276	186
	30	31
	31	32
	32	33
	33	34
	34	35
	36	36
	37	37
	38	38
	44	42
	45	43
	46	44
	47	45
	62	56
	63	57
	64	58
	68	62
	69	63
	70	64
	71	65
	72	66
	73	67
	74	68
	76	70
	78	71
	80	72
	81	73
	82	74
	83	75
	84	76
	86	77
	88	78
	89	79
	90	80
	91	81
	92	82
	93	83
	94	84
	98	88
	99	89
	102	92
	103	120
	105	93
	106	94
	108	96
	109	97
	110	98
	112	100
	114	103
	115	104
	116	105
	117	106
	119	108
	120	109
	121	110
	122	111
	123	112
	124	113
	126	116
	128	118
	129	120
	133	124
	135	125
	137	126
	139	127
	140	128
	143	131
	144	132
	146	134
	149	137
	150	138
	151	139
	154	142
	159	233
	160	234
	163	237
	164	238
	168	242
	173	247
	178	252
	179	253
	180	254
	183	257
	184	258
	185	259
	189	262
	191	263
	192	264
	193	265
	199	192
	200	193
	204	197
	206	198
	207	199
	209	201
	213	205
	214	206
	219	212
	220	213
	224	217
	226	218
	227	219
	229	221
	233	225
	234	226
	243	152
	244	153
	245	154
	249	158
	250	159
	254	163
	255	164
com/mojang/realmsclient/gui/screens/RealmsConfigureWorldScreen	410	462
	31	32
	32	33
	33	34
	34	35
	35	36
	37	37
	38	38
	39	39
	40	40
	41	41
	42	42
	43	43
	74	65
	75	66
	76	67
	77	68
	81	72
	82	73
	85	76
	86	77
	88	78
	89	80
	90	85
	91	88
	92	93
	93	96
	95	101
	96	103
	97	104
	100	107
	101	110
	103	120
	104	123
	105	131
	106	134
	107	139
	108	144
	109	147
	110	150
	111	150
	113	151
	115	152
	116	153
	117	154
	119	155
	120	156
	121	157
	123	159
	125	160
	126	161
	128	163
	131	166
	134	169
	135	170
	136	171
	137	172
	138	173
	139	174
	142	178
	144	181
	145	182
	147	183
	148	184
	150	186
	154	190
	157	193
	158	194
	159	195
	161	198
	165	202
	169	206
	174	211
	176	212
	177	213
	179	214
	180	215
	181	234
	184	217
	185	218
	186	219
	187	220
	189	221
	191	222
	193	223
	194	224
	196	225
	197	226
	198	227
	199	228
	202	234
	205	237
	210	242
	211	243
	212	244
	214	246
	218	250
	220	253
	221	254
	222	255
	223	256
	225	257
	226	258
	228	260
	229	261
	230	262
	233	265
	234	266
	236	268
	237	269
	238	270
	239	271
	241	273
	242	274
	245	277
	246	278
	247	279
	249	280
	251	281
	252	282
	253	283
	256	286
	257	287
	259	289
	261	291
	264	295
	265	297
	266	298
	267	299
	270	304
	271	306
	273	308
	274	309
	275	312
	277	315
	279	318
	282	322
	283	323
	285	325
	287	327
	288	329
	289	331
	290	332
	293	335
	296	338
	297	339
	298	340
	299	341
	300	342
	301	343
	302	344
	303	352
	304	353
	305	355
	306	356
	308	357
	312	362
	315	365
	318	368
	319	369
	320	370
	322	372
	325	375
	329	379
	330	380
	331	381
	332	382
	335	385
	336	386
	339	389
	340	390
	343	393
	344	394
	347	397
	348	398
	349	399
	351	400
	354	403
	355	404
	356	405
	357	406
	358	407
	359	408
	362	411
	363	412
	366	415
	368	416
	371	419
	372	420
	373	421
	374	422
	375	423
	376	424
	377	425
	378	426
	381	429
	382	430
	385	433
	386	434
	387	438
	390	441
	391	442
	392	443
	395	446
	396	447
	399	450
	400	451
	401	452
	403	455
	405	457
	408	460
	409	461
	410	462
net/minecraft/client/renderer/debug/GoalSelectorDebugRenderer	56	56
	34	35
	35	36
	39	40
	41	41
	43	43
	44	44
	45	45
	46	46
	47	47
	48	48
	49	49
	50	50
	51	51
	52	52
	22	23
	23	24
	56	56
	26	27
	27	28
	30	31
	31	32
net/minecraft/client/gui/screens/social/package-info	0	0
net/minecraft/client/renderer/entity/FoxRenderer	39	39
	32	33
	36	36
	37	37
	39	39
	13	17
	14	18
	15	19
	16	20
	19	23
	21	24
	22	25
	26	28
	28	29
	29	30
	30	31
net/minecraft/client/gui/components/AbstractWidget	333	327
	260	255
	261	256
	262	257
	268	262
	269	263
	270	264
	271	265
	273	267
	276	270
	280	274
	285	279
	286	280
	290	284
	295	289
	296	290
	299	293
	47	45
	303	297
	48	46
	49	47
	50	48
	51	49
	52	50
	308	302
	309	303
	56	54
	312	306
	313	307
	314	308
	61	59
	62	68
	318	312
	65	60
	66	65
	322	316
	323	317
	68	66
	324	318
	69	68
	72	71
	328	322
	73	72
	332	326
	77	76
	333	327
	81	80
	82	81
	85	84
	89	88
	95	94
	96	95
	99	98
	100	99
	101	100
	102	101
	103	102
	104	103
	105	104
	106	105
	107	106
	108	107
	109	108
	110	109
	112	111
	113	112
	115	114
	118	117
	119	118
	120	119
	121	120
	124	123
	127	126
	130	129
	134	133
	135	145
	137	134
	138	135
	139	136
	140	137
	141	138
	142	139
	145	143
	150	151
	151	152
	152	153
	154	155
	158	160
	163	165
	164	166
	165	167
	167	169
	171	174
	177	180
	178	181
	181	183
	182	183
	184	183
	189	189
	193	193
	194	194
	198	198
	202	202
	203	203
	206	206
	207	207
	210	210
	211	211
	214	214
	215	215
	218	218
	223	223
	227	227
	231	231
	236	236
	244	241
	245	242
	249	246
	250	247
	252	249
	253	249
	255	249
net/minecraft/client/renderer/SectionOcclusionGraph	455	440
	40	43
	42	44
	45	46
	47	47
	56	54
	59	57
	61	59
	62	60
	63	61
	64	62
	67	66
	68	67
	69	68
	70	69
	72	71
	74	73
	77	76
	78	77
	81	80
	82	81
	83	82
	86	85
	89	88
	93	92
	94	93
	95	94
	97	97
	99	98
	100	99
	102	101
	105	104
	106	105
	107	106
	109	109
	111	110
	112	111
	114	113
	117	116
	118	117
	119	118
	121	121
	122	122
	125	125
	126	126
	127	127
	128	128
	129	129
	130	130
	131	131
	132	132
	133	133
	134	134
	135	135
	136	136
	137	137
	140	140
	141	141
	142	142
	143	143
	144	145
	145	146
	146	147
	148	148
	149	149
	152	153
	153	154
	154	155
	155	156
	157	158
	158	159
	160	161
	163	164
	164	167
	165	168
	166	169
	167	170
	168	171
	171	175
	172	176
	175	179
	176	180
	177	181
	178	182
	179	183
	182	186
	183	187
	184	188
	185	189
	187	190
	189	191
	190	192
	191	193
	193	194
	194	195
	195	196
	196	197
	197	199
	198	200
	199	201
	200	203
	201	204
	202	205
	203	206
	204	207
	205	208
	206	209
	207	210
	209	213
	210	214
	211	215
	212	216
	214	219
	218	224
	219	225
	221	227
	223	229
	226	238
	227	239
	229	239
	230	239
	231	239
	233	240
	235	242
	236	243
	237	244
	239	245
	240	246
	243	249
	244	249
	245	250
	246	251
	248	253
	249	254
	251	255
	255	255
	259	256
	260	257
	261	258
	262	260
	263	261
	264	262
	265	263
	269	267
	274	272
	275	273
	276	274
	277	275
	278	276
	279	277
	281	279
	282	280
	283	281
	284	283
	285	284
	286	285
	287	286
	290	290
	291	291
	292	292
	293	293
	296	297
	301	302
	302	303
	304	304
	308	306
	309	307
	311	308
	312	309
	313	310
	315	311
	316	312
	317	313
	322	319
	325	322
	326	323
	328	324
	329	325
	331	326
	336	331
	338	332
	339	333
	341	335
	342	335
	346	335
	352	342
	360	357
	361	358
	369	349
	370	350
	379	368
	380	369
	381	370
	382	371
	389	430
	390	431
	393	434
	394	435
	398	439
	399	440
	400	440
	402	440
	416	385
	417	386
	418	387
	420	390
	421	391
	424	394
	425	395
	428	398
	432	402
	433	403
	437	407
	441	411
	446	416
	451	421
	452	421
	454	421
	455	421
net/minecraft/client/model/geom/builders/CubeListBuilder	86	87
	67	68
	68	69
	72	73
	73	74
	12	14
	13	15
	77	78
	78	79
	82	83
	20	21
	21	22
	22	23
	86	87
	26	27
	30	31
	31	32
	35	36
	36	37
	37	38
	41	42
	42	43
	43	44
	47	48
	48	49
	52	53
	53	54
	57	58
	58	59
	62	63
	63	64
com/mojang/blaze3d/shaders/ProgramManager	47	50
	32	31
	35	33
	39	38
	40	39
	41	40
	42	41
	43	42
	12	13
	44	43
	45	48
	15	16
	47	50
	16	17
	17	18
	20	21
	21	22
	22	23
	24	24
	25	25
	28	28
	29	29
	31	30
net/minecraft/client/renderer/entity/layers/EnergySwirlLayer	35	33
	16	19
	17	20
	33	30
	34	31
	35	33
	21	24
	22	33
	25	25
	26	26
	28	27
	29	28
	31	29
net/minecraft/client/gui/screens/InBedChatScreen	83	79
	64	62
	65	63
	66	64
	67	65
	69	59
	73	69
	74	70
	75	71
	78	74
	79	75
	81	77
	19	17
	83	79
	20	18
	24	22
	26	23
	27	26
	28	27
	32	31
	33	32
	34	36
	36	34
	37	36
	41	40
	42	41
	46	45
	47	45
	50	45
	56	50
	57	51
	59	54
	60	55
	63	58
com/mojang/realmsclient/dto/UploadInfo	116	103
	65	60
	67	63
	68	64
	69	65
	70	65
	72	65
	73	66
	74	67
	77	68
	81	73
	82	74
	20	19
	84	76
	85	76
	87	76
	25	22
	91	81
	92	81
	94	81
	33	29
	34	30
	35	31
	99	85
	36	32
	100	86
	101	87
	103	90
	41	37
	42	38
	43	39
	44	40
	108	95
	45	41
	46	42
	47	43
	48	44
	112	99
	49	45
	50	46
	116	103
	53	49
	54	50
	57	53
	63	59
net/minecraft/client/gui/components/ObjectSelectionList	79	73
	64	57
	66	59
	73	67
	14	16
	78	72
	79	73
	17	19
	18	20
	23	25
	25	26
	28	27
	29	28
	30	29
	31	29
	33	29
	37	30
	38	31
	39	32
	40	33
	42	36
	43	36
	45	36
	47	38
	52	44
	53	45
	54	46
	55	47
	57	49
	58	50
	59	51
	60	52
	63	56
net/minecraft/client/renderer/entity/SlimeRenderer	42	39
	32	31
	34	32
	35	33
	36	34
	37	35
	38	36
	42	39
	13	16
	16	19
	18	20
	19	21
	23	24
	24	25
	25	26
	30	29
	31	30
net/minecraft/client/gui/screens/multiplayer/JoinMultiplayerScreen	295	288
	257	252
	258	253
	259	254
	260	255
	261	256
	263	258
	266	261
	267	262
	270	265
	272	266
	273	267
	276	270
	277	271
	278	272
	280	273
	281	274
	282	275
	283	276
	284	277
	285	278
	288	281
	291	284
	37	37
	295	288
	53	52
	54	53
	55	54
	59	58
	60	59
	62	61
	64	62
	65	63
	67	64
	69	67
	70	68
	71	69
	72	70
	75	73
	76	74
	79	77
	81	79
	82	81
	83	82
	84	83
	85	84
	86	85
	87	86
	88	87
	89	88
	91	89
	92	90
	93	91
	94	92
	96	93
	97	94
	99	95
	101	97
	102	98
	103	99
	104	100
	105	101
	106	102
	107	103
	108	104
	109	105
	110	106
	112	107
	115	110
	116	112
	117	114
	120	115
	121	116
	122	117
	123	118
	124	119
	126	120
	128	121
	129	122
	130	123
	131	124
	132	125
	134	126
	135	127
	137	128
	138	129
	142	133
	143	134
	147	138
	149	139
	150	140
	151	141
	154	144
	155	145
	159	149
	160	150
	161	151
	163	154
	164	155
	165	156
	168	159
	169	160
	172	163
	173	164
	174	165
	175	166
	176	167
	177	168
	179	171
	180	172
	183	175
	184	176
	185	177
	186	178
	187	179
	188	180
	189	181
	190	182
	192	185
	193	186
	196	189
	197	190
	198	191
	199	192
	200	193
	202	195
	203	196
	205	199
	206	200
	208	203
	209	204
	212	207
	213	208
	214	209
	215	210
	216	211
	217	212
	219	214
	222	217
	224	219
	228	223
	229	224
	232	227
	233	228
	234	229
	237	232
	238	233
	239	234
	240	235
	242	237
	245	240
	250	246
	251	247
	252	248
	255	251
net/minecraft/client/gui/screens/options/controls/KeyBindsList	216	218
	131	133
	132	134
	134	135
	135	136
	136	137
	137	138
	138	141
	139	142
	141	143
	143	145
	145	146
	146	147
	147	148
	148	149
	149	150
	150	151
	154	155
	155	156
	156	157
	157	158
	159	159
	160	160
	161	161
	34	34
	35	34
	163	162
	36	34
	165	163
	38	35
	166	164
	167	165
	40	36
	168	166
	41	37
	42	38
	170	168
	44	40
	45	41
	174	172
	47	42
	48	43
	49	44
	179	177
	52	47
	53	48
	54	49
	55	50
	184	182
	57	53
	185	183
	186	184
	59	55
	187	185
	189	186
	62	58
	190	187
	63	59
	191	188
	64	60
	192	189
	193	190
	67	63
	195	193
	68	64
	196	194
	201	199
	202	200
	203	204
	205	206
	79	77
	80	78
	208	209
	81	79
	209	210
	211	218
	85	83
	86	84
	216	68
	91	89
	96	94
	101	99
	104	102
	109	107
	110	108
	117	114
	121	124
net/minecraft/client/renderer/blockentity/HangingSignRenderer	180	158
	128	111
	129	112
	131	114
	132	116
	133	116
	134	117
	136	119
	137	121
	138	121
	139	122
	141	124
	142	124
	143	124
	147	125
	157	136
	158	137
	159	138
	160	139
	161	140
	162	141
	165	144
	166	145
	167	146
	168	147
	170	148
	171	149
	172	150
	173	151
	175	153
	49	42
	179	157
	180	158
	53	46
	54	47
	55	50
	56	50
	58	53
	62	57
	67	62
	72	67
	73	68
	74	69
	75	70
	76	71
	77	72
	78	73
	82	77
	83	78
	84	79
	85	80
	89	84
	90	85
	91	86
	95	90
	100	95
	104	99
	105	100
	107	101
	108	101
	109	101
	112	102
	113	102
	114	102
	117	103
	118	103
	121	104
	122	106
	123	106
	124	107
	126	109
	127	111
net/minecraft/client/gui/components/PopupScreen	157	169
	129	141
	130	142
	134	146
	135	147
	139	151
	140	152
	144	156
	145	157
	21	22
	149	161
	150	162
	154	166
	155	167
	157	169
	41	48
	42	49
	43	50
	44	51
	45	52
	46	53
	47	54
	48	55
	52	59
	53	60
	54	61
	58	65
	59	66
	60	67
	61	68
	62	69
	64	72
	65	73
	67	75
	68	77
	69	78
	72	81
	73	82
	74	83
	75	84
	76	86
	77	87
	79	90
	84	95
	85	96
	86	97
	87	98
	91	102
	92	103
	93	104
	95	105
	96	106
	97	107
	101	111
	106	116
	107	117
	109	120
	110	121
	124	136
	125	137
	126	138
com/mojang/realmsclient/gui/screens/RealmsResetWorldScreen	234	285
	37	39
	39	40
	40	41
	42	42
	43	43
	45	44
	46	45
	48	46
	49	47
	51	48
	52	49
	53	50
	54	51
	62	57
	63	58
	64	59
	65	60
	66	61
	67	62
	81	76
	82	77
	85	90
	86	91
	87	92
	88	93
	89	94
	90	95
	91	96
	92	97
	93	98
	94	99
	97	103
	101	116
	105	121
	110	127
	111	128
	112	129
	113	130
	115	131
	118	134
	120	137
	121	138
	122	139
	123	140
	124	141
	125	142
	126	143
	127	144
	128	145
	129	146
	130	147
	131	148
	133	150
	134	151
	136	152
	137	153
	138	154
	139	155
	140	160
	142	163
	143	168
	145	171
	146	176
	149	180
	151	181
	152	186
	154	190
	155	195
	157	199
	158	204
	161	208
	163	210
	164	212
	165	213
	169	217
	170	218
	174	222
	179	227
	180	228
	183	231
	184	232
	185	233
	187	235
	190	238
	191	239
	192	240
	194	242
	197	245
	198	246
	199	247
	201	250
	202	251
	204	254
	205	255
	206	256
	209	260
	216	267
	217	268
	218	269
	222	273
	223	274
	224	275
	226	278
	227	279
	228	280
	229	281
	230	282
	232	283
	233	284
	234	285
net/minecraft/client/particle/HugeExplosionSeedParticle	30	34
	9	12
	10	13
	11	14
	15	18
	16	19
	17	20
	18	21
	19	22
	21	25
	22	26
	23	27
	25	29
	30	34
net/minecraft/client/resources/MapDecorationTextureManager	14	17
	10	13
	11	14
	14	17
net/minecraft/client/renderer/entity/WolfRenderer	44	40
	32	30
	35	33
	37	34
	38	35
	40	37
	44	40
	16	18
	18	19
	19	20
	20	21
	24	24
	30	28
	31	29
net/minecraft/client/renderer/texture/package-info	0	0
net/minecraft/client/PeriodicNotificationManager	178	168
	144	135
	145	136
	146	137
	147	138
	150	141
	152	142
	157	147
	158	148
	31	40
	32	41
	160	150
	33	42
	161	151
	34	43
	35	44
	36	46
	165	152
	38	50
	166	153
	168	154
	169	157
	170	158
	172	160
	173	161
	175	164
	49	59
	50	60
	178	168
	51	61
	55	64
	56	65
	57	66
	58	67
	60	68
	65	73
	66	75
	67	76
	68	77
	69	78
	71	79
	72	80
	73	99
	76	81
	77	82
	78	83
	79	99
	82	85
	83	86
	85	87
	86	88
	89	91
	90	92
	92	94
	95	97
	96	99
	100	103
	101	104
	104	107
	105	108
	107	110
	110	113
	111	113
	112	114
	113	115
	115	116
	116	116
	120	120
	121	120
	122	120
	123	120
net/minecraft/client/gui/screens/options/FontOptionsScreen	22	23
	16	17
	17	18
	21	22
	22	23
	10	13
	11	13
net/minecraft/client/gui/navigation/ScreenRectangle	97	92
	65	63
	6	9
	70	68
	71	69
	72	70
	9	12
	73	71
	10	13
	74	72
	75	72
	13	16
	77	72
	17	20
	81	76
	18	21
	19	22
	85	80
	24	27
	89	84
	28	31
	29	32
	93	88
	30	33
	97	92
	35	38
	36	39
	37	39
	39	39
	43	43
	45	44
	46	45
	47	46
	49	47
	53	51
	57	55
	58	56
	59	57
	60	58
	61	59
net/minecraft/client/gui/components/SplashRenderer	35	33
	32	31
	34	32
	35	33
	10	13
	11	14
	12	15
	20	21
	21	22
	24	25
	25	26
	26	27
	28	28
	29	29
	30	30
net/minecraft/client/renderer/entity/UndeadHorseRenderer	25	30
	16	21
	20	26
	21	27
	25	30
	14	17
	15	19
net/minecraft/client/gui/screens/advancements/AdvancementTab	200	205
	130	135
	132	136
	133	137
	135	139
	137	141
	140	144
	145	149
	146	150
	147	151
	149	154
	150	155
	151	159
	152	154
	154	156
	156	162
	160	166
	161	167
	163	170
	164	171
	166	173
	40	49
	41	50
	169	176
	42	51
	170	177
	43	52
	171	181
	44	53
	45	54
	46	55
	174	178
	47	56
	175	179
	48	57
	176	181
	49	58
	50	59
	179	184
	180	185
	53	62
	181	186
	182	187
	183	188
	184	189
	57	66
	185	190
	186	191
	187	192
	61	70
	189	194
	190	195
	192	197
	65	74
	196	201
	69	78
	200	205
	73	82
	74	83
	77	86
	78	87
	81	90
	82	91
	83	92
	84	93
	87	96
	88	97
	89	98
	91	99
	92	100
	93	101
	94	102
	95	103
	97	105
	98	106
	99	107
	103	111
	104	112
	105	113
	107	114
	108	115
	109	116
	112	119
	113	120
	115	121
	117	122
	118	123
	119	124
	120	125
	121	126
	122	127
	123	128
	124	129
	125	130
net/minecraft/client/player/AbstractClientPlayer	100	96
	67	64
	68	65
	72	69
	75	70
	76	71
	78	74
	80	75
	81	76
	84	79
	85	80
	86	81
	87	82
	88	83
	89	84
	90	85
	92	87
	94	90
	95	91
	32	31
	96	92
	33	32
	34	33
	100	96
	38	36
	39	37
	44	41
	45	42
	50	47
	51	48
	53	51
	58	55
	59	56
	60	57
	63	60
net/minecraft/client/KeyboardHandler	543	528
	513	495
	514	496
	516	498
	519	501
	520	502
	521	503
	522	504
	523	505
	524	506
	525	507
	527	510
	528	511
	529	512
	530	513
	531	514
	533	517
	534	518
	535	519
	537	521
	539	524
	540	525
	543	528
	61	61
	62	62
	70	65
	72	67
	73	68
	74	69
	76	71
	77	72
	78	73
	80	75
	81	76
	82	77
	84	79
	85	80
	87	83
	89	85
	90	86
	91	87
	93	89
	94	90
	95	91
	97	93
	102	98
	103	107
	106	110
	107	111
	110	114
	111	115
	114	118
	115	119
	118	122
	119	123
	122	126
	123	127
	143	130
	145	141
	146	142
	147	143
	149	145
	150	146
	151	147
	152	148
	154	174
	155	175
	157	178
	159	180
	160	181
	161	182
	163	184
	164	185
	165	186
	166	187
	168	189
	169	190
	171	193
	173	201
	174	202
	175	203
	176	204
	178	206
	180	212
	182	251
	183	252
	185	254
	187	257
	189	214
	190	215
	191	216
	192	217
	194	219
	195	220
	198	221
	199	222
	200	223
	201	224
	202	225
	203	226
	204	227
	205	228
	206	229
	207	230
	208	231
	209	232
	210	233
	211	234
	212	235
	213	236
	215	238
	216	239
	217	240
	219	241
	220	242
	222	243
	224	244
	225	245
	227	247
	228	248
	229	249
	231	195
	232	196
	234	199
	236	150
	237	151
	239	153
	240	154
	241	155
	243	158
	244	159
	245	171
	247	132
	248	133
	250	135
	251	136
	253	138
	254	139
	256	259
	261	264
	262	265
	263	308
	266	266
	268	268
	269	269
	270	270
	272	271
	273	272
	274	273
	275	274
	276	275
	277	276
	279	278
	280	279
	281	280
	282	281
	285	284
	286	285
	291	289
	292	290
	293	291
	294	292
	295	293
	296	294
	297	295
	298	296
	300	298
	301	299
	302	300
	305	303
	306	304
	313	308
	316	311
	317	312
	318	313
	320	316
	321	317
	322	318
	326	322
	327	323
	328	324
	329	325
	330	326
	331	327
	333	329
	335	332
	336	333
	339	336
	340	463
	345	337
	346	338
	347	339
	348	340
	350	342
	351	343
	352	344
	353	345
	354	346
	361	349
	363	350
	364	351
	365	363
	366	353
	370	367
	371	367
	372	368
	373	369
	374	370
	375	371
	376	374
	377	375
	380	381
	382	383
	387	387
	388	388
	389	389
	391	390
	392	391
	393	392
	394	393
	395	394
	396	395
	400	399
	408	403
	409	404
	410	405
	412	406
	413	407
	414	408
	415	409
	416	410
	418	412
	419	413
	420	414
	425	418
	427	419
	428	420
	430	421
	431	422
	432	423
	433	424
	434	425
	436	427
	439	463
	442	431
	443	432
	444	433
	445	433
	446	434
	450	437
	451	438
	452	439
	454	442
	456	443
	458	444
	459	445
	462	448
	463	448
	464	449
	469	453
	471	454
	472	455
	474	457
	475	458
	478	463
	481	466
	482	478
	484	467
	485	468
	486	478
	488	469
	489	470
	491	472
	492	473
	495	478
	498	482
	499	482
	500	482
	502	484
	505	487
	506	488
	507	489
	509	491
net/minecraft/client/sounds/AudioStream	0	0
net/minecraft/client/renderer/entity/BoatRenderer	112	96
	66	58
	68	59
	69	60
	70	61
	71	62
	72	63
	73	64
	75	67
	76	68
	79	71
	80	72
	82	73
	85	76
	86	77
	87	78
	90	79
	92	80
	93	81
	95	82
	32	35
	96	83
	33	36
	98	84
	35	37
	99	85
	36	38
	100	86
	37	38
	101	87
	38	38
	39	38
	40	38
	105	91
	43	39
	107	92
	108	93
	46	42
	47	43
	112	96
	49	44
	50	45
	53	47
	57	52
	58	53
	60	54
net/minecraft/client/gui/screens/achievement/StatsScreen	531	518
	512	499
	513	500
	514	501
	515	502
	517	504
	518	505
	520	507
	524	511
	525	512
	526	513
	527	514
	531	518
	39	42
	41	43
	42	44
	43	45
	44	46
	46	47
	47	48
	48	49
	49	50
	50	51
	75	69
	77	70
	78	71
	79	72
	83	76
	84	77
	85	78
	88	81
	89	82
	90	83
	91	84
	94	87
	96	88
	97	89
	98	90
	99	91
	101	92
	102	93
	103	94
	105	95
	107	96
	108	97
	110	100
	111	101
	114	104
	115	106
	116	108
	117	109
	121	113
	122	114
	123	115
	125	117
	129	121
	130	122
	133	125
	134	126
	135	127
	136	128
	137	129
	138	130
	140	132
	144	136
	148	140
	149	141
	152	144
	153	145
	154	146
	155	147
	157	149
	161	158
	165	159
	166	160
	167	162
	168	163
	170	165
	174	169
	182	178
	183	179
	184	180
	187	183
	192	188
	193	189
	194	190
	195	191
	196	192
	197	193
	201	198
	207	152
	240	229
	244	230
	245	231
	246	232
	248	233
	250	234
	251	236
	252	237
	254	239
	255	240
	256	241
	260	245
	261	246
	265	250
	266	251
	268	253
	269	254
	270	255
	274	259
	275	260
	279	264
	280	266
	281	267
	283	269
	286	272
	291	277
	292	278
	295	281
	296	282
	297	283
	300	286
	301	287
	303	288
	304	289
	307	292
	308	293
	309	294
	311	296
	315	300
	320	305
	321	307
	322	308
	323	309
	324	310
	325	311
	328	315
	329	316
	330	317
	331	318
	333	320
	337	325
	341	329
	342	330
	343	331
	345	334
	346	335
	347	335
	349	335
	354	340
	355	367
	358	341
	359	342
	360	343
	361	344
	362	345
	366	348
	367	349
	369	351
	370	352
	371	354
	372	355
	373	356
	374	357
	375	358
	379	362
	380	363
	383	367
	386	370
	387	371
	388	372
	389	373
	390	374
	392	376
	393	377
	396	380
	397	381
	403	437
	404	438
	408	441
	409	442
	410	443
	411	444
	412	445
	413	446
	414	447
	416	449
	417	450
	418	451
	421	454
	422	455
	425	456
	433	388
	434	389
	437	392
	442	397
	443	398
	445	399
	446	400
	448	402
	449	403
	451	405
	453	408
	455	411
	456	412
	457	416
	460	421
	463	424
	464	425
	465	426
	469	430
	476	464
	478	464
	480	466
	481	467
	482	470
	485	473
	489	477
	501	489
	503	490
	504	491
	505	492
	506	493
	508	495
	509	496
net/minecraft/client/renderer/entity/layers/WitchItemLayer	35	37
	33	35
	34	36
	35	37
	15	18
	16	19
	20	23
	22	24
	23	25
	24	26
	25	27
	26	28
	27	29
	28	30
	29	31
	30	32
net/minecraft/client/model/ArmorStandModel	136	102
	131	97
	132	98
	133	99
	134	100
	135	101
	136	102
	30	31
	31	32
	32	33
	33	34
	34	35
	36	36
	37	37
	40	40
	41	41
	42	42
	43	43
	44	43
	45	43
	47	45
	48	45
	49	45
	52	46
	53	47
	54	47
	55	47
	57	49
	58	50
	59	50
	60	50
	62	52
	63	53
	64	53
	65	53
	67	55
	68	56
	69	56
	70	56
	72	58
	73	58
	74	58
	77	59
	78	59
	79	59
	82	60
	83	60
	84	60
	87	61
	88	62
	89	62
	90	62
	93	64
	98	68
	99	69
	100	70
	101	71
	105	75
	107	76
	108	77
	109	78
	111	79
	112	80
	113	81
	115	82
	116	83
	117	84
	119	85
	120	86
	121	87
	122	88
	126	92
net/minecraft/client/particle/NoRenderParticle	22	25
	18	21
	22	25
	9	12
	10	13
	13	16
	14	17
net/minecraft/client/multiplayer/resolver/ServerAddressResolver	22	22
	17	18
	18	19
	19	20
	20	21
	22	22
	13	15
net/minecraft/client/telemetry/TelemetryEventLog	38	39
	20	21
	36	37
	21	22
	37	38
	22	23
	38	39
	25	26
	27	28
	28	29
	29	30
	14	16
	31	32
net/minecraft/client/gui/components/AbstractStringWidget	30	33
	18	21
	21	24
	22	25
	26	29
	12	15
	13	16
	14	17
	30	33
net/minecraft/client/gui/screens/inventory/SignEditScreen	65	59
	32	32
	33	33
	65	59
	37	37
	39	38
	40	39
	41	40
	43	42
	47	46
	48	55
	51	47
	20	21
	53	48
	54	49
	56	50
	25	26
	57	51
	26	27
	59	52
	60	53
	61	55
	30	31
net/minecraft/client/resources/server/DownloadedPackSource	452	424
	256	237
	257	238
	258	239
	260	240
	264	240
	267	241
	269	242
	270	243
	271	244
	272	245
	273	246
	275	249
	278	252
	283	256
	287	260
	288	260
	290	260
	294	264
	295	265
	296	266
	297	267
	299	268
	300	269
	302	270
	303	271
	304	272
	49	58
	305	273
	51	59
	53	60
	309	277
	310	278
	311	279
	56	62
	314	282
	315	283
	316	284
	317	285
	318	286
	319	287
	65	66
	321	290
	66	67
	323	292
	70	71
	326	295
	71	72
	327	296
	328	297
	329	298
	332	300
	335	303
	336	304
	337	305
	340	307
	344	311
	345	311
	347	311
	351	315
	96	85
	352	316
	353	317
	98	88
	99	89
	100	90
	356	320
	357	321
	103	93
	104	94
	360	324
	105	94
	361	325
	364	328
	365	329
	110	97
	111	98
	368	332
	115	102
	371	335
	116	103
	372	337
	373	338
	118	104
	374	339
	119	104
	376	341
	377	342
	122	105
	125	108
	381	346
	382	348
	383	349
	384	350
	385	351
	386	352
	387	353
	389	355
	390	356
	136	118
	137	119
	395	361
	140	122
	396	362
	141	123
	397	363
	398	365
	143	125
	399	368
	400	371
	145	128
	146	129
	402	373
	405	376
	150	132
	406	377
	151	133
	407	378
	152	134
	408	379
	153	135
	154	136
	411	382
	412	383
	158	139
	159	140
	415	386
	160	141
	416	387
	161	142
	419	390
	420	391
	165	145
	421	392
	166	146
	167	147
	424	395
	425	396
	171	150
	172	151
	173	152
	429	400
	430	401
	175	154
	431	402
	432	403
	178	157
	434	405
	179	158
	180	159
	181	160
	437	409
	182	161
	438	410
	184	163
	440	412
	187	166
	444	416
	445	417
	446	418
	447	419
	192	171
	195	173
	451	423
	452	424
	198	176
	199	177
	200	179
	201	181
	202	183
	203	185
	204	187
	205	189
	210	195
	214	196
	216	196
	219	199
	220	200
	225	205
	231	211
	232	212
	233	213
	234	214
	236	216
	239	219
	240	220
	241	221
	243	224
	244	225
	249	230
	254	235
net/minecraft/client/renderer/entity/layers/StuckInBodyLayer	51	48
	32	30
	33	31
	34	32
	35	33
	36	34
	37	35
	38	36
	39	37
	40	38
	41	39
	42	40
	43	41
	44	42
	45	43
	15	18
	47	44
	16	19
	49	45
	51	48
	24	26
	25	27
	27	28
	28	48
	31	29
net/minecraft/client/model/ShulkerModel	85	76
	65	56
	66	57
	68	59
	71	62
	72	63
	73	64
	77	68
	81	72
	85	76
	24	25
	25	26
	26	27
	27	28
	28	29
	31	32
	32	33
	34	34
	35	35
	36	35
	37	35
	39	37
	40	38
	41	38
	42	38
	44	40
	45	41
	46	41
	47	41
	50	43
	55	47
	56	48
	57	49
	58	50
	59	51
	60	52
	62	55
net/minecraft/client/renderer/blockentity/BeaconRenderer	127	137
	19	21
	23	25
	27	28
	29	29
	30	30
	31	32
	32	33
	33	34
	34	35
	36	37
	39	40
	40	41
	43	46
	45	47
	46	48
	48	49
	50	50
	51	51
	53	52
	55	53
	57	54
	58	55
	59	56
	60	57
	62	58
	63	59
	64	60
	65	61
	67	62
	68	63
	69	64
	70	65
	72	67
	74	69
	76	70
	77	71
	78	72
	79	73
	81	74
	82	75
	83	76
	84	77
	86	78
	87	79
	88	80
	89	81
	91	83
	93	85
	94	86
	97	107
	98	108
	99	109
	100	110
	101	111
	102	112
	105	117
	106	118
	107	119
	108	120
	109	121
	112	124
	113	125
	117	128
	122	133
	127	137
net/minecraft/client/gui/components/ChatComponent	538	504
	512	477
	517	481
	518	482
	520	483
	521	484
	523	485
	524	486
	526	487
	527	488
	535	501
	536	502
	537	503
	538	504
	30	30
	40	37
	52	48
	53	49
	54	50
	57	53
	58	54
	60	56
	63	59
	64	145
	67	60
	68	61
	70	62
	71	145
	74	63
	76	64
	77	65
	79	66
	80	67
	81	68
	82	69
	84	70
	86	71
	88	72
	89	73
	91	74
	92	75
	93	76
	95	77
	96	79
	97	80
	98	81
	99	82
	102	83
	104	84
	105	85
	106	86
	107	87
	109	88
	111	89
	112	90
	113	91
	114	92
	116	93
	118	94
	119	95
	120	96
	121	97
	123	98
	124	99
	125	100
	126	101
	130	105
	131	106
	132	107
	133	108
	138	114
	139	115
	140	116
	141	117
	142	118
	143	119
	144	120
	146	121
	147	122
	148	123
	151	126
	152	127
	154	128
	155	129
	156	130
	157	131
	159	132
	160	133
	161	134
	163	135
	164	136
	165	137
	169	141
	171	142
	172	145
	175	148
	176	149
	177	150
	180	153
	184	157
	188	161
	189	162
	190	163
	191	164
	192	165
	193	165
	197	169
	198	170
	199	171
	200	172
	201	173
	202	174
	203	175
	205	177
	208	180
	209	181
	212	184
	213	185
	214	186
	215	187
	216	188
	219	191
	220	192
	221	193
	222	194
	224	196
	226	198
	229	201
	231	202
	232	203
	233	204
	236	207
	238	208
	239	210
	240	211
	241	212
	242	213
	243	214
	246	217
	247	218
	250	221
	251	222
	253	224
	256	227
	258	229
	259	230
	261	232
	264	235
	265	236
	266	238
	267	238
	269	238
	271	240
	274	243
	275	244
	276	245
	278	247
	282	251
	284	252
	285	255
	286	256
	287	257
	288	258
	289	259
	290	260
	291	261
	293	264
	298	268
	302	272
	306	276
	307	277
	308	278
	311	281
	312	283
	313	284
	315	286
	318	289
	322	293
	323	294
	324	295
	326	298
	328	301
	329	302
	331	304
	334	307
	335	308
	336	309
	339	312
	340	313
	342	314
	343	315
	346	318
	347	319
	348	320
	350	322
	353	325
	354	340
	357	326
	358	327
	359	328
	362	330
	363	331
	365	332
	366	333
	367	334
	370	336
	375	346
	376	347
	378	348
	379	349
	380	350
	381	351
	384	353
	389	359
	390	360
	392	361
	393	362
	394	363
	395	364
	396	365
	397	366
	401	370
	405	374
	406	375
	409	378
	410	379
	411	383
	412	384
	413	385
	416	380
	420	389
	424	393
	425	394
	429	398
	430	399
	431	400
	433	403
	434	404
	435	405
	437	408
	439	411
	443	415
	444	430
	447	416
	448	427
	451	417
	453	418
	454	419
	455	420
	456	421
	460	425
	464	435
	468	439
	472	443
	476	447
	480	451
	481	452
	482	453
	486	457
	487	458
	488	459
	492	463
	493	464
	494	465
	498	469
	502	473
	509	477
	510	477
	511	477
com/mojang/blaze3d/pipeline/package-info	0	0
com/mojang/realmsclient/gui/screens/RealmsSelectFileToUploadScreen	197	205
	131	196
	136	200
	138	201
	139	202
	140	205
	151	134
	152	135
	153	136
	154	139
	155	140
	28	28
	30	29
	31	30
	159	144
	32	31
	160	145
	33	32
	34	33
	164	149
	165	150
	170	155
	171	156
	173	158
	176	161
	177	162
	178	163
	51	46
	179	164
	52	47
	53	48
	54	49
	55	50
	183	168
	56	51
	184	170
	185	171
	186	172
	60	54
	188	175
	61	55
	62	57
	63	58
	65	60
	193	119
	66	61
	68	63
	197	123
	72	67
	74	70
	75	71
	76	72
	77	73
	78	74
	81	78
	82	80
	84	81
	85	82
	87	84
	88	85
	89	86
	91	88
	95	92
	99	96
	100	97
	101	98
	103	100
	107	104
	108	105
	109	106
	113	110
	114	111
	115	112
	117	114
	122	183
	123	188
	126	191
	127	192
net/minecraft/client/resources/IndexedAssetSource	51	51
	32	34
	33	35
	34	36
	35	37
	37	38
	38	39
	39	40
	40	41
	42	42
	45	45
	46	46
	47	47
	48	48
	51	51
	21	24
	22	25
	25	28
	27	29
	29	30
	30	32
	31	33
net/minecraft/client/model/HeadedModel	0	0
net/minecraft/client/gui/components/AbstractScrollWidget	178	179
	131	133
	135	137
	136	138
	139	141
	12	15
	13	17
	143	145
	147	149
	148	150
	22	24
	23	25
	151	153
	152	154
	153	155
	27	29
	28	30
	156	158
	157	159
	158	160
	31	32
	32	33
	160	161
	161	162
	34	38
	162	163
	35	39
	163	164
	36	40
	166	167
	39	42
	170	171
	44	49
	45	50
	174	175
	47	53
	178	179
	52	58
	53	71
	56	59
	57	60
	58	61
	59	62
	61	64
	62	65
	63	66
	65	69
	70	77
	71	78
	74	81
	75	82
	80	87
	81	88
	82	89
	83	90
	84	91
	85	92
	86	93
	89	97
	94	102
	95	112
	98	103
	100	104
	102	105
	103	106
	104	107
	105	108
	107	109
	109	110
	110	112
	113	115
	117	119
	118	120
	120	122
	123	125
	127	129
net/minecraft/client/model/BreezeModel	124	147
	33	32
	34	33
	35	34
	36	35
	37	36
	38	37
	39	38
	40	39
	41	40
	42	41
	46	44
	47	45
	49	46
	51	47
	52	48
	53	50
	54	53
	55	55
	56	58
	57	60
	59	63
	60	66
	61	68
	63	72
	64	75
	65	77
	67	81
	68	82
	69	84
	70	87
	71	90
	72	92
	73	94
	74	98
	75	101
	76	103
	77	105
	79	109
	84	113
	86	114
	88	115
	89	116
	91	117
	92	118
	94	119
	95	120
	97	121
	98	122
	100	123
	101	124
	102	125
	103	126
	104	127
	108	131
	112	135
	116	139
	120	143
	124	147
net/minecraft/client/renderer/entity/CodRenderer	34	33
	16	19
	32	31
	34	33
	20	22
	25	26
	27	27
	12	15
	28	28
	30	29
	15	18
	31	30
net/minecraft/client/color/block/BlockTintCache	165	167
	128	74
	130	76
	131	78
	135	81
	136	82
	138	85
	139	86
	140	87
	143	90
	144	93
	146	93
	19	118
	149	96
	21	120
	150	97
	151	98
	153	101
	26	124
	155	102
	156	103
	28	127
	157	104
	29	128
	158	105
	30	129
	161	109
	33	132
	162	110
	34	135
	36	135
	165	112
	39	138
	41	140
	46	145
	47	146
	48	147
	52	151
	56	155
	57	156
	61	161
	62	167
	79	25
	80	26
	83	29
	84	30
	86	31
	87	32
	88	33
	89	34
	90	35
	92	38
	94	39
	95	40
	96	41
	97	42
	98	43
	99	44
	101	47
	102	48
	103	49
	108	54
	110	56
	111	57
	112	58
	113	59
	114	60
	115	61
	120	66
	121	68
	126	72
	127	73
com/mojang/blaze3d/platform/package-info	0	0
com/mojang/realmsclient/util/task/LongRunningTask	69	67
	65	63
	68	66
	69	67
	15	18
	16	19
	20	23
	21	24
	22	25
	23	26
	25	28
	29	31
	30	32
	31	33
	34	36
	35	37
	36	38
	37	38
	41	39
	44	42
	45	43
	47	45
	49	47
	52	50
	53	51
	58	56
	62	60
com/mojang/realmsclient/util/task/ConnectTask	43	45
	32	34
	33	35
	34	36
	38	40
	39	41
	43	45
	12	15
	19	21
	20	22
	21	23
	22	24
	26	28
	27	29
	31	33
net/minecraft/client/gui/screens/inventory/tooltip/ClientTooltipPositioner	0	0
net/minecraft/client/gui/screens/recipebook/RecipeButton	166	155
	128	121
	129	122
	133	126
	135	127
	136	128
	137	129
	140	132
	145	137
	147	138
	148	139
	149	140
	150	141
	23	24
	151	141
	24	25
	25	26
	26	27
	154	144
	157	146
	30	31
	161	150
	166	155
	41	40
	42	41
	45	44
	46	45
	47	46
	49	47
	50	49
	51	50
	52	51
	53	52
	54	53
	57	56
	60	59
	65	64
	66	65
	70	69
	71	70
	72	71
	74	73
	77	75
	78	76
	80	78
	84	81
	85	82
	86	83
	88	84
	89	85
	90	86
	91	87
	93	88
	96	91
	98	92
	99	93
	101	94
	102	95
	103	96
	104	97
	105	98
	108	101
	110	102
	111	103
	113	105
	116	108
	117	109
	118	110
	120	113
	124	117
net/minecraft/client/gui/screens/reporting/ChatSelectionScreen	443	428
	280	294
	281	295
	282	296
	284	299
	285	300
	286	301
	287	303
	288	304
	289	305
	291	307
	292	308
	38	39
	294	311
	39	40
	295	312
	40	41
	299	316
	300	317
	303	320
	304	321
	305	322
	307	323
	308	324
	311	327
	312	328
	57	54
	313	329
	58	55
	59	56
	60	57
	316	332
	61	58
	317	333
	62	59
	318	334
	320	335
	321	336
	66	63
	68	64
	324	339
	69	65
	71	66
	327	342
	72	66
	328	343
	73	66
	330	344
	75	67
	331	345
	76	68
	332	346
	77	69
	333	347
	78	70
	79	71
	336	350
	81	72
	337	351
	82	73
	83	74
	341	355
	86	77
	90	81
	346	360
	91	82
	92	83
	95	86
	351	365
	96	87
	352	366
	99	90
	100	91
	357	371
	358	371
	104	95
	360	371
	106	96
	108	97
	109	98
	365	376
	110	99
	112	100
	113	101
	370	381
	115	102
	116	103
	375	386
	120	107
	121	108
	379	390
	380	391
	125	112
	381	392
	382	393
	384	395
	133	121
	134	122
	138	126
	139	127
	140	128
	141	129
	397	409
	398	410
	143	131
	399	411
	400	412
	147	135
	148	136
	404	416
	149	137
	405	417
	150	139
	406	418
	151	141
	152	142
	408	419
	153	143
	409	420
	410	421
	156	147
	157	149
	159	150
	160	151
	161	152
	163	155
	419	227
	164	156
	420	228
	168	160
	424	232
	169	161
	425	233
	170	162
	171	163
	427	234
	172	164
	428	235
	429	236
	431	237
	176	168
	432	238
	180	172
	436	242
	185	177
	186	178
	187	179
	443	428
	188	180
	189	181
	192	184
	193	185
	196	188
	197	189
	198	190
	199	191
	200	192
	202	194
	208	200
	213	204
	214	205
	215	206
	216	207
	218	209
	222	213
	223	214
	224	214
	226	214
	230	218
	235	269
	242	250
	246	254
	250	258
	254	262
net/minecraft/client/multiplayer/ClientHandshakePacketListenerImpl	267	260
	128	131
	129	132
	130	133
	258	258
	131	138
	259	259
	260	260
	133	134
	134	135
	137	141
	265	243
	138	142
	266	244
	267	245
	140	144
	142	146
	145	149
	146	150
	147	151
	152	156
	153	158
	154	159
	155	160
	156	161
	157	162
	158	163
	159	164
	160	165
	161	166
	162	167
	165	157
	169	172
	174	176
	176	177
	178	179
	183	186
	184	187
	59	61
	191	194
	192	195
	197	200
	198	201
	199	202
	200	203
	201	204
	205	207
	206	208
	207	209
	81	88
	209	211
	82	89
	83	90
	211	213
	84	91
	85	92
	86	93
	87	94
	215	216
	88	95
	89	96
	90	97
	220	220
	93	100
	221	221
	94	101
	95	102
	97	104
	225	224
	99	107
	227	225
	100	108
	229	227
	104	111
	233	230
	234	231
	235	232
	238	235
	239	236
	112	118
	113	119
	115	120
	243	239
	244	240
	117	121
	118	122
	247	249
	120	123
	248	250
	121	124
	249	251
	122	125
	123	126
	251	252
	126	129
	127	130
net/minecraft/client/multiplayer/resolver/ServerAddress	96	88
	65	61
	70	66
	71	67
	74	68
	11	12
	15	14
	79	74
	18	17
	19	18
	84	79
	85	80
	22	21
	23	22
	87	82
	88	82
	27	26
	91	82
	28	27
	29	28
	96	88
	34	33
	38	37
	39	38
	43	42
	44	43
	45	43
	47	43
	49	44
	50	45
	51	46
	57	52
	58	53
	59	54
	60	55
	61	56
	63	58
net/minecraft/client/sounds/MusicManager	75	72
	64	64
	65	65
	67	68
	68	69
	71	72
	72	72
	75	72
	23	24
	24	25
	27	28
	29	29
	30	30
	31	31
	32	32
	35	35
	36	36
	37	37
	41	41
	43	42
	44	43
	46	45
	49	48
	50	49
	51	50
	53	53
	54	54
	57	57
	58	58
	60	60
	63	63
net/minecraft/client/color/item/ItemColors	94	118
	64	73
	66	73
	69	80
	70	81
	73	84
	74	86
	75	87
	77	101
	79	103
	81	106
	85	110
	87	111
	27	29
	91	115
	92	116
	30	32
	94	118
	32	34
	33	41
	34	42
	35	43
	36	44
	37	45
	40	48
	41	49
	42	50
	43	51
	44	52
	45	55
	46	56
	49	59
	50	60
	51	61
	52	63
	53	64
	54	65
	55	66
	56	67
	59	70
	62	72
	63	73
net/minecraft/client/gui/screens/reporting/ReportPlayerScreen	80	94
	65	78
	67	80
	68	82
	69	83
	73	87
	74	88
	75	89
	79	93
	80	94
	17	21
	18	22
	20	23
	21	24
	22	25
	33	33
	34	34
	35	35
	36	36
	37	37
	41	41
	46	46
	47	47
	49	48
	51	51
	52	53
	53	54
	54	55
	55	56
	56	57
	57	58
	60	65
	61	73
	63	77
net/minecraft/client/renderer/entity/SnifferRenderer	18	19
	18	19
	10	12
	13	15
	14	16
net/minecraft/client/renderer/blockentity/TrialSpawnerRenderer	31	34
	16	19
	17	20
	21	23
	22	24
	23	34
	25	25
	26	26
	27	27
	28	28
	29	30
	31	34
net/minecraft/client/gui/screens/inventory/GrindstoneScreen	32	34
	32	34
	10	13
	11	14
	14	17
	15	18
	19	22
	20	23
	21	24
	25	28
	26	29
	27	30
	29	31
	30	32
net/minecraft/client/ResourceLoadStateTracker	108	110
	64	68
	66	69
	67	70
	68	71
	69	72
	71	74
	16	18
	84	99
	85	100
	86	101
	24	24
	25	25
	89	104
	26	26
	90	105
	91	106
	28	29
	29	32
	93	107
	94	108
	32	35
	96	110
	33	36
	34	37
	100	79
	37	40
	101	80
	38	41
	102	81
	41	44
	42	45
	107	86
	44	47
	108	87
	46	49
	49	52
	50	53
	51	54
	52	55
	54	57
	60	64
	61	65
com/mojang/blaze3d/vertex/DefaultVertexFormat	87	75
	4	8
	5	8
	6	8
	8	9
	9	10
	10	11
	11	12
	12	13
	13	14
	14	15
	15	16
	17	17
	18	18
	19	19
	20	20
	21	21
	22	22
	23	23
	24	24
	25	25
	27	26
	28	27
	29	28
	30	29
	31	30
	32	31
	34	32
	35	32
	36	32
	38	33
	39	34
	40	35
	41	36
	43	37
	44	38
	45	39
	46	40
	47	41
	48	42
	50	43
	51	44
	52	45
	53	46
	54	47
	56	48
	57	49
	58	50
	59	51
	61	52
	62	53
	63	54
	64	55
	65	56
	67	57
	68	58
	69	59
	70	60
	71	61
	72	62
	74	63
	75	64
	76	65
	77	66
	78	67
	79	68
	81	69
	82	70
	83	71
	84	72
	85	73
	86	74
	87	75
com/mojang/realmsclient/dto/RealmsServerPlayerLists	96	87
	64	58
	65	59
	69	63
	70	64
	72	66
	73	67
	74	68
	75	69
	77	71
	78	72
	79	73
	81	75
	82	76
	88	82
	26	26
	28	27
	92	86
	93	87
	94	87
	31	30
	32	31
	96	87
	35	34
	37	35
	38	36
	40	36
	42	37
	43	38
	45	40
	46	41
	48	42
	49	43
	51	45
	54	48
	57	51
	60	54
	61	55
net/minecraft/client/particle/SplashParticle	28	31
	21	25
	22	26
	8	11
	9	12
	10	13
	26	29
	11	14
	27	30
	12	15
	28	31
	13	16
	15	18
net/minecraft/client/gui/components/CommonButtons	19	19
	16	19
	17	19
	18	19
	19	19
	8	11
	9	12
	10	13
	11	14
	15	18
net/minecraft/client/model/HumanoidArmorModel	30	32
	14	16
	15	17
	18	20
	19	21
	20	22
	21	24
	22	24
	23	25
	25	27
	26	29
	27	29
	28	30
	30	32
net/minecraft/client/particle/ReversePortalParticle	49	48
	33	31
	34	32
	35	33
	36	35
	8	11
	10	12
	42	42
	11	13
	43	43
	12	14
	47	46
	16	18
	48	47
	17	19
	49	48
	22	24
	23	25
	24	26
	26	27
	27	28
	28	35
	31	30
net/minecraft/client/gui/screens/inventory/AnvilScreen	144	139
	128	123
	132	127
	133	128
	135	130
	139	134
	140	135
	141	136
	142	137
	144	139
	19	21
	20	22
	21	23
	22	24
	23	25
	28	30
	29	31
	30	32
	31	33
	35	37
	36	38
	38	39
	39	40
	40	41
	41	42
	42	43
	43	44
	44	45
	45	46
	46	47
	47	48
	48	49
	52	53
	53	54
	57	58
	58	59
	59	60
	60	61
	64	65
	65	66
	68	69
	69	69
	71	69
	75	73
	76	74
	77	84
	80	75
	81	76
	82	77
	85	80
	86	81
	88	84
	92	88
	94	89
	95	90
	96	91
	98	93
	99	94
	100	95
	101	96
	102	97
	104	99
	105	100
	106	101
	110	105
	111	106
	112	107
	113	108
	114	109
	117	112
	121	116
	122	117
	123	118
	127	122
net/minecraft/client/gui/screens/advancements/AdvancementWidget	286	286
	258	257
	259	258
	262	261
	263	268
	265	262
	266	263
	267	264
	268	265
	269	266
	273	273
	274	274
	275	275
	276	276
	279	279
	24	26
	282	282
	286	286
	37	39
	55	56
	56	57
	57	58
	58	59
	59	60
	60	61
	61	62
	63	63
	64	64
	65	65
	66	70
	67	71
	69	74
	70	75
	73	78
	74	79
	75	80
	77	83
	78	84
	79	85
	83	89
	87	93
	89	94
	90	95
	92	97
	93	98
	94	99
	95	100
	96	101
	98	104
	99	105
	100	106
	104	110
	110	116
	111	117
	112	119
	113	119
	115	119
	119	123
	120	124
	121	125
	122	126
	123	127
	124	128
	125	129
	126	130
	127	131
	128	132
	129	133
	130	134
	131	135
	132	136
	133	137
	134	138
	136	140
	137	141
	138	142
	142	146
	143	147
	145	149
	148	152
	149	153
	152	155
	153	156
	155	158
	158	161
	159	162
	162	165
	163	166
	165	168
	168	171
	172	175
	173	176
	176	179
	177	180
	180	183
	181	184
	182	185
	183	186
	184	187
	188	188
	190	192
	191	193
	192	194
	193	195
	194	196
	195	197
	196	198
	197	199
	198	200
	199	201
	200	202
	201	203
	202	204
	203	205
	204	206
	206	208
	207	209
	208	210
	210	213
	212	214
	214	215
	216	217
	217	218
	219	220
	222	223
	223	224
	224	225
	225	226
	227	228
	231	232
	232	233
	234	234
	236	235
	237	236
	238	237
	239	238
	242	241
	243	242
	244	243
	248	247
	249	248
	250	249
	253	252
	254	253
net/minecraft/client/gui/components/toasts/AdvancementToast	63	64
	16	18
	22	24
	23	25
	27	29
	28	30
	30	31
	31	32
	32	33
	34	34
	35	35
	36	36
	38	38
	39	39
	40	40
	41	41
	42	42
	44	44
	45	45
	46	47
	47	48
	48	49
	53	54
	54	55
	55	56
	56	57
	60	61
	61	62
	63	64
net/minecraft/client/renderer/block/model/ItemOverride	75	77
	32	35
	66	68
	67	69
	68	70
	38	41
	71	73
	40	42
	41	43
	43	44
	75	77
	47	48
	49	49
	50	51
	51	52
	52	52
	53	52
	23	26
	24	27
	25	28
	57	57
	28	31
net/minecraft/client/renderer/entity/layers/ItemInHandLayer	67	63
	64	60
	66	61
	67	63
	19	22
	20	23
	21	24
	25	27
	27	28
	28	29
	30	30
	31	42
	34	31
	36	32
	37	33
	38	34
	39	35
	42	38
	43	39
	45	40
	46	42
	49	53
	50	63
	53	54
	54	55
	57	56
	58	57
	61	58
	62	59
net/minecraft/client/particle/ParticleProvider	0	0
net/minecraft/client/model/LlamaModel	118	119
	29	30
	30	31
	31	32
	32	33
	33	34
	34	35
	35	36
	36	37
	37	38
	40	41
	41	42
	43	43
	44	45
	45	46
	46	48
	47	50
	48	52
	49	54
	51	56
	52	58
	53	58
	54	59
	56	61
	57	63
	58	63
	59	64
	61	66
	62	68
	63	68
	64	69
	66	71
	67	72
	68	73
	69	73
	70	74
	71	75
	72	76
	73	77
	75	78
	80	82
	81	83
	83	84
	84	85
	85	86
	86	87
	87	88
	88	89
	89	90
	90	91
	94	95
	95	96
	96	97
	97	98
	98	99
	99	100
	100	101
	102	102
	103	103
	104	104
	105	105
	106	106
	107	107
	109	108
	110	109
	111	110
	112	111
	113	113
	114	114
	116	117
	118	119
net/minecraft/client/gui/components/Whence	0	0
net/minecraft/client/renderer/entity/CaveSpiderRenderer	24	25
	19	21
	20	22
	24	25
	9	12
	13	16
	14	17
	15	18
net/minecraft/client/gui/screens/ErrorScreen	38	41
	33	36
	34	37
	38	41
	12	15
	13	16
	14	17
	18	21
	20	23
	21	25
	25	29
	27	30
	28	31
	29	32
net/minecraft/client/resources/sounds/UnderwaterAmbientSoundInstances	62	62
	14	17
	16	18
	17	19
	18	20
	19	21
	20	22
	21	23
	25	27
	26	28
	28	30
	38	40
	40	41
	41	42
	42	43
	43	44
	44	45
	45	46
	49	50
	50	60
	51	62
	54	51
	55	52
	57	54
	60	57
	61	58
	62	62
net/minecraft/client/PrioritizeChunkUpdates	35	34
	35	34
	20	21
	21	22
	22	23
	9	12
	10	13
	26	26
	11	14
	14	16
	31	30
com/mojang/blaze3d/FieldsAreNonnullByDefault	0	0
net/minecraft/client/renderer/entity/layers/CreeperPowerLayer	33	35
	17	19
	33	35
	18	20
	19	21
	23	25
	12	15
	28	30
net/minecraft/client/resources/sounds/AbstractSoundInstance	113	117
	68	72
	73	77
	78	82
	83	87
	88	92
	26	29
	27	30
	93	97
	30	33
	31	34
	32	35
	33	36
	98	102
	37	40
	103	107
	42	45
	43	46
	44	47
	108	112
	46	50
	47	51
	48	52
	113	117
	50	54
	53	57
	58	62
	63	67
net/minecraft/client/gui/screens/Overlay	7	10
	7	10
net/minecraft/client/renderer/debug/BreezeDebugRenderer	95	94
	64	58
	65	60
	66	62
	67	64
	68	66
	71	69
	72	70
	73	71
	74	72
	77	75
	78	76
	80	79
	81	80
	84	83
	85	84
	86	85
	87	86
	24	24
	25	25
	26	26
	90	89
	27	27
	91	90
	28	28
	94	93
	95	94
	37	35
	38	36
	41	39
	43	41
	44	42
	46	44
	49	45
	50	46
	51	47
	52	48
	53	49
	55	50
	56	51
	57	52
	58	53
	59	54
	62	55
	63	56
net/minecraft/client/renderer/entity/BoggedRenderer	21	22
	16	18
	17	19
	21	22
	10	13
	11	14
	14	17
net/minecraft/client/model/GoatModel	69	73
	65	69
	66	70
	67	71
	69	73
	14	16
	15	17
	18	20
	19	21
	21	22
	22	24
	23	25
	24	27
	25	30
	26	32
	28	34
	29	35
	30	35
	31	35
	33	37
	34	38
	35	38
	36	38
	38	40
	39	42
	40	42
	41	43
	43	45
	44	47
	45	47
	46	47
	47	48
	50	50
	51	53
	52	56
	53	59
	55	62
	60	66
	61	67
	63	68
net/minecraft/client/renderer/texture/MipmapGenerator	133	139
	129	135
	133	139
	8	18
	11	11
	12	12
	13	13
	15	15
	18	21
	19	22
	21	25
	22	26
	24	27
	26	29
	27	30
	28	31
	30	33
	31	34
	33	35
	34	36
	36	38
	37	39
	38	43
	39	44
	40	45
	41	46
	42	47
	48	54
	52	58
	56	62
	57	63
	58	64
	59	65
	63	70
	67	74
	68	75
	69	76
	70	77
	71	78
	73	79
	74	80
	75	81
	76	82
	77	83
	79	86
	80	87
	81	88
	82	89
	83	90
	85	93
	86	94
	87	95
	88	96
	89	97
	91	100
	92	101
	93	102
	94	103
	95	104
	98	107
	99	108
	100	109
	101	110
	103	111
	104	112
	105	113
	106	114
	108	115
	109	116
	111	119
	113	121
	114	122
	115	123
	116	124
	118	125
	123	130
	124	131
	125	132
	126	133
	127	134
net/minecraft/client/model/HoglinModel	146	123
	128	108
	129	109
	130	110
	132	111
	134	112
	137	114
	138	115
	141	118
	142	119
	143	120
	144	121
	145	122
	146	123
	32	32
	33	33
	34	34
	35	35
	36	36
	37	37
	38	38
	39	39
	40	40
	41	41
	42	42
	45	45
	46	46
	48	47
	49	48
	50	48
	51	48
	52	50
	53	52
	54	52
	55	53
	57	55
	58	57
	59	57
	60	58
	62	60
	63	62
	64	62
	65	63
	67	65
	68	67
	69	67
	70	68
	72	70
	73	71
	74	71
	75	71
	77	73
	78	74
	79	74
	80	74
	83	76
	84	77
	85	78
	86	79
	87	79
	88	79
	90	81
	91	82
	92	82
	93	82
	95	84
	96	85
	97	85
	98	85
	100	87
	101	88
	102	88
	103	88
	106	90
	111	95
	116	100
	121	104
	122	105
	123	106
	125	107
net/minecraft/client/particle/SnowflakeParticle	50	50
	32	33
	34	34
	35	35
	36	36
	37	37
	10	13
	11	14
	43	44
	12	15
	44	45
	13	16
	14	17
	15	18
	16	19
	48	48
	49	49
	18	20
	50	50
	20	21
	21	22
	22	23
	26	27
	31	32
net/minecraft/client/model/SnowGolemModel	87	73
	64	54
	65	55
	66	56
	68	57
	69	58
	71	59
	72	60
	74	61
	75	62
	77	63
	78	64
	79	65
	83	69
	87	73
	24	25
	25	26
	26	27
	27	28
	28	29
	29	30
	32	33
	33	34
	34	35
	36	36
	38	37
	39	38
	40	38
	41	38
	43	40
	44	40
	45	41
	46	42
	48	43
	49	44
	50	44
	51	44
	53	46
	54	47
	55	47
	56	47
	59	49
net/minecraft/client/renderer/entity/layers/HorseArmorLayer	47	47
	32	47
	35	34
	36	35
	37	36
	40	38
	41	39
	43	41
	45	44
	46	45
	47	47
	24	27
	25	28
	26	29
	30	32
	31	33
net/minecraft/client/renderer/ScreenEffectRenderer	179	159
	27	29
	30	32
	31	33
	32	34
	33	35
	34	36
	38	40
	39	41
	40	42
	43	45
	44	46
	47	49
	51	53
	52	55
	53	56
	54	57
	55	58
	57	59
	58	60
	59	61
	60	62
	63	66
	67	70
	68	71
	70	72
	72	73
	73	74
	74	75
	75	76
	76	77
	78	78
	79	79
	80	80
	81	81
	83	82
	85	83
	86	84
	87	85
	88	86
	89	87
	90	88
	91	89
	94	92
	96	93
	99	94
	100	95
	102	96
	103	97
	105	98
	107	99
	108	100
	109	101
	110	102
	111	103
	113	104
	114	105
	116	106
	118	107
	119	108
	120	109
	121	110
	122	111
	123	112
	125	113
	126	114
	127	115
	130	118
	132	119
	133	120
	134	121
	136	122
	137	123
	139	124
	140	125
	141	126
	143	127
	144	128
	145	129
	147	130
	149	131
	150	132
	151	133
	152	134
	154	135
	155	137
	156	138
	158	139
	159	140
	160	141
	161	142
	162	143
	163	144
	164	145
	166	146
	168	147
	169	148
	170	149
	171	150
	172	151
	173	152
	174	153
	176	156
	177	157
	178	158
	179	159
com/mojang/realmsclient/gui/RealmsDataFetcher	51	57
	35	33
	36	36
	37	37
	38	38
	40	39
	41	41
	42	44
	43	46
	44	48
	45	49
	46	50
	47	51
	48	54
	51	57
net/minecraft/client/gui/screens/MenuScreens	114	113
	38	40
	41	44
	42	45
	44	46
	45	50
	47	48
	48	50
	53	54
	58	110
	60	111
	61	112
	62	113
	67	41
	70	60
	71	61
	72	62
	74	64
	77	80
	78	81
	79	82
	80	83
	81	84
	82	85
	84	86
	85	87
	87	88
	88	89
	89	90
	90	91
	91	92
	92	93
	93	94
	94	95
	95	96
	96	97
	97	98
	98	99
	99	100
	100	101
	101	102
	102	103
	103	104
	104	105
	107	67
	108	69
	109	70
	110	71
	111	72
	114	76
net/minecraft/client/gui/layouts/AbstractLayout	85	89
	66	70
	70	74
	74	78
	75	79
	12	15
	76	80
	13	16
	77	81
	14	17
	78	82
	15	18
	16	19
	81	85
	82	86
	83	87
	20	23
	84	88
	21	24
	85	89
	22	25
	23	26
	24	27
	25	28
	29	32
	30	33
	31	34
	32	35
	33	36
	34	37
	38	41
	43	46
	48	51
	53	56
	61	65
	62	66
	63	67
net/minecraft/client/renderer/entity/AxolotlRenderer	26	28
	16	19
	18	21
	21	24
	22	25
	26	28
	14	17
	15	18
net/minecraft/client/resources/PaintingTextureManager	20	23
	16	19
	20	23
	9	12
	12	15
	13	16
net/minecraft/client/gui/components/LoadingDotsWidget	52	51
	32	31
	33	32
	34	33
	38	37
	42	41
	46	45
	20	21
	52	51
	21	22
	22	23
	26	27
	27	28
	29	29
	30	30
com/mojang/blaze3d/vertex/MeshData	109	114
	19	21
	20	22
	21	23
	24	26
	25	27
	26	28
	29	31
	30	32
	31	33
	32	34
	34	35
	36	37
	37	38
	38	39
	39	40
	40	41
	41	42
	42	43
	43	44
	44	45
	45	46
	48	49
	52	53
	57	58
	61	62
	66	67
	67	68
	69	71
	70	72
	71	73
	72	74
	77	79
	78	80
	79	81
	81	83
	89	93
	91	94
	92	95
	93	97
	94	98
	95	99
	96	100
	97	101
	98	102
	99	103
	102	106
	106	110
	107	112
	108	113
	109	114
net/minecraft/client/renderer/CubeMap	125	124
	26	26
	27	27
	29	29
	32	32
	34	33
	36	34
	37	35
	39	36
	40	37
	41	38
	43	39
	45	40
	46	41
	47	42
	48	43
	50	45
	51	46
	52	47
	53	48
	54	49
	56	50
	57	51
	58	52
	59	53
	61	55
	62	56
	63	57
	64	58
	65	59
	66	60
	67	61
	68	62
	69	63
	71	66
	72	67
	73	68
	74	69
	75	70
	77	73
	78	74
	79	75
	80	76
	81	77
	83	80
	84	81
	85	82
	86	83
	87	84
	89	87
	90	88
	91	89
	92	90
	93	91
	95	94
	96	95
	97	96
	98	97
	99	98
	101	101
	103	104
	105	105
	107	108
	109	109
	111	110
	112	111
	114	112
	115	113
	117	114
	118	115
	121	118
	122	120
	123	121
	125	124
com/mojang/blaze3d/vertex/VertexBuffer	181	172
	128	124
	129	124
	130	124
	132	126
	134	128
	137	131
	138	132
	139	133
	140	134
	141	135
	145	139
	146	140
	147	141
	149	144
	150	145
	151	146
	153	149
	154	150
	155	151
	29	28
	157	153
	30	29
	31	30
	32	31
	160	156
	33	32
	34	33
	164	160
	37	36
	38	37
	39	38
	42	41
	171	165
	44	42
	46	43
	174	166
	47	44
	49	45
	50	46
	51	47
	180	171
	53	49
	181	172
	56	52
	57	53
	58	54
	60	57
	61	58
	62	59
	63	60
	65	62
	68	65
	69	66
	70	67
	71	68
	73	71
	74	72
	75	73
	78	76
	79	77
	80	78
	83	81
	86	84
	91	89
	92	95
	94	96
	95	97
	98	100
	100	90
	101	91
	103	92
	108	104
	109	105
	110	106
	113	109
	114	110
	115	111
	118	114
	119	115
	122	118
	123	119
	127	123
net/minecraft/client/gui/screens/TitleScreen	332	408
	257	324
	258	325
	260	327
	263	330
	264	331
	267	334
	269	335
	270	336
	271	337
	273	340
	276	343
	277	344
	278	345
	281	348
	286	352
	290	356
	291	357
	295	361
	296	361
	299	361
	47	50
	49	51
	50	52
	308	366
	309	367
	311	369
	315	373
	316	374
	317	375
	319	377
	322	380
	68	66
	324	386
	69	67
	325	385
	326	401
	327	402
	72	70
	328	403
	73	71
	331	407
	76	74
	332	408
	77	75
	78	76
	79	77
	82	80
	87	85
	88	86
	90	88
	93	91
	94	92
	95	93
	96	94
	97	95
	103	101
	108	106
	113	111
	114	112
	116	115
	117	116
	119	117
	120	118
	122	119
	123	120
	125	122
	128	127
	129	130
	130	132
	131	137
	132	140
	133	142
	134	144
	136	146
	137	147
	140	150
	141	151
	143	153
	146	157
	147	161
	148	162
	150	163
	151	164
	152	165
	154	166
	155	167
	156	169
	157	175
	161	179
	162	180
	165	181
	166	182
	169	184
	170	185
	171	186
	172	187
	174	188
	178	190
	182	196
	184	197
	185	201
	186	202
	188	204
	190	208
	191	213
	192	217
	194	235
	195	223
	196	225
	197	228
	198	229
	199	230
	203	250
	204	251
	205	252
	207	254
	208	259
	209	260
	213	269
	214	285
	215	286
	216	287
	217	288
	219	289
	224	295
	225	296
	228	299
	229	300
	230	301
	231	302
	232	303
	233	304
	235	306
	236	307
	237	308
	239	311
	241	314
	243	315
	244	316
	246	340
	248	317
	249	318
	251	319
	252	320
	255	323
net/minecraft/client/renderer/SectionBufferBuilderPack	36	38
	35	37
	36	38
	11	13
	13	14
	15	16
	16	17
	17	18
	19	20
	22	24
	26	28
	27	29
	30	32
	31	33
net/minecraft/client/gui/screens/worldselection/WorldCreationUiState	311	302
	257	245
	259	247
	262	290
	265	293
	266	295
	267	296
	271	302
	276	250
	280	254
	284	258
	285	259
	30	31
	286	260
	289	263
	293	268
	294	269
	295	270
	297	271
	305	278
	306	279
	307	280
	308	281
	54	50
	55	51
	311	284
	56	52
	57	53
	58	54
	59	55
	60	56
	61	57
	62	58
	65	61
	66	62
	69	65
	70	66
	71	67
	73	70
	74	71
	75	72
	77	75
	78	76
	80	78
	83	81
	84	82
	85	83
	86	84
	89	87
	91	90
	95	93
	96	94
	97	95
	102	101
	106	105
	110	109
	111	110
	112	111
	115	114
	116	114
	118	114
	122	118
	123	119
	124	120
	127	123
	128	123
	130	123
	134	127
	138	131
	139	132
	140	133
	143	136
	144	137
	146	138
	147	139
	149	141
	150	141
	152	141
	156	146
	157	147
	158	148
	159	149
	162	152
	166	156
	167	157
	168	158
	171	161
	172	161
	174	161
	178	165
	179	166
	180	167
	183	170
	184	170
	186	170
	190	174
	191	175
	192	176
	193	177
	196	180
	200	184
	201	185
	202	186
	205	189
	206	190
	207	191
	210	192
	211	200
	213	202
	217	207
	221	211
	222	212
	223	213
	224	214
	226	216
	229	219
	234	224
	235	225
	239	229
	243	233
	247	237
	249	238
	250	240
	251	241
	252	242
	253	243
	254	244
net/minecraft/client/renderer/entity/layers/WolfCollarLayer	30	29
	17	20
	18	21
	23	24
	24	29
	27	25
	28	26
	29	27
	14	17
	30	29
net/minecraft/client/server/LanServerPinger	104	95
	65	61
	66	62
	69	65
	73	69
	74	70
	75	71
	77	74
	78	75
	15	17
	79	75
	16	18
	81	75
	85	79
	86	80
	87	81
	90	84
	91	85
	28	28
	29	29
	93	86
	30	30
	31	31
	32	32
	96	89
	97	90
	34	33
	98	91
	35	34
	100	94
	101	95
	102	95
	39	38
	40	39
	104	95
	42	41
	44	43
	46	44
	47	45
	48	46
	49	47
	50	48
	54	52
	55	53
	58	56
	62	60
net/minecraft/client/model/geom/ModelPart	355	340
	256	238
	257	239
	258	240
	259	241
	261	242
	262	243
	263	244
	265	245
	266	246
	267	247
	269	250
	270	251
	273	254
	274	255
	276	258
	277	259
	279	262
	280	263
	282	266
	283	267
	285	269
	288	272
	289	273
	290	275
	291	276
	292	277
	293	278
	294	279
	39	37
	40	38
	296	281
	41	39
	297	282
	298	283
	299	284
	44	42
	300	285
	301	286
	48	46
	304	289
	52	50
	53	51
	56	54
	312	298
	57	55
	314	299
	315	300
	60	58
	316	301
	61	59
	317	302
	62	60
	318	303
	63	61
	319	304
	64	62
	65	63
	321	305
	66	64
	322	306
	67	65
	323	308
	68	66
	324	309
	69	67
	325	310
	326	311
	72	70
	73	71
	74	72
	330	315
	75	73
	331	316
	76	74
	332	317
	77	75
	78	76
	334	319
	79	77
	80	78
	81	79
	84	82
	88	86
	344	329
	89	87
	345	330
	90	88
	92	90
	348	333
	96	95
	352	337
	97	96
	353	338
	98	97
	354	339
	99	98
	355	340
	102	101
	103	102
	104	103
	105	104
	108	107
	109	108
	112	111
	113	126
	115	112
	116	126
	119	113
	120	114
	122	115
	123	116
	126	119
	127	120
	130	123
	131	126
	139	129
	140	130
	143	133
	144	146
	147	134
	148	135
	150	136
	151	138
	152	139
	155	142
	156	143
	157	143
	160	144
	161	146
	164	149
	165	150
	166	151
	168	154
	169	155
	171	157
	174	160
	175	161
	177	163
	180	166
	184	170
	188	174
	189	175
	190	176
	191	177
	194	180
	195	181
	196	182
	197	183
	200	186
	201	187
	202	188
	203	189
	206	192
	219	206
	220	207
	221	208
	222	209
	223	210
	224	211
	225	212
	227	213
	228	214
	229	215
	231	216
	232	217
	233	218
	234	219
	235	220
	236	221
	238	222
	239	223
	240	224
	241	225
	244	228
	245	229
	246	230
	247	231
	249	232
	250	233
	251	234
	252	235
	254	236
	255	237
net/minecraft/client/renderer/entity/ArmorStandRenderer	74	66
	64	60
	67	62
	68	63
	69	64
	71	66
	72	66
	74	66
	20	22
	23	25
	24	26
	25	29
	26	30
	27	31
	29	34
	30	35
	31	36
	32	37
	36	40
	41	44
	43	45
	44	46
	45	47
	47	49
	51	52
	52	53
	53	54
	54	54
	57	54
	63	59
com/mojang/realmsclient/client/FileUpload	214	228
	128	142
	129	143
	130	144
	133	147
	134	148
	135	149
	137	152
	138	153
	139	154
	141	155
	143	157
	144	158
	145	159
	146	160
	147	161
	151	165
	154	168
	158	172
	159	173
	35	37
	163	177
	164	177
	165	177
	166	177
	170	181
	179	191
	180	192
	181	193
	182	194
	183	195
	187	199
	60	58
	188	200
	61	59
	62	60
	190	203
	63	61
	64	62
	192	205
	65	63
	66	64
	194	206
	67	65
	195	207
	68	66
	196	208
	69	67
	72	70
	200	211
	73	74
	201	213
	202	214
	203	215
	76	71
	77	72
	78	74
	206	219
	207	220
	208	221
	81	77
	209	222
	82	78
	83	79
	84	80
	213	226
	86	82
	214	228
	89	85
	90	86
	91	87
	93	90
	94	91
	95	92
	97	95
	98	96
	99	97
	100	98
	101	99
	103	102
	104	103
	105	104
	106	105
	109	108
	111	111
	115	115
	116	116
	118	118
	119	119
	120	120
	123	123
	126	126
	127	140
net/minecraft/client/renderer/entity/VindicatorRenderer	29	33
	17	19
	20	24
	21	25
	23	27
	25	30
	12	15
	29	33
	15	18
net/minecraft/client/model/TropicalFishModelB	75	67
	65	56
	70	61
	71	62
	72	63
	74	66
	75	67
	19	21
	20	22
	21	23
	24	26
	25	27
	27	28
	29	29
	30	30
	31	30
	32	30
	34	32
	35	33
	36	33
	37	33
	39	35
	40	37
	41	37
	42	38
	44	40
	45	42
	46	42
	47	43
	49	45
	50	46
	51	46
	52	46
	54	48
	55	49
	56	49
	57	49
	60	51
net/minecraft/client/particle/BreakingItemParticle	83	85
	32	35
	33	36
	35	37
	36	38
	37	39
	69	78
	41	43
	76	64
	46	48
	15	18
	16	19
	17	20
	18	21
	19	22
	51	53
	83	85
	20	23
	21	24
	22	25
	56	58
	26	29
	30	33
	62	71
	31	34
net/minecraft/client/model/TropicalFishModelA	70	64
	65	58
	66	59
	67	60
	69	63
	70	64
	19	21
	20	22
	21	23
	24	26
	25	27
	27	28
	29	29
	30	30
	31	30
	32	30
	34	32
	35	33
	36	33
	37	33
	39	35
	40	37
	41	37
	42	38
	44	40
	45	42
	46	42
	47	43
	49	45
	50	46
	51	46
	52	46
	55	48
	60	53
net/minecraft/client/renderer/entity/ZoglinRenderer	17	19
	17	19
	9	12
	12	15
	13	16
com/mojang/realmsclient/dto/package-info	0	0
net/minecraft/client/gui/screens/inventory/CartographyTableScreen	120	111
	19	20
	20	21
	21	22
	22	23
	23	24
	24	25
	27	28
	28	29
	29	30
	33	34
	34	35
	35	36
	39	40
	40	41
	41	42
	43	43
	44	44
	45	45
	46	46
	48	47
	49	48
	52	49
	53	51
	54	52
	55	53
	56	54
	57	55
	59	56
	60	57
	63	61
	64	62
	65	63
	69	67
	72	70
	73	71
	76	76
	77	77
	79	78
	80	79
	81	80
	82	81
	83	82
	84	83
	86	84
	88	85
	89	86
	90	87
	92	88
	93	89
	94	90
	95	91
	97	92
	99	93
	100	94
	102	95
	104	97
	105	98
	107	100
	110	103
	111	104
	112	105
	113	106
	115	107
	116	108
	118	109
	120	111
net/minecraft/client/renderer/entity/IllusionerRenderer	53	56
	32	36
	37	40
	38	41
	39	42
	40	44
	41	45
	42	46
	43	47
	44	48
	14	17
	47	51
	17	20
	49	53
	19	21
	53	56
	22	26
	23	27
	25	29
	27	32
	28	33
net/minecraft/client/resources/model/SimpleBakedModel	132	141
	129	137
	66	77
	130	138
	132	141
	71	82
	76	87
	85	106
	86	107
	29	40
	30	41
	31	42
	32	43
	33	44
	97	102
	34	45
	98	103
	35	46
	36	47
	37	48
	101	110
	102	111
	103	112
	104	113
	41	52
	105	114
	106	115
	109	118
	46	57
	110	119
	114	123
	51	62
	115	124
	119	128
	56	67
	121	129
	61	72
	125	133
com/mojang/blaze3d/platform/GlStateManager	934	922
	33	34
	46	45
	51	50
	52	51
	53	52
	56	55
	57	56
	58	57
	61	60
	62	61
	63	62
	66	65
	67	66
	68	67
	71	70
	72	71
	73	72
	76	75
	77	76
	78	77
	79	78
	81	80
	84	83
	85	84
	86	85
	87	86
	89	88
	92	91
	93	92
	94	93
	97	96
	98	97
	99	98
	102	101
	103	102
	104	103
	105	104
	106	105
	108	107
	111	110
	112	111
	113	112
	114	113
	115	114
	116	115
	117	116
	119	118
	122	121
	123	122
	124	123
	127	126
	128	127
	132	131
	133	132
	134	133
	137	136
	138	137
	139	138
	142	141
	143	142
	147	146
	151	147
	152	149
	153	150
	156	153
	157	154
	158	155
	159	156
	160	157
	162	159
	163	160
	164	161
	165	162
	167	164
	168	166
	172	169
	173	170
	174	171
	177	174
	178	175
	182	179
	183	180
	184	181
	187	184
	188	185
	192	189
	193	190
	194	191
	197	194
	198	195
	199	196
	202	199
	203	200
	207	204
	208	205
	209	206
	212	209
	213	210
	214	211
	217	214
	218	215
	219	216
	222	219
	223	220
	224	221
	227	224
	228	225
	229	226
	232	229
	233	230
	234	231
	237	234
	238	235
	239	236
	242	239
	243	240
	244	241
	247	244
	248	245
	249	246
	252	249
	253	250
	254	251
	257	254
	258	255
	259	256
	262	259
	263	260
	264	261
	267	264
	268	265
	272	269
	273	270
	274	271
	277	274
	278	275
	282	279
	283	280
	287	284
	288	285
	289	286
	292	289
	293	290
	294	291
	297	294
	298	295
	299	296
	302	299
	303	300
	304	301
	308	305
	309	306
	313	310
	314	311
	315	312
	318	315
	319	316
	321	317
	322	318
	323	319
	325	322
	326	323
	329	326
	330	327
	331	328
	334	331
	335	332
	336	333
	339	336
	341	337
	342	338
	345	341
	346	342
	347	343
	350	346
	352	347
	353	348
	356	351
	358	352
	359	353
	362	356
	364	357
	365	358
	368	361
	370	362
	374	366
	376	367
	380	371
	382	372
	383	373
	386	376
	388	377
	389	378
	392	381
	394	382
	398	386
	400	387
	401	388
	404	391
	406	392
	410	396
	411	397
	412	398
	415	401
	416	402
	417	403
	420	406
	421	407
	425	411
	426	412
	430	416
	432	417
	433	417
	434	417
	436	418
	439	421
	441	422
	442	422
	443	422
	444	423
	445	424
	448	427
	451	429
	452	429
	453	430
	454	431
	455	432
	456	433
	459	436
	460	437
	461	438
	464	441
	465	442
	466	443
	469	446
	470	447
	471	448
	474	451
	475	452
	476	453
	479	456
	480	457
	481	458
	484	461
	485	462
	486	463
	487	464
	488	465
	490	467
	494	816
	495	817
	496	818
	497	819
	498	820
	499	821
	500	822
	501	823
	502	824
	503	825
	504	826
	505	827
	506	828
	507	829
	508	830
	509	831
	515	836
	516	837
	520	470
	521	471
	522	472
	525	475
	526	476
	527	477
	530	480
	531	481
	532	482
	533	483
	535	485
	538	488
	539	489
	540	490
	541	491
	543	493
	546	496
	547	497
	548	498
	551	501
	552	502
	553	503
	556	506
	560	510
	561	511
	565	515
	566	516
	567	517
	570	520
	571	521
	572	523
	573	524
	574	525
	577	528
	580	531
	581	533
	582	534
	583	535
	584	536
	588	541
	589	542
	592	545
	593	546
	594	547
	595	548
	597	550
	600	553
	604	557
	605	558
	606	559
	609	562
	610	563
	611	564
	614	567
	615	568
	617	570
	619	572
	623	576
	625	577
	626	578
	627	579
	628	580
	629	581
	631	583
	632	585
	636	588
	637	589
	638	590
	641	593
	642	594
	643	595
	644	596
	645	597
	646	598
	647	599
	650	602
	651	603
	652	604
	653	605
	654	606
	655	607
	656	608
	658	610
	661	613
	662	614
	663	615
	664	616
	665	617
	666	618
	668	620
	671	623
	672	624
	673	625
	674	626
	676	628
	679	631
	680	632
	681	633
	682	634
	683	635
	684	636
	686	638
	689	641
	690	642
	691	643
	694	646
	695	647
	696	648
	699	651
	700	652
	701	653
	704	656
	705	657
	707	658
	708	659
	710	661
	713	664
	714	665
	715	666
	718	669
	719	670
	720	671
	723	674
	724	675
	725	676
	728	679
	729	680
	730	681
	733	684
	734	685
	735	686
	738	689
	739	690
	740	691
	743	694
	744	695
	745	696
	748	699
	749	700
	750	701
	753	704
	754	705
	755	706
	758	709
	759	710
	763	714
	764	715
	768	719
	769	720
	781	910
	785	914
	789	918
	793	922
	802	725
	803	726
	804	727
	805	728
	806	729
	810	784
	811	785
	812	786
	816	778
	817	779
	821	842
	822	843
	828	764
	829	765
	833	881
	835	883
	840	889
	841	890
	842	891
	843	892
	847	850
	851	770
	852	771
	853	772
	854	773
	862	738
	863	739
	866	742
	867	743
	870	746
	871	747
	874	750
	875	751
	876	752
	877	753
	878	754
	880	756
	883	759
	888	856
	889	857
	890	858
	891	859
	892	860
	893	861
	894	862
	895	863
	896	864
	897	865
	898	866
	899	867
	900	868
	901	869
	902	870
	908	875
	909	876
	914	792
	915	793
	916	794
	917	795
	918	796
	919	797
	920	798
	921	799
	922	800
	923	801
	924	802
	925	803
	926	804
	927	805
	933	810
	934	811
net/minecraft/client/model/StriderModel	158	136
	128	112
	129	113
	130	114
	131	115
	132	116
	134	117
	136	118
	137	119
	138	120
	140	121
	141	122
	142	123
	144	124
	145	125
	147	126
	148	127
	149	128
	151	129
	152	130
	153	131
	154	132
	158	136
	33	34
	34	35
	35	36
	36	37
	37	38
	38	39
	39	40
	40	41
	41	42
	42	43
	43	44
	46	47
	47	48
	49	49
	50	50
	51	50
	52	50
	54	52
	55	53
	56	53
	57	53
	59	55
	60	56
	61	56
	62	56
	65	58
	66	60
	67	60
	68	61
	70	63
	71	65
	72	65
	73	66
	75	68
	76	70
	77	70
	78	71
	80	73
	81	75
	82	75
	83	76
	85	78
	86	80
	87	80
	88	81
	90	83
	91	85
	92	85
	93	86
	96	88
	101	92
	103	93
	104	94
	105	95
	107	97
	108	98
	111	101
	113	102
	115	103
	116	104
	118	105
	119	106
	121	107
	122	108
	124	109
	125	110
	127	111
net/minecraft/client/particle/FlyStraightTowardsParticle	96	84
	64	70
	67	61
	68	62
	70	63
	71	64
	72	65
	74	66
	76	67
	77	67
	78	67
	79	67
	17	19
	81	68
	82	70
	19	20
	20	21
	21	22
	22	23
	23	24
	24	25
	88	77
	25	26
	89	78
	26	27
	27	28
	28	29
	29	30
	93	81
	30	31
	94	82
	95	83
	32	32
	96	84
	33	33
	35	34
	37	35
	38	36
	39	37
	43	41
	49	46
	53	50
	58	55
	59	56
	60	57
	62	58
	63	59
com/mojang/blaze3d/vertex/VertexSorting	28	32
	16	19
	20	23
	21	24
	22	25
	23	27
	8	11
	24	28
	9	12
	25	27
	27	31
	12	15
	28	32
net/minecraft/client/multiplayer/resolver/package-info	0	0
net/minecraft/client/renderer/chunk/RenderChunk	82	86
	65	68
	66	69
	70	73
	71	74
	72	75
	73	76
	74	77
	77	81
	78	82
	79	83
	80	84
	81	85
	82	86
	30	32
	31	33
	32	34
	33	35
	34	36
	36	38
	37	39
	38	41
	39	42
	42	45
	46	49
	51	53
	52	54
	53	55
	54	56
	55	57
	56	58
	57	59
	59	62
	60	63
	62	66
net/minecraft/client/multiplayer/MultiPlayerGameMode	536	506
	515	485
	519	489
	523	493
	527	497
	531	501
	532	502
	535	505
	536	506
	64	66
	80	81
	81	82
	82	83
	85	86
	86	87
	89	90
	90	91
	91	92
	92	93
	95	96
	96	97
	98	100
	99	101
	100	102
	103	105
	107	109
	108	110
	111	113
	112	114
	113	115
	114	116
	117	119
	119	120
	120	121
	124	124
	125	125
	128	128
	129	129
	131	130
	132	131
	133	132
	139	135
	143	139
	144	140
	147	143
	148	144
	151	147
	152	148
	153	149
	157	150
	158	151
	159	152
	162	154
	163	155
	164	156
	168	157
	170	160
	171	161
	176	162
	177	163
	178	164
	179	165
	181	168
	182	169
	184	171
	185	172
	186	173
	187	174
	188	175
	189	176
	191	179
	194	183
	198	187
	199	188
	200	189
	204	190
	205	191
	206	192
	207	193
	208	194
	210	196
	213	199
	215	200
	216	201
	217	202
	220	205
	221	206
	222	207
	223	208
	227	209
	228	210
	229	211
	231	213
	234	216
	235	217
	237	218
	238	219
	239	220
	242	223
	244	224
	245	225
	246	228
	247	230
	251	240
	253	241
	254	242
	255	243
	259	244
	260	245
	261	246
	264	248
	265	249
	266	250
	269	253
	270	254
	271	256
	273	254
	277	261
	278	262
	279	263
	280	264
	282	266
	285	269
	287	270
	288	271
	290	273
	292	275
	297	278
	298	279
	302	283
	303	284
	304	285
	305	286
	307	288
	310	291
	312	292
	313	293
	316	296
	317	297
	318	298
	319	299
	322	301
	326	305
	327	306
	328	307
	329	308
	333	311
	334	312
	336	313
	337	314
	338	315
	339	316
	341	319
	342	322
	343	323
	345	326
	346	327
	347	328
	348	329
	353	334
	354	347
	358	335
	360	337
	362	338
	363	339
	364	340
	366	342
	368	345
	372	352
	373	353
	375	356
	376	357
	377	358
	378	359
	379	360
	380	361
	381	362
	382	363
	385	366
	388	367
	389	368
	390	369
	392	372
	393	373
	395	375
	399	379
	403	383
	407	387
	408	388
	409	389
	410	390
	411	391
	413	393
	416	396
	417	397
	418	398
	419	398
	421	398
	425	402
	426	403
	427	404
	428	405
	429	405
	431	405
	436	409
	437	410
	438	411
	439	435
	441	413
	442	414
	443	415
	444	417
	445	418
	448	421
	450	422
	451	424
	452	425
	453	426
	454	427
	455	428
	459	432
	460	435
	463	438
	464	439
	467	442
	468	443
	471	446
	472	447
	474	449
	477	452
	478	453
	480	455
	483	458
	484	459
	485	460
	486	461
	489	464
	493	468
	497	472
	506	476
	510	480
net/minecraft/client/gui/screens/GenericMessageScreen	48	48
	34	35
	39	40
	45	45
	46	46
	15	16
	47	47
	16	17
	48	48
	20	21
	21	22
	22	23
	26	27
	27	28
	28	29
	30	31
net/minecraft/client/gui/screens/options/UnsupportedGraphicsWarningScreen	81	81
	64	63
	65	64
	66	65
	67	66
	71	70
	79	79
	80	80
	81	81
	29	30
	30	31
	31	32
	32	33
	33	34
	37	38
	42	43
	43	44
	45	47
	47	48
	48	49
	50	50
	51	51
	53	52
	55	53
	56	55
	57	56
	58	57
	60	59
net/minecraft/client/renderer/entity/ItemRenderer	266	264
	258	257
	260	258
	261	260
	265	263
	266	264
	47	49
	48	50
	50	51
	65	58
	66	59
	68	60
	69	61
	78	75
	79	76
	80	77
	81	78
	83	80
	84	81
	85	82
	88	86
	89	87
	92	90
	97	94
	98	95
	99	97
	100	98
	101	99
	103	102
	104	103
	105	104
	108	116
	109	164
	112	117
	114	118
	116	121
	117	122
	118	123
	119	124
	120	125
	123	129
	125	130
	126	131
	127	159
	132	133
	133	134
	134	135
	136	137
	139	140
	142	142
	144	143
	145	144
	146	145
	147	146
	148	147
	150	150
	152	151
	153	152
	155	154
	159	157
	161	162
	162	164
	165	167
	169	171
	170	172
	171	172
	172	172
	175	173
	179	177
	180	178
	181	178
	186	183
	187	184
	188	185
	189	185
	190	185
	194	186
	195	186
	196	186
	199	188
	203	193
	204	194
	205	194
	206	194
	209	195
	213	199
	215	200
	217	202
	218	203
	219	204
	220	205
	223	208
	224	209
	225	210
	226	211
	227	212
	229	214
	234	218
	235	219
	236	220
	237	221
	239	223
	243	226
	245	227
	246	228
	250	241
	251	242
	254	256
	255	260
net/minecraft/client/gui/font/FontSet	205	192
	128	121
	132	122
	133	123
	135	126
	136	127
	140	132
	141	132
	144	132
	148	136
	152	140
	153	141
	26	28
	154	142
	155	143
	159	147
	163	151
	167	155
	168	156
	169	157
	170	158
	43	42
	44	43
	45	44
	174	162
	175	163
	48	47
	176	164
	49	48
	177	167
	50	49
	178	168
	179	169
	180	170
	53	52
	54	53
	182	171
	55	54
	56	55
	186	175
	59	58
	187	176
	188	176
	61	59
	62	60
	190	176
	63	61
	65	62
	66	63
	194	180
	67	64
	70	67
	198	184
	71	68
	72	70
	73	71
	74	72
	202	189
	75	73
	205	192
	79	77
	80	78
	81	79
	82	80
	83	81
	84	82
	85	83
	86	84
	91	89
	93	90
	98	95
	100	96
	103	99
	104	100
	106	103
	107	104
	110	107
	111	108
	112	112
	115	109
	116	110
	124	117
	126	119
	127	120
com/mojang/blaze3d/systems/RenderSystem	986	927
	46	46
	47	47
	48	48
	54	52
	57	54
	59	55
	60	56
	61	57
	62	58
	63	59
	64	60
	65	61
	66	62
	67	63
	68	64
	69	65
	70	66
	71	67
	72	68
	73	69
	74	70
	75	71
	79	74
	80	75
	82	76
	87	79
	89	80
	91	81
	93	83
	94	84
	95	85
	97	86
	101	88
	103	89
	109	93
	112	96
	113	97
	115	100
	116	101
	119	104
	123	108
	127	112
	128	115
	130	113
	134	118
	135	119
	137	121
	140	124
	144	128
	145	129
	148	132
	149	133
	150	134
	152	135
	153	136
	156	139
	161	143
	162	144
	165	145
	167	146
	168	147
	169	148
	172	151
	173	152
	174	153
	176	155
	181	158
	182	161
	183	161
	184	162
	185	161
	187	165
	188	166
	192	169
	193	170
	194	171
	197	174
	198	175
	201	178
	202	179
	203	180
	206	183
	207	184
	210	187
	211	188
	212	189
	215	192
	216	193
	217	194
	220	197
	221	198
	222	199
	226	202
	227	203
	228	204
	231	207
	232	208
	233	209
	236	212
	237	213
	238	214
	241	222
	242	223
	243	224
	246	227
	247	228
	248	229
	251	232
	252	233
	253	234
	256	237
	257	238
	258	239
	261	242
	262	243
	263	244
	267	247
	268	248
	269	249
	272	252
	273	253
	274	254
	277	257
	278	258
	279	259
	282	262
	283	263
	284	264
	287	267
	288	268
	289	269
	292	272
	293	273
	294	274
	297	277
	298	278
	299	279
	303	282
	304	283
	305	284
	308	287
	309	288
	312	291
	313	292
	316	295
	317	296
	320	299
	321	300
	324	303
	325	304
	329	307
	330	308
	331	309
	335	312
	336	313
	337	314
	340	317
	341	318
	342	319
	345	322
	346	323
	347	324
	351	327
	352	328
	355	331
	356	332
	359	335
	360	336
	361	337
	364	340
	365	341
	368	344
	369	345
	370	346
	373	349
	374	350
	378	354
	379	355
	382	358
	383	359
	384	360
	387	363
	388	364
	392	368
	393	369
	394	370
	397	373
	398	374
	402	378
	403	379
	404	380
	405	381
	406	382
	407	383
	410	386
	411	387
	414	390
	415	391
	419	395
	420	396
	421	397
	424	400
	425	401
	429	405
	430	406
	431	407
	432	408
	435	411
	436	412
	437	413
	439	416
	440	417
	442	419
	445	422
	446	423
	447	423
	448	423
	450	425
	452	427
	455	430
	456	431
	457	432
	458	433
	459	434
	462	437
	463	438
	467	442
	468	443
	469	444
	472	447
	473	448
	474	448
	475	448
	477	450
	479	452
	482	455
	483	456
	487	460
	488	461
	491	464
	492	465
	493	466
	496	469
	497	470
	498	471
	501	474
	505	478
	509	482
	513	486
	514	487
	515	488
	518	491
	519	492
	522	495
	523	496
	524	497
	527	500
	528	501
	532	505
	533	506
	534	507
	536	508
	537	509
	539	510
	541	511
	543	512
	544	513
	547	516
	548	517
	549	518
	550	520
	551	521
	552	522
	553	523
	554	524
	555	525
	558	529
	559	530
	562	533
	566	537
	567	538
	570	541
	571	542
	574	545
	575	546
	576	547
	579	550
	580	551
	581	552
	584	555
	585	556
	586	557
	589	560
	590	561
	591	562
	594	565
	595	566
	596	567
	599	570
	600	571
	601	572
	604	575
	605	576
	606	577
	609	580
	610	581
	611	582
	614	585
	615	586
	616	587
	619	590
	620	591
	621	592
	624	595
	625	596
	626	597
	629	600
	630	601
	631	602
	634	605
	635	606
	636	607
	639	610
	640	611
	641	612
	644	615
	645	616
	646	617
	649	620
	650	621
	651	622
	654	625
	655	626
	656	627
	659	630
	660	631
	661	632
	664	635
	665	636
	666	637
	669	640
	670	641
	671	642
	674	645
	675	646
	678	649
	679	650
	680	651
	682	654
	683	655
	685	657
	688	660
	689	661
	690	661
	691	661
	693	663
	695	665
	698	668
	699	669
	700	669
	701	669
	703	671
	705	673
	708	676
	709	677
	713	682
	714	684
	718	688
	719	689
	720	690
	721	698
	724	692
	725	693
	727	694
	728	695
	729	696
	730	698
	733	701
	734	702
	735	702
	736	702
	738	704
	740	706
	744	710
	745	711
	749	715
	750	716
	751	716
	752	716
	754	718
	756	720
	759	723
	760	724
	761	725
	762	726
	764	728
	767	731
	768	732
	769	732
	770	732
	772	734
	774	736
	777	739
	778	740
	780	742
	783	745
	784	746
	785	746
	787	746
	791	750
	792	751
	793	752
	794	753
	795	754
	796	755
	798	757
	799	758
	801	760
	804	763
	805	764
	806	765
	807	765
	808	765
	810	767
	812	769
	815	772
	816	773
	817	773
	818	773
	820	775
	822	777
	825	780
	826	781
	827	782
	828	782
	829	782
	831	784
	833	786
	836	789
	837	790
	838	790
	839	790
	841	792
	843	794
	846	797
	847	798
	848	799
	851	802
	852	803
	853	803
	854	803
	856	805
	858	807
	861	810
	862	811
	863	812
	866	815
	867	816
	871	820
	872	821
	876	825
	880	829
	881	830
	885	834
	886	836
	887	837
	888	838
	889	839
	894	844
	895	845
	896	846
	897	846
	898	846
	900	848
	902	850
	905	853
	906	854
	910	858
	911	859
	924	872
	925	873
	926	874
	927	875
	930	878
	934	882
	935	883
	937	886
	939	887
	940	888
	943	891
	944	914
	947	892
	948	893
	950	894
	951	895
	953	896
	954	897
	956	898
	958	899
	959	900
	960	901
	963	904
	965	905
	966	907
	967	908
	970	911
	972	912
	973	914
	976	917
	978	919
	981	922
	986	927
com/mojang/realmsclient/gui/screens/RealmsSubscriptionInfoScreen	169	168
	128	134
	129	135
	133	139
	135	140
	137	141
	138	142
	139	143
	141	144
	142	145
	143	146
	144	147
	147	150
	148	151
	151	154
	152	155
	153	156
	154	157
	29	30
	157	159
	158	160
	31	31
	159	161
	32	32
	160	162
	33	33
	34	34
	162	163
	35	35
	163	164
	36	36
	164	165
	37	37
	165	166
	38	38
	166	168
	167	168
	169	168
	50	48
	51	49
	52	50
	53	51
	54	52
	58	56
	60	57
	61	60
	63	60
	65	61
	67	65
	68	66
	69	70
	70	71
	72	75
	73	76
	74	78
	76	82
	80	85
	81	86
	85	90
	89	94
	93	98
	94	99
	95	100
	96	101
	99	105
	100	106
	101	108
	103	109
	104	110
	107	113
	109	116
	110	117
	111	118
	112	119
	113	120
	114	121
	115	122
	117	124
	120	127
	122	128
	123	129
net/minecraft/client/particle/BaseAshSmokeParticle	49	66
	10	30
	11	31
	12	32
	13	33
	15	34
	16	35
	17	36
	18	37
	19	38
	20	39
	21	40
	23	41
	24	42
	25	43
	26	44
	27	45
	29	46
	30	47
	31	48
	32	49
	33	50
	37	54
	42	59
	47	64
	48	65
	49	66
net/minecraft/client/renderer/block/model/BlockElementRotation	0	0
net/minecraft/client/gui/screens/CreateBuffetWorldScreen	144	133
	131	122
	136	127
	137	128
	143	132
	144	133
	29	31
	43	42
	44	43
	45	44
	47	45
	50	46
	51	47
	52	48
	56	52
	57	53
	61	57
	62	58
	63	59
	64	60
	66	61
	68	62
	69	63
	70	64
	71	65
	72	66
	73	67
	75	68
	77	69
	78	70
	79	71
	83	75
	84	76
	85	77
	88	80
	89	81
	93	86
	95	87
	97	88
	98	90
	99	91
	100	92
	101	93
	105	96
	107	97
	108	98
	110	101
	111	102
	118	110
	119	111
	121	112
	122	113
	123	114
	125	116
	127	118
net/minecraft/client/renderer/entity/layers/WardenEmissiveLayer	53	57
	33	39
	34	47
	37	40
	38	41
	39	42
	40	43
	41	44
	42	45
	43	47
	46	50
	47	51
	48	52
	49	53
	52	56
	53	57
	25	32
	26	33
	27	34
	28	35
	29	36
com/mojang/blaze3d/platform/Monitor	86	92
	65	71
	69	75
	73	79
	77	83
	81	87
	19	22
	20	23
	21	24
	22	25
	86	92
	25	28
	26	29
	27	31
	28	32
	29	33
	30	34
	31	35
	34	39
	35	40
	36	41
	37	42
	38	43
	39	44
	40	45
	41	46
	44	49
	45	50
	47	52
	48	53
	49	54
	53	59
	57	63
	61	67
com/mojang/blaze3d/audio/SoundBuffer	60	64
	20	20
	21	21
	22	22
	25	25
	26	26
	27	27
	29	30
	30	31
	31	32
	32	33
	33	34
	35	37
	36	38
	37	39
	39	42
	40	43
	41	44
	44	47
	48	51
	49	52
	50	53
	51	54
	54	58
	55	59
	58	62
	59	63
	60	64
net/minecraft/client/gui/font/FontTexture	132	128
	129	124
	130	125
	132	128
	23	24
	24	25
	25	26
	26	27
	27	28
	32	32
	36	36
	37	37
	41	41
	42	42
	45	44
	47	45
	48	46
	49	47
	51	48
	52	49
	56	50
	58	51
	60	54
	62	56
	64	57
	65	58
	66	59
	67	60
	71	63
	76	70
	77	71
	78	72
	92	87
	93	88
	94	89
	95	90
	96	91
	100	95
	101	96
	102	97
	103	98
	105	101
	108	103
	109	104
	111	107
	112	108
	114	109
	115	110
	117	113
	118	114
	119	115
	122	118
	123	119
	125	120
	126	121
	127	122
